record_id,data_source,gender,district,school_type,medium,math_grade,science_grade,english_grade,first_lang_grade,history_grade,religion_grade,basket_1_subject,basket_1_grade,basket_2_subject,basket_2_grade,basket_3_subject,basket_3_grade,has_sports,has_clubs_societies,has_coding_robotics,has_debating_media,has_music_performing_arts,has_visual_arts,has_volunteering_scouts,has_leadership_prefect,has_reading_writing,has_entrepreneurship,score_realistic,score_investigative,score_artistic,score_social,score_enterprising,score_conventional,preferred_career_domain,preferred_work_style,higher_education_interest,parental_influence_level,teacher_guidance_level,al_stream
STU-REAL-0001,real,Female,Sabaragamuwa,1AB Provincial School,Sinhala,C,S,A,B,B,C,Geography,C,Drama,B,Health_Science,C,0,0,0,0,0,0,0,1,0,0,3.0,4.0,5.0,4.0,3.0,3.0,Education,Hands-on Practical & Fieldwork,State University Degree (UGC Merit/District),2,5,Arts
STU-REAL-0002,real,Female,Sabaragamuwa,1AB National School,Sinhala,A,A,A,A,A,A,Commerce,B,Drama,A,Design_Tech,A,0,0,0,0,0,0,0,1,0,0,5.0,5.0,5.0,5.0,5.0,5.0,IT,Hands-on Practical & Fieldwork,State University Degree (UGC Merit/District),2,2,Technology
STU-REAL-0003,real,Male,Sabaragamuwa,1AB National School,Sinhala,A,B,B,A,A,A,Commerce,A,Drama,B,Design_Tech,A,0,0,1,0,0,1,0,0,0,0,3.0,4.0,4.0,3.0,4.0,3.0,IT,Hands-on Practical & Fieldwork,State University Degree (UGC Merit/District),3,2,Technology
STU-REAL-0004,real,Female,Sabaragamuwa,1AB National School,Sinhala,A,A,C,A,A,A,Commerce,A,Drama,A,Design_Tech,A,0,0,0,0,0,0,0,0,0,0,2.0,2.0,4.0,3.0,2.0,2.0,Medicine,Hands-on Practical & Fieldwork,State University Degree (UGC Merit/District),2,2,Biological Science
STU-REAL-0005,real,Male,Sabaragamuwa,1AB National School,Sinhala,C,W,S,C,C,S,Geography,C,Art,S,Health_Science,C,0,0,0,0,0,0,0,0,0,0,3.0,2.0,3.0,3.0,3.0,3.0,Finance,Hands-on Practical & Fieldwork,State University Degree (UGC Merit/District),2,2,Commerce
STU-REAL-0006,real,Female,Sabaragamuwa,1AB National School,Sinhala,A,B,B,A,A,A,Commerce,A,Drama,B,Design_Tech,A,0,0,0,0,0,0,0,0,0,0,2.0,3.0,5.0,5.0,3.0,3.0,Government service,Hands-on Practical & Fieldwork,State University Degree (UGC Merit/District),3,2,Commerce
STU-REAL-0007,real,Female,Sabaragamuwa,1AB National School,Sinhala,A,A,B,A,A,A,Commerce,A,Drama,A,Design_Tech,A,1,1,0,0,0,1,1,1,0,0,2.0,2.0,3.0,4.0,1.0,1.0,Law,Hands-on Practical & Fieldwork,State University Degree (UGC Merit/District),2,5,Arts
STU-REAL-0008,real,Male,Sabaragamuwa,1AB National School,Sinhala,B,B,C,C,S,A,Geography,C,Art,C,Health_Science,C,0,0,0,0,1,0,1,1,0,0,5.0,3.0,4.0,5.0,4.0,3.0,Business,Hands-on Practical & Fieldwork,State University Degree (UGC Merit/District),5,2,Technology
STU-REAL-0009,real,Male,Sabaragamuwa,1AB National School,Sinhala,B,A,S,B,B,A,Commerce,A,Art,C,Design_Tech,B,1,0,0,0,0,0,0,1,0,0,5.0,3.0,2.0,3.0,4.0,3.0,Engineering,Hands-on Practical & Fieldwork,State University Degree (UGC Merit/District),5,2,Technology
STU-REAL-0010,real,Female,Sabaragamuwa,1AB National School,Sinhala,C,S,C,C,C,B,Geography,C,Art,C,Health_Science,C,0,0,0,0,0,1,0,0,0,0,1.0,1.0,1.0,3.0,4.0,4.0,Education,Hands-on Practical & Fieldwork,State University Degree (UGC Merit/District),5,2,Technology
STU-REAL-0011,real,Female,Sabaragamuwa,1AB National School,Sinhala,A,B,B,A,A,A,Geography,C,Drama,B,Design_Tech,A,0,1,0,0,0,0,0,0,0,0,5.0,5.0,5.0,5.0,2.0,3.0,Education,Hands-on Practical & Fieldwork,State University Degree (UGC Merit/District),5,2,Technology
STU-REAL-0012,real,Female,Sabaragamuwa,1AB National School,Sinhala,B,C,B,B,A,C,Commerce,A,Art,S,Design_Tech,A,1,0,1,0,1,0,1,1,0,0,5.0,5.0,5.0,5.0,5.0,5.0,IT,Hands-on Practical & Fieldwork,State University Degree (UGC Merit/District),5,2,Technology
STU-REAL-0013,real,Female,Sabaragamuwa,1AB National School,Sinhala,A,A,A,A,A,A,Commerce,B,Art,C,Design_Tech,A,1,1,0,0,0,0,0,0,0,0,1.0,5.0,2.0,5.0,1.0,3.0,Not sure yet,Hands-on Practical & Fieldwork,State University Degree (UGC Merit/District),5,2,Biological Science
STU-REAL-0014,real,Female,Sabaragamuwa,1AB National School,Sinhala,B,B,B,B,B,B,Commerce,A,Drama,A,Design_Tech,B,0,0,0,1,1,0,0,0,0,0,5.0,3.0,5.0,3.0,5.0,2.0,Business,Hands-on Practical & Fieldwork,State University Degree (UGC Merit/District),3,2,Commerce
STU-REAL-0015,real,Female,Sabaragamuwa,1AB National School,Sinhala,C,C,C,B,C,A,Geography,C,Art,C,Design_Tech,A,1,0,1,0,1,1,0,1,0,0,5.0,2.0,5.0,5.0,5.0,5.0,Government service,Hands-on Practical & Fieldwork,State University Degree (UGC Merit/District),3,2,Arts
STU-REAL-0016,real,Female,Sabaragamuwa,1AB National School,Sinhala,C,S,C,C,S,A,Geography,C,Art,C,Design_Tech,B,0,0,1,0,0,0,0,1,0,0,2.0,3.0,2.0,3.0,3.0,3.0,IT,Hands-on Practical & Fieldwork,State University Degree (UGC Merit/District),2,2,Commerce
STU-REAL-0017,real,Female,Sabaragamuwa,1AB National School,Sinhala,C,S,C,C,C,B,Geography,C,Art,C,Health_Science,C,0,0,1,0,0,0,0,0,0,0,1.0,1.0,2.0,3.0,3.0,4.0,Education,Hands-on Practical & Fieldwork,State University Degree (UGC Merit/District),2,2,Technology
STU-REAL-0018,real,Female,Sabaragamuwa,1AB National School,Sinhala,A,A,B,B,A,A,Commerce,A,Drama,A,Design_Tech,A,1,0,0,0,0,1,1,1,0,0,5.0,5.0,5.0,5.0,5.0,5.0,Not sure yet,Hands-on Practical & Fieldwork,State University Degree (UGC Merit/District),5,2,Biological Science
STU-REAL-0019,real,Female,Sabaragamuwa,1AB National School,Sinhala,A,B,B,B,A,A,Commerce,A,Drama,A,Design_Tech,A,1,1,0,0,0,0,1,0,0,0,3.0,3.0,4.0,5.0,4.0,3.0,Not sure yet,Hands-on Practical & Fieldwork,State University Degree (UGC Merit/District),2,2,Biological Science
STU-REAL-0020,real,Female,Central,1AB Provincial School,Sinhala,C,A,A,S,S,A,Geography,C,Drama,A,Design_Tech,B,0,0,0,0,0,0,0,1,0,0,2.0,1.0,5.0,5.0,2.0,1.0,Medicine,Hands-on Practical & Fieldwork,State University Degree (UGC Merit/District),5,2,Biological Science
STU-REAL-0021,real,Male,Central,1AB Provincial School,Sinhala,W,S,C,A,A,W,Geography,C,Drama,A,Health_Science,S,1,0,0,0,0,0,0,1,0,0,5.0,5.0,3.0,4.0,2.0,5.0,IT,Hands-on Practical & Fieldwork,State University Degree (UGC Merit/District),5,2,Technology
STU-REAL-0022,real,Female,Southern,Private/Semi-Government,Sinhala,W,W,W,W,S,A,Commerce,B,Art,S,Design_Tech,B,0,1,0,0,0,0,0,0,0,0,3.0,2.0,4.0,3.0,1.0,2.0,Business,Hands-on Practical & Fieldwork,State University Degree (UGC Merit/District),2,2,Arts
STU-REAL-0023,real,Female,Central,1AB National School,Sinhala,A,A,A,W,B,W,Commerce,A,Art,S,Health_Science,C,0,0,0,0,0,0,0,0,0,0,1.0,4.0,5.0,3.0,5.0,1.0,Business,Hands-on Practical & Fieldwork,State University Degree (UGC Merit/District),2,5,Biological Science
STU-REAL-0024,real,Male,Central,Private/Semi-Government,Sinhala,A,B,W,W,A,C,Geography,C,Art,C,Health_Science,W,0,0,0,0,0,0,0,0,0,0,5.0,4.0,5.0,1.0,5.0,1.0,Not sure yet,Hands-on Practical & Fieldwork,State University Degree (UGC Merit/District),5,2,Arts
STU-REAL-0025,real,Female,Southern,1AB National School,Sinhala,W,A,S,B,B,S,Geography,W,Art,C,Design_Tech,A,0,0,0,0,1,1,0,0,0,0,4.0,5.0,1.0,5.0,5.0,3.0,Finance,Hands-on Practical & Fieldwork,State University Degree (UGC Merit/District),5,2,Technology
STU-REAL-0026,real,Male,Sabaragamuwa,1AB Provincial School,Sinhala,C,W,B,B,S,W,Geography,S,Drama,B,Health_Science,W,1,0,0,0,0,0,0,1,0,0,2.0,2.0,4.0,2.0,5.0,5.0,Government service,Hands-on Practical & Fieldwork,State University Degree (UGC Merit/District),5,2,Commerce
STU-REAL-0027,real,Female,Southern,1AB Provincial School,Sinhala,S,A,W,W,W,B,Commerce,A,Art,S,Health_Science,S,0,0,1,0,0,1,0,0,0,0,5.0,2.0,3.0,2.0,1.0,1.0,Law,Hands-on Practical & Fieldwork,State University Degree (UGC Merit/District),5,2,Technology
STU-REAL-0028,real,Male,Sabaragamuwa,Private/Semi-Government,Sinhala,B,C,S,B,B,B,Geography,S,Drama,B,Health_Science,W,0,0,0,0,0,0,0,1,0,0,1.0,5.0,1.0,1.0,2.0,5.0,Law,Hands-on Practical & Fieldwork,State University Degree (UGC Merit/District),5,2,Commerce
STU-REAL-0029,real,Female,Sabaragamuwa,1AB National School,Sinhala,C,A,A,W,A,S,Geography,C,Art,C,Health_Science,W,0,0,1,0,0,1,0,0,0,0,4.0,3.0,4.0,5.0,5.0,1.0,Government service,Hands-on Practical & Fieldwork,State University Degree (UGC Merit/District),5,2,Technology
STU-REAL-0030,real,Male,Central,1AB Provincial School,Sinhala,C,S,C,C,S,A,Commerce,B,Art,S,Design_Tech,B,0,0,0,0,0,0,0,0,0,0,5.0,5.0,3.0,5.0,1.0,5.0,IT,Hands-on Practical & Fieldwork,State University Degree (UGC Merit/District),2,2,Technology
STU-REAL-0031,real,Female,Uva,1AB Provincial School,Sinhala,B,A,A,C,W,C,Geography,W,Art,W,Design_Tech,B,0,1,0,0,0,0,0,0,0,0,5.0,3.0,2.0,5.0,5.0,1.0,Government service,Hands-on Practical & Fieldwork,State University Degree (UGC Merit/District),3,2,Commerce
STU-REAL-0032,real,Male,Sabaragamuwa,Private/Semi-Government,Sinhala,B,B,B,S,B,W,Commerce,A,Art,C,Health_Science,W,0,0,0,0,0,0,0,0,0,0,5.0,4.0,3.0,3.0,4.0,3.0,Medicine,Hands-on Practical & Fieldwork,State University Degree (UGC Merit/District),3,2,Biological Science
STU-REAL-0033,real,Male,Uva,1AB Provincial School,Sinhala,S,S,C,S,C,S,Commerce,A,Art,W,Health_Science,C,1,0,0,0,0,0,0,1,0,0,2.0,4.0,2.0,5.0,1.0,2.0,Education,Hands-on Practical & Fieldwork,State University Degree (UGC Merit/District),3,2,Arts
STU-REAL-0034,real,Female,Southern,1AB Provincial School,Sinhala,A,W,C,B,W,S,Geography,C,Art,W,Health_Science,C,0,0,0,0,1,1,0,0,0,0,1.0,3.0,1.0,5.0,4.0,3.0,Medicine,Hands-on Practical & Fieldwork,State University Degree (UGC Merit/District),2,2,Technology
STU-REAL-0035,real,Female,Central,Private/Semi-Government,Sinhala,W,C,B,A,W,B,Commerce,B,Drama,B,Design_Tech,B,0,1,0,0,0,0,0,0,0,0,4.0,5.0,4.0,4.0,5.0,3.0,Business,Hands-on Practical & Fieldwork,State University Degree (UGC Merit/District),3,2,Technology
STU-REAL-0036,real,Female,Southern,1AB Provincial School,Sinhala,S,W,C,S,A,A,Geography,S,Drama,B,Health_Science,W,0,0,0,0,1,1,0,0,0,0,5.0,4.0,5.0,3.0,2.0,2.0,Medicine,Hands-on Practical & Fieldwork,State University Degree (UGC Merit/District),5,2,Arts
STU-REAL-0037,real,Male,Uva,1AB Provincial School,Sinhala,S,B,S,W,A,W,Commerce,B,Art,C,Health_Science,S,0,1,0,0,0,0,0,0,0,0,1.0,4.0,2.0,4.0,3.0,4.0,Engineering,Hands-on Practical & Fieldwork,State University Degree (UGC Merit/District),5,2,Technology
STU-REAL-0038,real,Male,Southern,Private/Semi-Government,Sinhala,S,C,A,A,C,S,Geography,C,Art,S,Design_Tech,A,0,0,0,0,0,0,0,1,0,0,4.0,5.0,4.0,5.0,3.0,4.0,Education,Hands-on Practical & Fieldwork,State University Degree (UGC Merit/District),2,5,Commerce
STU-REAL-0039,real,Female,Central,Private/Semi-Government,Sinhala,B,S,A,W,A,C,Geography,C,Art,S,Health_Science,C,0,0,0,0,1,1,0,0,0,0,1.0,2.0,2.0,4.0,2.0,4.0,Engineering,Hands-on Practical & Fieldwork,State University Degree (UGC Merit/District),2,5,Arts
STU-REAL-0040,real,Male,Southern,1AB Provincial School,Sinhala,W,S,S,C,A,S,Commerce,B,Art,W,Health_Science,C,0,1,0,0,0,0,0,0,0,0,2.0,2.0,5.0,3.0,1.0,2.0,Not sure yet,Hands-on Practical & Fieldwork,State University Degree (UGC Merit/District),2,2,Biological Science
STU-REAL-0041,real,Male,Central,1AB National School,Sinhala,C,A,C,A,S,C,Commerce,B,Drama,B,Design_Tech,A,0,1,0,0,0,0,0,0,0,0,5.0,1.0,3.0,2.0,4.0,4.0,Medicine,Hands-on Practical & Fieldwork,State University Degree (UGC Merit/District),3,2,Technology
STU-REAL-0042,real,Male,Central,1AB Provincial School,Sinhala,C,S,B,B,W,C,Geography,C,Drama,A,Health_Science,S,0,0,0,0,0,0,0,0,0,0,5.0,1.0,5.0,3.0,2.0,2.0,Law,Hands-on Practical & Fieldwork,State University Degree (UGC Merit/District),5,2,Arts
STU-REAL-0043,real,Female,Central,1AB National School,Sinhala,B,C,A,B,B,B,Commerce,A,Drama,A,Health_Science,C,0,0,1,0,0,1,0,0,0,0,1.0,3.0,5.0,1.0,5.0,5.0,Government service,Hands-on Practical & Fieldwork,State University Degree (UGC Merit/District),2,5,Biological Science
STU-REAL-0044,real,Female,Uva,1AB National School,Sinhala,W,S,S,W,A,W,Geography,W,Drama,B,Design_Tech,A,0,0,0,0,0,0,0,0,0,0,4.0,5.0,4.0,2.0,4.0,3.0,Government service,Hands-on Practical & Fieldwork,State University Degree (UGC Merit/District),2,5,Arts
STU-REAL-0045,real,Female,Southern,1AB Provincial School,Sinhala,B,A,B,W,S,W,Geography,W,Art,S,Design_Tech,A,0,0,0,0,0,0,0,0,0,0,5.0,1.0,1.0,4.0,5.0,4.0,Medicine,Hands-on Practical & Fieldwork,State University Degree (UGC Merit/District),5,2,Arts
STU-REAL-0046,real,Male,Uva,Private/Semi-Government,Sinhala,W,S,B,C,A,C,Geography,C,Drama,B,Health_Science,C,0,0,0,0,0,0,0,1,0,0,2.0,4.0,1.0,4.0,2.0,3.0,Engineering,Hands-on Practical & Fieldwork,State University Degree (UGC Merit/District),2,5,Technology
STU-REAL-0047,real,Female,Uva,1AB National School,Sinhala,W,W,A,S,A,S,Geography,C,Art,W,Health_Science,C,0,1,0,0,0,0,0,0,0,0,1.0,5.0,5.0,5.0,1.0,5.0,Not sure yet,Hands-on Practical & Fieldwork,State University Degree (UGC Merit/District),2,2,Commerce
STU-REAL-0048,real,Male,Sabaragamuwa,1AB National School,Sinhala,B,C,B,B,S,C,Geography,C,Art,W,Health_Science,C,0,1,0,0,0,0,0,0,0,0,5.0,3.0,4.0,4.0,5.0,1.0,Engineering,Hands-on Practical & Fieldwork,State University Degree (UGC Merit/District),5,2,Arts
STU-REAL-0049,real,Male,Central,Private/Semi-Government,Sinhala,W,W,C,W,C,W,Geography,C,Art,W,Design_Tech,A,0,0,0,0,1,1,0,0,0,0,4.0,4.0,2.0,4.0,2.0,2.0,Government service,Hands-on Practical & Fieldwork,State University Degree (UGC Merit/District),5,2,Commerce
STU-REAL-0050,real,Female,Sabaragamuwa,Private/Semi-Government,Sinhala,W,C,A,A,S,S,Commerce,B,Drama,A,Design_Tech,B,1,0,0,0,0,0,0,1,0,0,5.0,3.0,1.0,1.0,5.0,2.0,Not sure yet,Hands-on Practical & Fieldwork,State University Degree (UGC Merit/District),3,2,Commerce
STU-REAL-0051,real,Male,Sabaragamuwa,1AB Provincial School,Sinhala,B,C,S,S,B,B,Geography,W,Art,W,Health_Science,C,0,0,0,0,0,0,0,0,0,0,1.0,4.0,2.0,2.0,2.0,5.0,Engineering,Hands-on Practical & Fieldwork,State University Degree (UGC Merit/District),5,2,Biological Science
STU-REAL-0052,real,Female,Uva,1AB Provincial School,Sinhala,A,W,W,W,B,C,Geography,W,Drama,B,Health_Science,S,0,0,0,0,0,0,0,0,0,0,1.0,1.0,1.0,2.0,4.0,5.0,Business,Hands-on Practical & Fieldwork,State University Degree (UGC Merit/District),3,2,Commerce
STU-REAL-0053,real,Female,Uva,1AB National School,Sinhala,C,A,B,W,A,W,Commerce,B,Drama,B,Health_Science,S,0,0,0,0,0,0,0,1,0,0,2.0,3.0,2.0,3.0,2.0,5.0,Law,Hands-on Practical & Fieldwork,State University Degree (UGC Merit/District),2,2,Arts
STU-REAL-0054,real,Female,Sabaragamuwa,1AB Provincial School,Sinhala,W,A,C,W,W,W,Commerce,B,Art,W,Design_Tech,A,1,0,0,0,0,0,0,1,0,0,1.0,3.0,4.0,1.0,5.0,4.0,Finance,Hands-on Practical & Fieldwork,State University Degree (UGC Merit/District),2,5,Biological Science
STU-REAL-0055,real,Male,Uva,1AB Provincial School,Sinhala,W,W,S,W,W,B,Commerce,A,Drama,B,Health_Science,C,0,1,0,0,0,0,0,0,0,0,2.0,4.0,4.0,2.0,3.0,4.0,IT,Hands-on Practical & Fieldwork,State University Degree (UGC Merit/District),3,2,Biological Science
STU-REAL-0056,real,Female,Uva,Private/Semi-Government,Sinhala,B,W,S,S,A,B,Geography,S,Drama,A,Health_Science,W,0,1,0,0,0,0,0,0,0,0,1.0,4.0,2.0,4.0,2.0,1.0,Finance,Hands-on Practical & Fieldwork,State University Degree (UGC Merit/District),2,2,Technology
STU-REAL-0057,real,Male,Central,Private/Semi-Government,Sinhala,S,B,C,C,C,A,Geography,W,Art,W,Health_Science,S,0,1,0,0,0,0,0,0,0,0,2.0,5.0,4.0,4.0,5.0,2.0,Medicine,Hands-on Practical & Fieldwork,State University Degree (UGC Merit/District),2,2,Biological Science
STU-REAL-0058,real,Female,Uva,1AB National School,Sinhala,S,A,W,C,W,C,Geography,S,Drama,B,Design_Tech,B,0,0,0,0,0,0,0,0,0,0,1.0,5.0,2.0,5.0,1.0,4.0,Education,Hands-on Practical & Fieldwork,State University Degree (UGC Merit/District),2,5,Arts
STU-REAL-0059,real,Male,Uva,Private/Semi-Government,Sinhala,S,W,A,A,A,C,Geography,W,Drama,A,Design_Tech,B,1,0,0,0,0,0,0,1,0,0,4.0,4.0,4.0,3.0,3.0,2.0,Government service,Hands-on Practical & Fieldwork,State University Degree (UGC Merit/District),2,5,Biological Science
STU-REAL-0060,real,Male,Sabaragamuwa,1AB Provincial School,Sinhala,C,S,S,W,S,C,Geography,W,Art,C,Health_Science,C,0,0,0,0,1,1,0,0,0,0,5.0,2.0,1.0,5.0,2.0,3.0,Education,Hands-on Practical & Fieldwork,State University Degree (UGC Merit/District),2,2,Commerce
STU-REAL-0061,real,Female,Uva,Private/Semi-Government,Sinhala,W,C,S,W,C,W,Geography,W,Art,C,Health_Science,S,0,0,0,0,0,0,0,0,0,0,3.0,3.0,5.0,4.0,2.0,5.0,Education,Hands-on Practical & Fieldwork,State University Degree (UGC Merit/District),2,5,Biological Science
STU-REAL-0062,real,Male,Central,1AB National School,Sinhala,W,B,B,W,S,A,Commerce,B,Art,C,Design_Tech,B,0,1,0,0,0,0,0,0,0,0,2.0,4.0,1.0,3.0,3.0,2.0,Not sure yet,Hands-on Practical & Fieldwork,State University Degree (UGC Merit/District),5,2,Arts
STU-REAL-0063,real,Male,Central,1AB National School,Sinhala,A,W,C,A,B,B,Commerce,A,Art,S,Design_Tech,A,0,0,0,0,0,0,0,1,0,0,2.0,3.0,2.0,4.0,1.0,2.0,Law,Hands-on Practical & Fieldwork,State University Degree (UGC Merit/District),3,2,Commerce
STU-REAL-0064,real,Female,Uva,1AB Provincial School,Sinhala,B,W,C,C,B,S,Geography,C,Art,C,Design_Tech,A,0,0,0,0,1,1,0,0,0,0,4.0,3.0,4.0,3.0,3.0,1.0,Not sure yet,Hands-on Practical & Fieldwork,State University Degree (UGC Merit/District),5,2,Biological Science
STU-REAL-0065,real,Male,Uva,Private/Semi-Government,Sinhala,A,S,S,W,C,W,Commerce,B,Art,C,Health_Science,C,0,0,1,0,0,1,0,0,0,0,5.0,5.0,1.0,1.0,4.0,1.0,Medicine,Hands-on Practical & Fieldwork,State University Degree (UGC Merit/District),2,2,Biological Science
STU-REAL-0066,real,Female,Central,Private/Semi-Government,Sinhala,B,W,B,A,S,B,Geography,S,Drama,B,Design_Tech,B,0,1,0,0,0,0,0,0,0,0,4.0,5.0,5.0,4.0,5.0,2.0,Education,Hands-on Practical & Fieldwork,State University Degree (UGC Merit/District),5,2,Technology
STU-REAL-0067,real,Male,Southern,Private/Semi-Government,Sinhala,C,B,W,A,C,C,Geography,S,Art,W,Design_Tech,A,1,0,0,0,0,0,0,1,0,0,3.0,5.0,1.0,2.0,4.0,5.0,Medicine,Hands-on Practical & Fieldwork,State University Degree (UGC Merit/District),5,2,Biological Science
STU-REAL-0068,real,Female,Uva,1AB National School,Sinhala,W,A,S,C,W,B,Geography,S,Art,W,Health_Science,W,0,1,0,0,0,0,0,0,0,0,4.0,3.0,4.0,3.0,5.0,2.0,Not sure yet,Hands-on Practical & Fieldwork,State University Degree (UGC Merit/District),2,2,Commerce
STU-REAL-0069,real,Female,Sabaragamuwa,Private/Semi-Government,Sinhala,A,S,W,C,B,B,Geography,C,Art,C,Health_Science,S,0,0,0,0,0,0,0,0,0,0,3.0,4.0,5.0,1.0,2.0,2.0,Medicine,Hands-on Practical & Fieldwork,State University Degree (UGC Merit/District),2,5,Commerce
STU-SYN-01179,synthetic,Female,Kurunegala,1C School,Sinhala,S,A,B,B,C,A,Geography,B,Music,C,Agriculture,S,0,0,0,1,0,0,1,1,1,0,3.33,5.0,1.74,4.75,2.33,3.87,Biomedical & Molecular Genetics,Team-based & Project-driven,Private/Foreign Affiliated University Degree,3,2,Biological Science
STU-SYN-00866,synthetic,Male,Gampaha,1AB Provincial School,Sinhala,B,B,C,S,A,B,ICT,A,Art,A,Agriculture,A,1,0,1,1,0,1,0,0,1,0,4.67,3.51,2.45,1.93,3.26,3.43,Applied Automotive & Mechanical Tech,Client-facing & Communicative,State University Technology/Applied Degree,4,3,Technology
STU-SYN-00102,synthetic,Female,Colombo,1AB National School,Sinhala,A,B,B,A,B,C,ICT,B,Art,B,Design_Tech,B,1,1,1,0,0,0,0,0,0,0,4.5,3.18,2.89,2.2,4.11,3.64,Cloud Infrastructure & Cybersecurity,Client-facing & Communicative,Professional Qualification (CA/CIMA/SLIIT/IESL/Attorney),3,3,Technology
STU-SYN-00440,synthetic,Male,Matara,1AB National School,Sinhala,C,A,A,B,A,A,ICT,A,Music,B,Agriculture,C,1,1,1,0,0,1,0,0,1,0,3.23,3.85,1.41,3.21,3.43,3.74,Mechanical & Aerospace Engineering,Client-facing & Communicative,State University Degree (UGC Merit/District),4,3,Physical Science
STU-SYN-00059,synthetic,Female,Jaffna,1AB National School,Sinhala,B,B,A,A,W,A,Commerce,C,Art,B,Health_Science,C,1,1,1,0,1,0,0,1,1,1,2.89,4.95,1.56,3.09,4.26,4.23,Business Management & Entrepreneurship,Hands-on Practical & Fieldwork,Professional Qualification (CA/CIMA/SLIIT/IESL/Attorney),2,4,Commerce
STU-SYN-01121,synthetic,Female,Kurunegala,1AB National School,Sinhala,B,C,A,B,A,A,Geography,A,Dancing,C,Home_Economics,A,0,0,0,1,0,1,1,1,1,0,2.11,2.86,5.0,4.17,3.18,2.89,Language Translation & Linguistics,Team-based & Project-driven,National Diploma / Vocational Higher Education (NVQ 5/6),3,3,Arts
STU-SYN-00324,synthetic,Male,Colombo,Private/Semi-Government,Sinhala,B,A,A,A,C,C,ICT,B,English Literature,B,Design_Tech,A,1,1,0,0,0,0,0,0,1,0,4.05,4.92,2.01,1.51,3.07,3.56,Software Engineering & AI,Hands-on Practical & Fieldwork,State University Degree (UGC Merit/District),3,2,Physical Science
STU-SYN-00975,synthetic,Male,Ratnapura,1AB Provincial School,Tamil,B,B,A,C,B,B,Geography,A,Art,A,Health_Science,B,0,1,1,0,0,1,1,1,0,0,2.87,4.69,1.93,4.73,2.75,3.48,Sustainable Agriculture & Forestry,"Structured, Routine & Detail-focused",Private/Foreign Affiliated University Degree,3,5,Biological Science
STU-SYN-00412,synthetic,Female,Badulla,1AB Provincial School,Sinhala,S,C,A,B,B,A,Geography,A,Art,A,Home_Economics,B,1,1,0,0,1,1,1,0,1,1,1.42,3.23,4.31,4.05,3.83,2.26,Journalism & Digital Mass Media,Hands-on Practical & Fieldwork,Professional Qualification (CA/CIMA/SLIIT/IESL/Attorney),2,3,Arts
STU-SYN-00856,synthetic,Female,Gampaha,1C School,Sinhala,A,B,A,B,B,A,ICT,B,English Literature,B,Health_Science,C,1,0,1,0,0,0,1,0,0,0,4.6,4.65,2.18,1.98,2.96,3.24,Data Science & Analytics,Team-based & Project-driven,State University Degree (UGC Merit/District),3,5,Physical Science
STU-SYN-00821,synthetic,Female,Jaffna,1AB Provincial School,Sinhala,C,B,A,A,B,C,Entrepreneurship Studies,A,Music,A,Design_Tech,B,1,1,0,0,0,0,0,1,0,1,1.79,3.62,2.4,3.54,4.87,4.85,International Trade & Logistics,Independent Analytical & Research,State University Technology/Applied Degree,1,4,Commerce
STU-SYN-00045,synthetic,Male,Mullaitivu,1C School,Tamil,C,C,C,A,A,A,ICT,B,Art,B,Agriculture,B,0,0,1,1,0,0,0,0,0,0,4.6,3.72,2.12,3.3,3.69,3.59,Cloud Infrastructure & Cybersecurity,Hands-on Practical & Fieldwork,Professional Qualification (CA/CIMA/SLIIT/IESL/Attorney),4,5,Technology
STU-SYN-00050,synthetic,Female,Gampaha,Type 2 School,Tamil,C,A,B,S,W,C,ICT,C,Art,A,Design_Tech,A,0,0,1,0,0,0,0,0,1,0,4.93,4.42,2.45,2.72,3.26,4.61,Applied Automotive & Mechanical Tech,"Structured, Routine & Detail-focused",State University Technology/Applied Degree,3,2,Technology
STU-SYN-00850,synthetic,Male,Galle,1AB Provincial School,Sinhala,C,A,C,B,C,A,ICT,B,Art,C,Design_Tech,B,1,1,0,0,0,0,0,0,0,0,3.84,3.69,3.86,2.42,4.0,4.63,"Robotics, Mechatronics & Automation","Structured, Routine & Detail-focused",State University Technology/Applied Degree,4,4,Technology
STU-SYN-00241,synthetic,Male,Hambantota,1AB Provincial School,Sinhala,A,S,A,C,C,C,Commerce,B,English Literature,C,Design_Tech,A,1,0,1,0,1,0,0,0,0,0,3.32,3.97,2.72,2.26,2.55,4.54,Software Engineering & AI,Independent Analytical & Research,Professional Qualification (CA/CIMA/SLIIT/IESL/Attorney),4,4,Physical Science
STU-SYN-00171,synthetic,Female,Matara,1AB National School,English,B,B,A,A,A,A,ICT,B,English Literature,A,Health_Science,A,0,1,1,1,0,0,0,0,1,0,4.31,3.48,2.5,4.21,3.13,3.63,Quantitative Finance & Actuarial,Independent Analytical & Research,National Diploma / Vocational Higher Education (NVQ 5/6),4,3,Physical Science
STU-SYN-00524,synthetic,Female,Gampaha,Type 2 School,Sinhala,B,A,B,B,A,A,Geography,B,Art,B,Health_Science,C,0,0,0,0,0,0,1,0,1,1,2.65,4.39,1.0,4.32,1.61,4.33,Veterinary Medicine,Independent Analytical & Research,State University Degree (UGC Merit/District),3,4,Biological Science
STU-SYN-00766,synthetic,Male,Matara,1AB Provincial School,Tamil,A,S,A,A,A,A,Second Language,A,Music,A,Home_Economics,B,1,1,0,0,1,1,1,0,1,0,1.76,3.88,4.58,4.11,4.24,1.96,Journalism & Digital Mass Media,Independent Analytical & Research,State University Technology/Applied Degree,5,5,Arts
STU-SYN-00839,synthetic,Male,Nuwara Eliya,1C School,Sinhala,A,C,S,B,C,B,ICT,A,Art,B,Agriculture,A,0,0,0,1,1,1,0,1,0,0,5.0,4.58,1.3,2.56,3.24,3.38,Biosystems & Industrial Food Tech,Team-based & Project-driven,Private/Foreign Affiliated University Degree,2,5,Technology
STU-SYN-00424,synthetic,Female,Mannar,1AB Provincial School,Tamil,B,C,A,A,A,A,Geography,A,Drama,C,Health_Science,B,0,1,1,1,0,1,0,1,1,0,1.51,3.26,4.18,4.63,3.51,2.95,"Law, Judiciary & Advocacy",Team-based & Project-driven,Professional Qualification (CA/CIMA/SLIIT/IESL/Attorney),3,2,Arts
STU-SYN-00381,synthetic,Male,Kalutara,Private/Semi-Government,Sinhala,C,A,B,B,B,A,ICT,S,Art,A,Design_Tech,A,1,0,0,1,0,0,0,0,0,0,5.0,3.41,2.27,2.03,2.83,3.55,Applied Automotive & Mechanical Tech,"Structured, Routine & Detail-focused",National Diploma / Vocational Higher Education (NVQ 5/6),3,3,Technology
STU-SYN-00610,synthetic,Female,Ratnapura,1AB National School,Sinhala,A,A,A,A,B,B,Commerce,A,Art,B,Design_Tech,B,1,0,0,0,0,0,1,1,1,1,1.79,2.63,2.97,2.32,5.0,4.76,Banking & Investment Management,Team-based & Project-driven,Private/Foreign Affiliated University Degree,4,4,Commerce
STU-SYN-00677,synthetic,Male,Colombo,1AB Provincial School,Sinhala,A,B,S,A,C,A,Commerce,S,Art,A,Health_Science,A,1,1,0,1,1,0,1,1,0,0,1.65,3.83,2.97,3.3,4.84,3.76,Corporate Law & Compliance,Team-based & Project-driven,Private/Foreign Affiliated University Degree,5,2,Commerce
STU-SYN-00345,synthetic,Female,Matara,1AB National School,Sinhala,A,A,A,A,A,A,ICT,C,Music,C,Design_Tech,A,1,0,1,0,1,0,0,0,1,0,4.36,4.35,1.88,3.06,2.28,3.07,Quantitative Finance & Actuarial,Independent Analytical & Research,State University Technology/Applied Degree,5,1,Physical Science
STU-SYN-00110,synthetic,Female,Monaragala,1AB National School,Tamil,B,W,A,B,B,B,ICT,C,Drama,B,Agriculture,B,0,1,1,0,0,0,0,0,0,0,4.32,4.0,2.45,2.52,3.38,3.01,Applied Automotive & Mechanical Tech,Client-facing & Communicative,Professional Qualification (CA/CIMA/SLIIT/IESL/Attorney),4,3,Technology
STU-SYN-00278,synthetic,Male,Colombo,1AB Provincial School,Sinhala,A,A,C,B,A,A,ICT,C,English Literature,B,Home_Economics,A,1,1,0,0,0,0,1,0,1,1,3.14,4.71,1.09,4.65,2.89,4.69,Sustainable Agriculture & Forestry,Client-facing & Communicative,State University Technology/Applied Degree,5,3,Biological Science
STU-SYN-00678,synthetic,Male,Kandy,1AB National School,Sinhala,A,A,S,B,C,S,ICT,C,Music,B,Health_Science,C,0,1,1,0,0,0,1,0,1,1,3.11,5.0,2.24,4.22,2.61,3.52,Biomedical & Molecular Genetics,"Structured, Routine & Detail-focused",National Diploma / Vocational Higher Education (NVQ 5/6),3,3,Biological Science
STU-SYN-00571,synthetic,Female,Polonnaruwa,1AB National School,Tamil,A,A,B,C,C,A,Commerce,A,Art,B,Home_Economics,C,0,0,0,0,0,1,1,0,1,0,1.1,3.78,2.34,2.66,4.62,5.0,Digital Marketing & Brand Strategy,Client-facing & Communicative,Professional Qualification (CA/CIMA/SLIIT/IESL/Attorney),3,3,Commerce
STU-SYN-00359,synthetic,Male,Kurunegala,Private/Semi-Government,Sinhala,B,A,B,C,A,A,ICT,A,English Literature,A,Health_Science,B,0,0,1,1,0,0,1,0,1,0,3.46,5.0,1.91,4.9,2.1,4.24,Pharmaceutical & Drug Development,Client-facing & Communicative,State University Technology/Applied Degree,3,4,Biological Science
STU-SYN-00599,synthetic,Female,Kurunegala,1AB Provincial School,Sinhala,C,B,B,A,B,A,Civics,A,Music,A,Agriculture,C,0,1,0,1,1,1,1,1,1,0,2.08,3.58,4.9,3.97,3.36,2.3,"Law, Judiciary & Advocacy",Independent Analytical & Research,Private/Foreign Affiliated University Degree,5,2,Arts
STU-SYN-00391,synthetic,Female,Colombo,1AB Provincial School,Tamil,C,B,B,S,C,B,ICT,A,Drama,A,Design_Tech,A,0,0,0,0,1,0,1,0,0,1,4.11,4.73,2.62,3.15,3.82,5.0,Cloud Infrastructure & Cybersecurity,"Structured, Routine & Detail-focused",Professional Qualification (CA/CIMA/SLIIT/IESL/Attorney),4,1,Technology
STU-SYN-00894,synthetic,Female,Badulla,1AB Provincial School,Sinhala,B,C,C,A,A,B,Civics,A,English Literature,B,Health_Science,A,1,1,0,1,1,1,0,0,1,1,1.79,3.99,4.8,5.0,3.42,2.74,Journalism & Digital Mass Media,Team-based & Project-driven,Private/Foreign Affiliated University Degree,4,1,Arts
STU-SYN-00693,synthetic,Female,Gampaha,1AB National School,Tamil,B,B,A,B,B,A,Commerce,A,Drama,A,Home_Economics,C,1,1,0,0,1,0,1,0,1,0,3.81,4.16,3.44,3.94,4.81,4.48,Banking & Investment Management,"Structured, Routine & Detail-focused",State University Technology/Applied Degree,3,3,Commerce
STU-SYN-00728,synthetic,Male,Kurunegala,1AB National School,Sinhala,B,A,C,B,A,B,Civics,B,Art,C,Agriculture,C,0,1,0,0,0,1,1,0,0,1,3.36,5.0,1.22,3.61,2.4,3.44,Sustainable Agriculture & Forestry,Team-based & Project-driven,State University Technology/Applied Degree,1,5,Biological Science
STU-SYN-00363,synthetic,Male,Badulla,1AB Provincial School,Tamil,C,A,B,C,B,A,Geography,A,Art,A,Design_Tech,A,0,1,1,1,0,0,1,1,0,0,5.0,5.0,1.27,1.94,2.41,4.15,Construction & Quantity Surveying Tech,"Structured, Routine & Detail-focused",State University Degree (UGC Merit/District),4,3,Technology
STU-SYN-00597,synthetic,Male,Kilinochchi,1C School,Tamil,C,A,C,A,B,A,ICT,B,Art,A,Design_Tech,C,1,1,1,1,0,0,0,0,1,1,5.0,4.1,2.33,1.43,3.22,3.93,Renewable Energy & Power Systems,Hands-on Practical & Fieldwork,State University Technology/Applied Degree,2,4,Technology
STU-SYN-00428,synthetic,Male,Batticaloa,1AB Provincial School,Sinhala,A,S,A,A,A,A,ICT,S,Art,B,Health_Science,B,0,1,0,1,1,0,1,1,0,1,4.78,5.0,3.46,2.53,3.45,4.15,Data Science & Analytics,Hands-on Practical & Fieldwork,National Diploma / Vocational Higher Education (NVQ 5/6),5,4,Physical Science
STU-SYN-00071,synthetic,Female,Anuradhapura,1AB National School,Tamil,B,A,A,C,B,A,Commerce,A,Drama,B,Home_Economics,C,0,0,0,0,0,0,0,1,0,1,2.09,3.85,1.77,2.58,5.0,4.37,Banking & Investment Management,Independent Analytical & Research,Private/Foreign Affiliated University Degree,4,3,Commerce
STU-SYN-00322,synthetic,Female,Ampara,Type 2 School,Sinhala,B,B,B,B,B,A,Commerce,A,Art,A,Design_Tech,B,1,1,1,0,0,1,0,0,1,0,4.36,3.39,2.58,2.44,3.02,3.64,Quantitative Finance & Actuarial,Independent Analytical & Research,Professional Qualification (CA/CIMA/SLIIT/IESL/Attorney),2,3,Physical Science
STU-SYN-00653,synthetic,Male,Matara,1AB Provincial School,Tamil,C,A,A,S,A,A,Geography,A,Art,B,Agriculture,C,1,1,0,0,0,1,1,0,1,0,3.81,4.47,2.63,4.16,3.0,3.53,Veterinary Medicine,Client-facing & Communicative,State University Degree (UGC Merit/District),5,3,Biological Science
STU-SYN-01066,synthetic,Female,Mullaitivu,1AB National School,Sinhala,B,B,B,B,A,B,ICT,C,English Literature,B,Design_Tech,A,1,0,1,0,1,0,1,1,0,1,4.32,4.2,2.53,2.42,2.57,3.54,Quantitative Finance & Actuarial,Team-based & Project-driven,Professional Qualification (CA/CIMA/SLIIT/IESL/Attorney),4,3,Physical Science
STU-SYN-00108,synthetic,Male,Monaragala,1AB Provincial School,Sinhala,B,C,C,B,B,A,Commerce,C,Music,C,Health_Science,A,0,1,0,0,1,0,0,1,1,1,1.95,3.27,2.06,2.95,4.03,4.36,International Trade & Logistics,Hands-on Practical & Fieldwork,Private/Foreign Affiliated University Degree,2,4,Commerce
STU-SYN-01109,synthetic,Female,Ratnapura,1C School,Sinhala,B,A,A,B,B,B,ICT,A,Art,C,Design_Tech,A,0,1,1,1,1,0,0,0,1,0,4.63,3.89,3.73,2.07,3.31,3.6,Cloud Infrastructure & Cybersecurity,"Structured, Routine & Detail-focused",State University Degree (UGC Merit/District),4,1,Technology
STU-SYN-00356,synthetic,Male,Matale,1AB National School,Sinhala,A,C,A,A,B,A,Geography,W,Drama,C,Home_Economics,C,0,0,0,1,0,0,0,1,1,1,2.19,4.85,4.65,4.44,4.65,1.67,"Law, Judiciary & Advocacy",Team-based & Project-driven,State University Technology/Applied Degree,3,3,Arts
STU-SYN-00951,synthetic,Female,Kurunegala,1C School,Sinhala,B,A,A,B,B,B,Civics,A,English Literature,S,Agriculture,A,1,1,0,0,0,0,1,1,1,1,3.05,4.76,2.17,4.48,2.98,3.03,Veterinary Medicine,Client-facing & Communicative,Professional Qualification (CA/CIMA/SLIIT/IESL/Attorney),3,5,Biological Science
STU-SYN-00343,synthetic,Male,Colombo,1C School,Sinhala,S,B,A,A,A,A,Civics,B,Music,C,Home_Economics,A,1,0,0,0,0,1,1,0,1,0,3.04,2.81,5.0,4.74,3.41,2.6,Journalism & Digital Mass Media,Client-facing & Communicative,Professional Qualification (CA/CIMA/SLIIT/IESL/Attorney),3,1,Arts
STU-SYN-00355,synthetic,Male,Monaragala,1AB National School,Sinhala,C,B,B,B,B,B,Geography,C,Music,B,Health_Science,B,1,0,0,0,1,1,1,1,1,1,4.11,4.26,1.73,3.94,2.37,4.42,Veterinary Medicine,Team-based & Project-driven,National Diploma / Vocational Higher Education (NVQ 5/6),3,5,Biological Science
STU-SYN-00024,synthetic,Female,Kegalle,1AB Provincial School,Tamil,S,A,A,B,C,A,Geography,A,Art,A,Health_Science,B,0,1,0,1,0,0,1,1,0,0,3.08,4.67,2.25,3.85,3.2,3.63,Biomedical & Molecular Genetics,Client-facing & Communicative,Private/Foreign Affiliated University Degree,2,2,Biological Science
STU-SYN-00044,synthetic,Male,Matale,1C School,Sinhala,A,A,B,A,C,C,ICT,C,Music,A,Health_Science,A,0,1,0,0,0,0,0,0,1,0,4.08,4.64,1.83,2.79,4.8,2.72,Electronics & Embedded Systems,Client-facing & Communicative,State University Technology/Applied Degree,1,2,Physical Science
STU-SYN-00244,synthetic,Female,Kandy,1AB Provincial School,English,A,A,B,A,A,C,Commerce,W,Music,B,Design_Tech,B,1,0,0,0,0,0,1,0,1,1,2.02,3.24,2.7,2.88,4.78,3.97,Digital Marketing & Brand Strategy,Independent Analytical & Research,Professional Qualification (CA/CIMA/SLIIT/IESL/Attorney),5,4,Commerce
STU-SYN-00738,synthetic,Female,Kandy,Type 2 School,Sinhala,A,A,B,A,B,C,Entrepreneurship Studies,B,Art,C,Home_Economics,A,0,0,1,1,0,0,1,0,0,1,2.66,3.43,2.27,4.31,5.0,4.85,Corporate Law & Compliance,Independent Analytical & Research,Private/Foreign Affiliated University Degree,2,2,Commerce
STU-SYN-01136,synthetic,Male,Colombo,1C School,Tamil,A,B,A,A,B,A,ICT,B,English Literature,A,Health_Science,B,1,0,1,1,0,0,0,1,1,0,4.2,3.98,2.8,2.54,3.53,4.37,Data Science & Analytics,Client-facing & Communicative,Private/Foreign Affiliated University Degree,4,3,Physical Science
STU-SYN-00368,synthetic,Male,Matara,1C School,Tamil,C,C,B,B,B,A,ICT,B,Drama,B,Design_Tech,B,1,0,0,0,1,1,1,0,0,0,5.0,4.96,2.31,3.31,3.39,4.68,Renewable Energy & Power Systems,"Structured, Routine & Detail-focused",Private/Foreign Affiliated University Degree,3,2,Technology
STU-SYN-00164,synthetic,Male,Kalutara,Private/Semi-Government,Sinhala,B,A,B,A,A,C,Commerce,B,Music,B,Home_Economics,A,0,0,0,1,0,0,0,0,1,1,2.79,3.31,2.45,2.56,4.52,5.0,Business Management & Entrepreneurship,Client-facing & Communicative,National Diploma / Vocational Higher Education (NVQ 5/6),3,3,Commerce
STU-SYN-01116,synthetic,Female,Trincomalee,1AB Provincial School,Sinhala,B,B,S,A,A,A,Second Language,A,Music,B,Agriculture,B,1,0,0,1,1,1,0,0,0,1,1.23,2.89,4.58,4.78,3.51,2.39,"Law, Judiciary & Advocacy",Team-based & Project-driven,National Diploma / Vocational Higher Education (NVQ 5/6),4,3,Arts
STU-SYN-00333,synthetic,Male,Matale,1AB National School,Tamil,A,A,A,A,B,B,Geography,S,Art,A,Design_Tech,B,0,0,0,0,1,0,1,0,1,0,3.83,5.0,2.28,2.55,3.49,3.37,Electronics & Embedded Systems,Hands-on Practical & Fieldwork,State University Technology/Applied Degree,3,3,Physical Science
STU-SYN-00989,synthetic,Male,Gampaha,1AB National School,Sinhala,S,B,C,A,B,A,ICT,A,Art,A,Health_Science,A,0,0,0,0,0,1,1,0,0,1,4.07,4.62,2.72,4.46,3.4,4.26,Medicine & Clinical Surgery,Client-facing & Communicative,State University Technology/Applied Degree,3,3,Biological Science
STU-SYN-01173,synthetic,Female,Colombo,1AB National School,Sinhala,B,A,C,S,B,B,Commerce,A,English Literature,C,Health_Science,A,1,1,1,1,1,0,0,0,0,1,4.58,4.65,1.79,3.7,3.05,3.2,Data Science & Analytics,Team-based & Project-driven,National Diploma / Vocational Higher Education (NVQ 5/6),3,3,Physical Science
STU-SYN-01002,synthetic,Male,Kurunegala,1AB Provincial School,Sinhala,B,A,C,A,C,A,Commerce,C,Art,C,Home_Economics,A,1,1,0,1,0,0,0,1,1,1,1.23,4.22,1.0,3.46,4.73,3.43,"Accounting, Audit & Taxation","Structured, Routine & Detail-focused",State University Technology/Applied Degree,4,5,Commerce
STU-SYN-00378,synthetic,Female,Puttalam,1C School,Tamil,S,C,A,A,A,A,Geography,C,English Literature,B,Health_Science,B,0,0,0,0,0,1,0,0,1,1,2.21,3.95,5.0,5.0,3.92,2.33,Language Translation & Linguistics,Client-facing & Communicative,National Diploma / Vocational Higher Education (NVQ 5/6),1,3,Arts
STU-SYN-00310,synthetic,Male,Matara,1AB National School,Sinhala,B,B,B,B,A,B,Entrepreneurship Studies,A,Drama,B,Health_Science,A,1,1,0,0,0,1,0,1,1,0,1.44,3.07,2.02,3.62,4.65,4.95,Banking & Investment Management,Client-facing & Communicative,Professional Qualification (CA/CIMA/SLIIT/IESL/Attorney),4,4,Commerce
STU-SYN-00156,synthetic,Female,Hambantota,1AB National School,Sinhala,A,A,C,B,B,B,Commerce,A,Music,B,Design_Tech,A,1,0,0,0,1,1,0,0,0,1,2.31,2.46,2.2,4.13,3.87,3.51,Banking & Investment Management,Team-based & Project-driven,State University Degree (UGC Merit/District),2,3,Commerce
STU-SYN-00211,synthetic,Male,Kandy,Private/Semi-Government,Sinhala,A,B,A,B,A,A,Entrepreneurship Studies,B,Drama,A,Design_Tech,A,1,0,0,0,0,0,0,1,1,0,5.0,3.39,1.76,2.22,3.5,2.68,"Robotics, Mechatronics & Automation",Independent Analytical & Research,Professional Qualification (CA/CIMA/SLIIT/IESL/Attorney),3,2,Technology
STU-SYN-00087,synthetic,Male,Hambantota,Type 2 School,Sinhala,A,C,A,B,B,A,Entrepreneurship Studies,A,Drama,C,Home_Economics,S,0,1,0,0,1,0,1,1,0,1,2.14,3.98,1.78,3.39,5.0,4.47,International Trade & Logistics,"Structured, Routine & Detail-focused",State University Degree (UGC Merit/District),3,3,Commerce
STU-SYN-00169,synthetic,Male,Anuradhapura,1AB Provincial School,Sinhala,B,S,B,B,C,B,Commerce,C,Art,C,Home_Economics,A,1,1,0,1,0,0,0,0,0,1,2.5,2.99,2.58,4.32,4.14,4.78,Corporate Law & Compliance,Hands-on Practical & Fieldwork,Private/Foreign Affiliated University Degree,5,3,Commerce
STU-SYN-00995,synthetic,Male,Hambantota,1AB Provincial School,Tamil,C,A,A,A,S,B,Commerce,A,English Literature,C,Health_Science,A,0,0,0,0,0,0,0,0,0,1,5.0,4.56,2.68,2.41,2.93,3.09,Software Engineering & AI,Independent Analytical & Research,State University Technology/Applied Degree,4,3,Physical Science
STU-SYN-00052,synthetic,Female,Colombo,1AB Provincial School,Sinhala,C,S,A,C,A,C,Commerce,S,Drama,A,Health_Science,C,1,1,0,0,1,1,1,1,0,1,1.94,3.64,2.07,3.78,4.9,3.1,Digital Marketing & Brand Strategy,Team-based & Project-driven,Professional Qualification (CA/CIMA/SLIIT/IESL/Attorney),4,3,Commerce
STU-SYN-00439,synthetic,Male,Kegalle,1AB Provincial School,Sinhala,A,A,B,A,A,A,Commerce,A,English Literature,C,Design_Tech,A,0,0,0,1,0,1,1,0,1,0,3.11,5.0,2.45,1.17,2.88,4.18,Data Science & Analytics,Team-based & Project-driven,State University Technology/Applied Degree,2,3,Physical Science
STU-SYN-00550,synthetic,Male,Galle,1C School,Sinhala,C,C,C,A,A,A,Geography,B,Music,B,Home_Economics,B,0,0,0,0,1,1,0,1,0,1,1.88,3.16,5.0,4.86,3.91,1.8,Psychology & Social Work,"Structured, Routine & Detail-focused",Private/Foreign Affiliated University Degree,5,2,Arts
STU-SYN-00491,synthetic,Male,Kegalle,1AB National School,Sinhala,C,B,A,A,A,B,Civics,B,Art,A,Home_Economics,A,1,0,0,1,0,0,0,0,1,0,1.33,3.45,4.1,4.38,4.18,2.59,Journalism & Digital Mass Media,Client-facing & Communicative,Private/Foreign Affiliated University Degree,5,3,Arts
STU-SYN-00426,synthetic,Female,Kurunegala,1AB Provincial School,Sinhala,B,C,S,A,C,C,ICT,B,English Literature,S,Agriculture,W,0,0,0,0,0,0,1,0,1,1,3.15,5.0,2.11,4.06,2.42,2.87,Veterinary Medicine,Client-facing & Communicative,State University Technology/Applied Degree,3,4,Biological Science
STU-SYN-00136,synthetic,Male,Gampaha,1AB Provincial School,Sinhala,C,B,A,A,C,B,Geography,B,Art,A,Aquatic_Resources,A,1,0,1,0,0,0,0,0,0,0,4.85,3.83,2.85,1.74,3.36,3.49,"Robotics, Mechatronics & Automation",Team-based & Project-driven,State University Degree (UGC Merit/District),5,3,Technology
STU-SYN-01192,synthetic,Male,Jaffna,1AB Provincial School,Sinhala,A,A,B,A,S,C,Geography,B,Art,B,Health_Science,B,0,0,1,1,1,0,0,1,0,0,3.55,4.35,2.2,3.73,1.9,5.0,Pharmaceutical & Drug Development,Hands-on Practical & Fieldwork,National Diploma / Vocational Higher Education (NVQ 5/6),3,3,Biological Science
STU-SYN-00055,synthetic,Female,Colombo,1AB Provincial School,Sinhala,W,C,A,A,C,A,Second Language,B,English Literature,A,Home_Economics,A,0,1,0,1,0,1,1,0,1,0,2.36,3.61,4.37,4.37,3.56,1.77,"Law, Judiciary & Advocacy",Hands-on Practical & Fieldwork,State University Degree (UGC Merit/District),5,3,Arts
STU-SYN-00079,synthetic,Male,Colombo,Private/Semi-Government,Tamil,A,C,C,S,A,B,ICT,A,English Literature,B,Health_Science,A,0,1,0,0,1,0,0,1,1,1,3.79,3.83,2.76,2.2,2.98,3.72,Civil & Structural Engineering,"Structured, Routine & Detail-focused",National Diploma / Vocational Higher Education (NVQ 5/6),4,3,Physical Science
STU-SYN-00431,synthetic,Female,Jaffna,1C School,Sinhala,B,S,A,B,A,B,Civics,B,English Literature,A,Health_Science,A,0,1,0,1,1,1,1,1,0,0,4.1,4.95,2.2,4.11,2.84,3.91,Sustainable Agriculture & Forestry,Independent Analytical & Research,State University Technology/Applied Degree,3,4,Biological Science
STU-SYN-00185,synthetic,Female,Kegalle,1AB National School,Sinhala,C,S,B,C,A,B,Civics,B,English Literature,B,Health_Science,A,1,0,1,1,1,1,1,0,1,0,1.49,2.63,4.44,3.5,3.26,2.91,UI/UX Design & Creative Direction,Independent Analytical & Research,Professional Qualification (CA/CIMA/SLIIT/IESL/Attorney),4,3,Arts
STU-SYN-00057,synthetic,Male,Gampaha,1AB Provincial School,Tamil,C,W,C,B,B,A,ICT,C,Music,C,Health_Science,C,1,1,1,0,0,0,1,1,1,0,3.47,5.0,2.15,4.83,3.28,3.16,Pharmaceutical & Drug Development,Team-based & Project-driven,National Diploma / Vocational Higher Education (NVQ 5/6),4,1,Biological Science
STU-SYN-00943,synthetic,Female,Anuradhapura,1AB Provincial School,Tamil,C,B,A,A,A,B,Second Language,A,Music,B,Agriculture,A,1,1,0,0,1,1,1,0,1,1,2.01,3.76,4.4,4.43,3.61,2.79,Psychology & Social Work,"Structured, Routine & Detail-focused",Private/Foreign Affiliated University Degree,4,3,Arts
STU-SYN-00851,synthetic,Male,Matara,1C School,Sinhala,A,A,S,B,A,S,Commerce,B,English Literature,A,Agriculture,C,0,1,1,1,0,0,0,1,1,1,4.66,4.37,1.83,2.79,3.02,4.18,Mechanical & Aerospace Engineering,Independent Analytical & Research,Private/Foreign Affiliated University Degree,5,5,Physical Science
STU-SYN-01164,synthetic,Female,Kegalle,1C School,Tamil,A,A,A,B,B,A,Commerce,S,Art,B,Health_Science,C,1,0,1,0,0,1,1,1,1,1,4.42,4.46,2.74,3.29,3.8,4.45,Electronics & Embedded Systems,Hands-on Practical & Fieldwork,Private/Foreign Affiliated University Degree,2,3,Physical Science
STU-SYN-00219,synthetic,Female,Kegalle,1C School,Sinhala,A,A,S,B,C,A,ICT,C,Art,B,Agriculture,B,0,1,1,0,0,1,0,1,0,0,2.96,4.31,2.4,1.0,2.66,4.31,Data Science & Analytics,Team-based & Project-driven,Private/Foreign Affiliated University Degree,2,3,Physical Science
STU-SYN-00845,synthetic,Female,Nuwara Eliya,1C School,Sinhala,A,B,C,C,C,B,Commerce,B,Music,B,Health_Science,C,1,1,1,0,1,1,0,0,1,0,4.37,4.04,1.79,2.22,3.41,3.33,Civil & Structural Engineering,Independent Analytical & Research,Professional Qualification (CA/CIMA/SLIIT/IESL/Attorney),3,4,Physical Science
STU-SYN-00114,synthetic,Male,Anuradhapura,1AB National School,Sinhala,C,A,A,B,C,A,Entrepreneurship Studies,B,Drama,A,Design_Tech,A,0,1,0,0,0,0,0,0,0,0,5.0,4.08,2.61,2.82,3.2,3.4,"Robotics, Mechatronics & Automation",Hands-on Practical & Fieldwork,National Diploma / Vocational Higher Education (NVQ 5/6),4,1,Technology
STU-SYN-00549,synthetic,Female,Ratnapura,Type 2 School,Sinhala,A,A,A,B,C,S,Entrepreneurship Studies,B,Art,B,Design_Tech,C,0,0,1,0,0,0,1,0,1,1,1.23,4.15,2.59,3.26,4.36,5.0,Digital Marketing & Brand Strategy,Independent Analytical & Research,Professional Qualification (CA/CIMA/SLIIT/IESL/Attorney),4,3,Commerce
STU-SYN-01019,synthetic,Female,Hambantota,1AB Provincial School,Sinhala,B,B,B,A,A,B,ICT,A,Art,B,Design_Tech,C,1,1,0,1,1,0,0,0,1,1,3.36,4.22,2.56,3.37,4.5,4.37,Corporate Law & Compliance,Independent Analytical & Research,State University Degree (UGC Merit/District),3,3,Commerce
STU-SYN-01073,synthetic,Male,Anuradhapura,1AB National School,Sinhala,A,B,A,B,C,A,Geography,A,Music,A,Agriculture,B,0,1,0,0,1,0,1,0,1,0,2.17,4.4,2.44,5.0,3.06,3.23,Veterinary Medicine,Client-facing & Communicative,Professional Qualification (CA/CIMA/SLIIT/IESL/Attorney),4,3,Biological Science
STU-SYN-00175,synthetic,Male,Colombo,1AB National School,Tamil,A,B,A,B,B,B,ICT,S,Art,S,Design_Tech,C,0,1,1,0,0,0,0,0,0,0,3.54,5.0,2.12,3.54,3.15,3.68,Software Engineering & AI,"Structured, Routine & Detail-focused",National Diploma / Vocational Higher Education (NVQ 5/6),3,2,Physical Science
STU-SYN-01023,synthetic,Female,Gampaha,1AB Provincial School,Sinhala,A,A,A,A,S,S,Geography,C,Music,C,Agriculture,A,1,1,1,0,0,0,0,0,1,0,3.7,4.38,3.78,2.2,3.57,3.45,Electronics & Embedded Systems,Team-based & Project-driven,State University Degree (UGC Merit/District),4,3,Physical Science
STU-SYN-00616,synthetic,Female,Galle,1AB National School,Sinhala,A,B,B,B,C,B,Entrepreneurship Studies,B,Art,C,Design_Tech,A,1,1,1,0,0,0,1,1,0,0,5.0,3.87,2.59,1.21,3.85,4.45,Biosystems & Industrial Food Tech,Hands-on Practical & Fieldwork,National Diploma / Vocational Higher Education (NVQ 5/6),4,2,Technology
STU-SYN-00514,synthetic,Male,Ratnapura,Private/Semi-Government,Sinhala,A,A,S,A,S,A,Commerce,A,English Literature,W,Agriculture,B,0,1,0,1,0,1,0,1,1,0,4.29,4.13,2.08,2.12,3.25,3.87,Mechanical & Aerospace Engineering,"Structured, Routine & Detail-focused",National Diploma / Vocational Higher Education (NVQ 5/6),5,4,Physical Science
STU-SYN-00462,synthetic,Male,Hambantota,1AB Provincial School,Sinhala,B,B,C,B,B,B,ICT,C,Music,C,Agriculture,B,1,1,0,1,0,1,0,1,0,1,4.24,4.44,3.09,2.25,2.99,3.64,"Robotics, Mechatronics & Automation",Team-based & Project-driven,State University Degree (UGC Merit/District),4,3,Technology
STU-SYN-00287,synthetic,Female,Nuwara Eliya,1C School,Sinhala,B,A,A,A,S,B,Geography,B,Music,S,Health_Science,A,0,0,0,0,0,0,1,1,0,0,2.85,5.0,2.5,3.83,2.09,3.08,Sustainable Agriculture & Forestry,Independent Analytical & Research,State University Degree (UGC Merit/District),2,3,Biological Science
STU-SYN-00382,synthetic,Male,Kandy,1AB Provincial School,Sinhala,A,A,C,B,A,B,Civics,C,English Literature,C,Agriculture,S,0,1,1,1,0,0,1,0,1,0,3.57,4.65,2.65,4.03,4.16,4.02,Pharmaceutical & Drug Development,Hands-on Practical & Fieldwork,Private/Foreign Affiliated University Degree,3,3,Biological Science
STU-SYN-01008,synthetic,Male,Hambantota,1C School,Tamil,A,B,A,B,S,A,ICT,S,Music,A,Agriculture,A,0,1,0,0,0,0,1,1,0,0,3.39,5.0,2.19,4.52,3.15,3.12,Medicine & Clinical Surgery,Team-based & Project-driven,State University Technology/Applied Degree,2,5,Biological Science
STU-SYN-00671,synthetic,Male,Kandy,1AB National School,Sinhala,B,B,A,C,C,A,Commerce,B,Art,S,Home_Economics,C,1,0,0,0,0,0,0,1,0,1,2.2,3.72,2.76,3.39,5.0,4.95,International Trade & Logistics,"Structured, Routine & Detail-focused",State University Degree (UGC Merit/District),5,5,Commerce
STU-SYN-00535,synthetic,Male,Galle,1AB National School,Sinhala,B,B,B,B,B,A,ICT,A,Art,B,Design_Tech,A,1,0,0,0,0,0,0,0,1,0,5.0,4.69,2.76,3.19,3.43,4.71,"Robotics, Mechatronics & Automation",Independent Analytical & Research,State University Degree (UGC Merit/District),1,2,Technology
STU-SYN-00910,synthetic,Male,Galle,1AB Provincial School,Sinhala,B,A,B,B,B,B,ICT,C,English Literature,B,Design_Tech,A,1,0,0,1,0,0,0,1,0,1,4.0,3.21,2.09,2.43,3.07,3.3,Software Engineering & AI,Client-facing & Communicative,Professional Qualification (CA/CIMA/SLIIT/IESL/Attorney),3,4,Physical Science
STU-SYN-00293,synthetic,Female,Gampaha,1C School,Sinhala,C,B,S,A,A,A,Second Language,A,Dancing,B,Home_Economics,A,0,0,0,1,0,1,1,0,1,0,2.4,3.33,4.99,4.81,3.97,2.69,Psychology & Social Work,"Structured, Routine & Detail-focused",State University Technology/Applied Degree,5,3,Arts
STU-SYN-00124,synthetic,Male,Kalutara,1AB National School,Sinhala,A,A,B,C,A,A,ICT,A,Music,C,Agriculture,C,1,1,1,1,0,1,1,0,0,0,2.95,5.0,1.73,4.02,3.0,4.58,Public Health & Nutrition,Team-based & Project-driven,State University Degree (UGC Merit/District),4,3,Biological Science
STU-SYN-00583,synthetic,Male,Ratnapura,1C School,Sinhala,C,B,C,A,A,B,Geography,C,Music,B,Home_Economics,A,0,1,0,1,1,1,0,1,1,0,1.77,3.13,4.73,4.81,3.71,2.37,Psychology & Social Work,Client-facing & Communicative,Private/Foreign Affiliated University Degree,2,4,Arts
STU-SYN-00141,synthetic,Female,Badulla,Type 2 School,English,C,B,B,B,B,A,Entrepreneurship Studies,C,Art,B,Agriculture,C,0,1,0,0,0,0,0,0,1,1,4.46,3.57,3.53,2.5,4.56,4.57,"Robotics, Mechatronics & Automation",Client-facing & Communicative,Professional Qualification (CA/CIMA/SLIIT/IESL/Attorney),3,1,Technology
STU-SYN-00736,synthetic,Female,Polonnaruwa,1C School,Sinhala,S,A,A,A,A,B,ICT,B,Drama,A,Agriculture,C,0,1,0,0,0,0,0,1,0,0,5.0,3.11,2.13,1.76,3.47,3.98,Biosystems & Industrial Food Tech,Independent Analytical & Research,State University Degree (UGC Merit/District),5,3,Technology
STU-SYN-00082,synthetic,Female,Mannar,1AB Provincial School,Sinhala,B,B,S,A,B,B,ICT,A,Art,A,Design_Tech,A,1,1,0,0,1,0,0,1,0,0,3.91,4.37,2.27,3.04,2.89,3.35,Software Engineering & AI,Client-facing & Communicative,Private/Foreign Affiliated University Degree,5,4,Physical Science
STU-SYN-00882,synthetic,Male,Gampaha,1C School,Sinhala,A,A,C,A,B,B,ICT,B,Music,A,Agriculture,A,1,1,0,0,1,0,1,0,0,0,3.14,4.42,1.79,5.0,2.65,4.19,Biomedical & Molecular Genetics,Hands-on Practical & Fieldwork,State University Degree (UGC Merit/District),5,2,Biological Science
STU-SYN-00740,synthetic,Female,Kurunegala,1AB Provincial School,Sinhala,A,A,C,C,B,C,Commerce,B,Music,B,Home_Economics,A,1,1,1,0,0,0,0,0,1,1,1.89,4.0,1.97,3.48,4.26,5.0,International Trade & Logistics,"Structured, Routine & Detail-focused",Private/Foreign Affiliated University Degree,5,3,Commerce
STU-SYN-01102,synthetic,Female,Mullaitivu,1AB Provincial School,Sinhala,B,C,B,C,B,C,ICT,C,Drama,A,Design_Tech,A,0,0,0,0,0,0,0,0,0,1,4.07,5.0,2.44,2.83,3.65,3.79,Construction & Quantity Surveying Tech,Hands-on Practical & Fieldwork,Private/Foreign Affiliated University Degree,4,1,Technology
STU-SYN-00909,synthetic,Female,Jaffna,1AB Provincial School,Sinhala,B,B,B,C,B,C,ICT,A,Art,S,Design_Tech,A,0,1,0,1,0,0,0,0,1,1,4.24,4.98,2.76,2.32,4.01,3.36,Quantitative Finance & Actuarial,"Structured, Routine & Detail-focused",National Diploma / Vocational Higher Education (NVQ 5/6),3,3,Physical Science
STU-SYN-01167,synthetic,Male,Kalutara,1AB National School,Tamil,A,B,B,B,B,B,ICT,B,Drama,A,Design_Tech,A,1,0,0,1,1,0,0,1,0,1,2.04,2.72,1.77,3.46,3.7,4.06,"Accounting, Audit & Taxation",Team-based & Project-driven,State University Degree (UGC Merit/District),3,3,Commerce
STU-SYN-00937,synthetic,Male,Kegalle,1AB National School,Tamil,B,A,A,B,A,A,Civics,S,Art,A,Health_Science,B,1,1,0,1,1,0,0,0,0,0,3.78,4.41,2.36,5.0,2.24,2.68,Public Health & Nutrition,Client-facing & Communicative,Professional Qualification (CA/CIMA/SLIIT/IESL/Attorney),3,1,Biological Science
STU-SYN-00372,synthetic,Male,Nuwara Eliya,1C School,Tamil,B,A,S,B,A,B,Geography,A,Music,B,Home_Economics,A,1,0,0,0,0,1,1,0,1,0,2.15,4.16,5.0,4.09,2.54,3.39,UI/UX Design & Creative Direction,Independent Analytical & Research,Private/Foreign Affiliated University Degree,4,3,Arts
STU-SYN-00890,synthetic,Male,Gampaha,1AB Provincial School,Sinhala,A,A,A,A,A,A,Geography,B,English Literature,A,Design_Tech,S,1,0,1,0,0,0,0,1,0,0,3.45,5.0,2.53,2.26,2.95,4.73,Software Engineering & AI,Client-facing & Communicative,State University Degree (UGC Merit/District),4,2,Physical Science
STU-SYN-00157,synthetic,Male,Kalutara,1AB National School,Sinhala,S,B,B,C,A,B,Commerce,A,Art,C,Design_Tech,B,1,0,0,0,0,1,1,1,0,1,1.87,4.46,2.31,3.57,4.33,5.0,Banking & Investment Management,"Structured, Routine & Detail-focused",Private/Foreign Affiliated University Degree,4,2,Commerce
STU-SYN-00992,synthetic,Female,Puttalam,1AB Provincial School,Tamil,B,C,C,B,A,A,Civics,B,English Literature,B,Home_Economics,B,0,0,0,1,1,1,0,0,1,0,2.48,4.08,4.88,3.27,4.31,2.63,Psychology & Social Work,Hands-on Practical & Fieldwork,State University Degree (UGC Merit/District),4,3,Arts
STU-SYN-00622,synthetic,Female,Matara,1AB Provincial School,Sinhala,A,A,A,A,B,A,Geography,A,English Literature,A,Health_Science,C,0,1,1,0,1,0,0,1,1,0,3.56,4.96,2.87,3.95,3.54,3.52,Pharmaceutical & Drug Development,Team-based & Project-driven,Professional Qualification (CA/CIMA/SLIIT/IESL/Attorney),5,4,Biological Science
STU-SYN-01038,synthetic,Female,Badulla,Private/Semi-Government,Tamil,A,B,A,B,B,B,ICT,B,Drama,S,Design_Tech,B,1,1,1,0,1,0,0,1,0,1,3.04,4.14,2.91,4.73,3.61,5.0,Business Management & Entrepreneurship,Independent Analytical & Research,State University Degree (UGC Merit/District),1,1,Commerce
STU-SYN-00245,synthetic,Female,Kilinochchi,1C School,Sinhala,B,A,A,B,S,A,ICT,A,Art,A,Health_Science,A,1,1,0,0,1,0,1,1,1,0,2.77,5.0,3.6,4.67,2.45,2.21,Public Health & Nutrition,Independent Analytical & Research,State University Degree (UGC Merit/District),4,1,Biological Science
STU-SYN-00159,synthetic,Male,Colombo,1C School,Sinhala,A,B,A,B,C,A,Geography,A,Music,B,Health_Science,W,0,1,0,0,1,1,1,0,1,0,3.91,4.28,2.08,3.62,2.48,3.45,Public Health & Nutrition,Hands-on Practical & Fieldwork,State University Degree (UGC Merit/District),4,3,Biological Science
STU-SYN-00746,synthetic,Female,Colombo,1AB National School,Sinhala,C,B,A,A,B,B,ICT,A,Drama,B,Agriculture,B,1,0,1,0,1,0,0,0,1,1,4.47,4.43,2.58,2.58,4.03,3.44,"Robotics, Mechatronics & Automation",Independent Analytical & Research,Professional Qualification (CA/CIMA/SLIIT/IESL/Attorney),5,5,Technology
STU-SYN-00193,synthetic,Male,Kandy,1AB National School,Sinhala,B,B,B,C,B,B,Commerce,A,Art,B,Home_Economics,C,0,1,0,0,0,0,0,0,1,0,2.88,3.97,2.43,3.98,5.0,4.65,Business Management & Entrepreneurship,Hands-on Practical & Fieldwork,State University Degree (UGC Merit/District),3,3,Commerce
STU-SYN-00534,synthetic,Female,Colombo,Type 2 School,Sinhala,A,S,A,B,A,A,ICT,B,Art,B,Design_Tech,B,0,1,1,0,0,1,1,0,1,1,3.98,3.89,2.79,3.01,3.55,4.1,Renewable Energy & Power Systems,Client-facing & Communicative,State University Technology/Applied Degree,4,4,Technology
STU-SYN-00904,synthetic,Female,Badulla,Type 2 School,Sinhala,S,B,B,A,B,A,Geography,A,Drama,A,Health_Science,A,0,0,0,1,1,0,0,0,1,0,2.8,4.05,4.56,4.23,3.93,3.09,Language Translation & Linguistics,Independent Analytical & Research,National Diploma / Vocational Higher Education (NVQ 5/6),2,3,Arts
STU-SYN-01004,synthetic,Female,Hambantota,1AB Provincial School,English,A,C,A,B,C,B,Geography,A,Music,B,Agriculture,S,0,1,1,0,1,0,1,0,0,1,4.08,5.0,2.23,3.63,3.96,3.58,Renewable Energy & Power Systems,Team-based & Project-driven,State University Degree (UGC Merit/District),5,3,Technology
STU-SYN-01070,synthetic,Female,Kegalle,1AB Provincial School,Sinhala,S,S,A,A,A,B,Geography,C,Dancing,C,Agriculture,A,0,0,0,1,0,0,1,1,1,0,2.04,3.72,4.27,4.01,3.34,2.81,International Relations & Diplomacy,Client-facing & Communicative,State University Technology/Applied Degree,4,4,Arts
STU-SYN-00414,synthetic,Female,Kurunegala,1C School,Sinhala,B,B,A,A,S,A,Entrepreneurship Studies,C,Art,B,Health_Science,A,1,0,0,1,0,0,0,0,0,0,2.54,3.0,1.92,4.25,3.7,5.0,Banking & Investment Management,Hands-on Practical & Fieldwork,Professional Qualification (CA/CIMA/SLIIT/IESL/Attorney),2,4,Commerce
STU-SYN-01187,synthetic,Male,Matara,Type 2 School,Sinhala,A,S,A,B,B,A,Commerce,A,Music,A,Home_Economics,B,1,0,0,0,0,0,1,1,1,0,2.84,2.36,3.08,3.57,4.12,4.75,International Trade & Logistics,Team-based & Project-driven,State University Degree (UGC Merit/District),3,3,Commerce
STU-SYN-00328,synthetic,Female,Batticaloa,1AB Provincial School,Sinhala,A,A,B,A,B,B,Commerce,A,English Literature,A,Agriculture,B,1,0,1,0,0,1,1,1,1,0,3.4,4.66,3.64,3.41,1.56,3.73,Data Science & Analytics,Hands-on Practical & Fieldwork,National Diploma / Vocational Higher Education (NVQ 5/6),3,2,Physical Science
STU-SYN-00129,synthetic,Female,Gampaha,1AB Provincial School,Sinhala,S,A,A,A,A,B,Civics,A,Dancing,A,Home_Economics,A,1,1,0,0,0,1,1,0,1,0,1.92,3.02,4.98,4.12,3.51,2.34,"Law, Judiciary & Advocacy",Independent Analytical & Research,State University Technology/Applied Degree,4,2,Arts
STU-SYN-00695,synthetic,Male,Kandy,1C School,Tamil,B,B,A,A,B,B,Commerce,A,Drama,A,Home_Economics,A,1,1,0,1,1,0,1,0,0,0,2.81,3.14,2.28,4.63,5.0,4.21,International Trade & Logistics,"Structured, Routine & Detail-focused",State University Degree (UGC Merit/District),3,2,Commerce
STU-SYN-00631,synthetic,Female,Kandy,1AB Provincial School,Sinhala,A,A,C,B,B,B,Geography,S,English Literature,A,Design_Tech,A,0,1,1,0,0,0,0,1,1,1,3.39,5.0,3.21,1.44,3.36,3.85,Civil & Structural Engineering,Client-facing & Communicative,Professional Qualification (CA/CIMA/SLIIT/IESL/Attorney),2,3,Physical Science
STU-SYN-00275,synthetic,Male,Matara,Private/Semi-Government,Tamil,B,S,A,B,C,S,Commerce,A,Music,S,Design_Tech,A,1,1,0,0,0,0,0,1,1,0,1.46,3.19,2.83,4.77,4.01,4.62,Digital Marketing & Brand Strategy,Hands-on Practical & Fieldwork,State University Technology/Applied Degree,4,3,Commerce
STU-SYN-01148,synthetic,Female,Gampaha,1AB Provincial School,Sinhala,A,B,B,B,A,A,ICT,B,English Literature,B,Design_Tech,B,0,0,1,1,0,1,1,1,1,0,4.39,4.07,2.07,2.31,3.16,4.06,Software Engineering & AI,"Structured, Routine & Detail-focused",State University Degree (UGC Merit/District),1,4,Physical Science
STU-SYN-00309,synthetic,Male,Ampara,1AB Provincial School,Sinhala,A,C,C,A,B,A,Commerce,A,Drama,A,Design_Tech,C,0,1,0,1,0,0,1,1,1,1,2.79,2.76,2.86,3.89,4.32,4.03,Corporate Law & Compliance,"Structured, Routine & Detail-focused",State University Degree (UGC Merit/District),4,3,Commerce
STU-SYN-00234,synthetic,Male,Ampara,1AB National School,Tamil,C,B,B,B,C,A,ICT,A,Art,A,Aquatic_Resources,A,0,1,1,0,0,0,0,0,0,1,4.71,4.4,2.48,2.44,3.62,4.25,Construction & Quantity Surveying Tech,Independent Analytical & Research,National Diploma / Vocational Higher Education (NVQ 5/6),5,4,Technology
STU-SYN-01048,synthetic,Female,Colombo,Type 2 School,Sinhala,C,C,B,A,C,B,Commerce,A,Music,B,Design_Tech,B,0,1,0,1,1,0,0,1,0,0,2.99,3.94,2.27,3.8,4.3,4.71,Business Management & Entrepreneurship,Independent Analytical & Research,Private/Foreign Affiliated University Degree,3,3,Commerce
STU-SYN-00623,synthetic,Male,Matara,1C School,Tamil,C,A,S,B,B,A,ICT,A,English Literature,A,Health_Science,B,1,1,1,0,0,0,1,1,1,1,3.47,4.99,2.03,1.7,2.89,3.76,Mechanical & Aerospace Engineering,Independent Analytical & Research,Private/Foreign Affiliated University Degree,3,3,Physical Science
STU-SYN-00644,synthetic,Female,Gampaha,Type 2 School,Sinhala,A,B,A,B,C,B,Geography,B,Art,B,Health_Science,A,1,1,1,0,0,0,0,1,1,0,3.74,3.91,1.75,2.58,3.59,3.69,Quantitative Finance & Actuarial,Independent Analytical & Research,Professional Qualification (CA/CIMA/SLIIT/IESL/Attorney),3,3,Physical Science
STU-SYN-00479,synthetic,Female,Colombo,1AB National School,Sinhala,A,C,C,B,A,A,Commerce,B,Art,C,Agriculture,A,1,0,1,0,0,0,0,0,1,1,3.97,4.8,2.09,1.78,3.84,3.48,Civil & Structural Engineering,"Structured, Routine & Detail-focused",State University Degree (UGC Merit/District),4,2,Physical Science
STU-SYN-00472,synthetic,Male,Kegalle,1AB Provincial School,Sinhala,C,C,A,A,A,C,Second Language,A,English Literature,B,Home_Economics,C,0,0,0,1,0,1,0,0,1,0,2.81,3.52,3.79,4.07,3.63,2.52,Language Translation & Linguistics,Independent Analytical & Research,National Diploma / Vocational Higher Education (NVQ 5/6),3,2,Arts
STU-SYN-00926,synthetic,Male,Matara,1AB Provincial School,Sinhala,A,B,A,A,A,A,Commerce,A,Drama,A,Design_Tech,C,0,1,0,0,1,0,0,0,1,0,2.0,5.0,2.21,3.68,5.0,5.0,Business Management & Entrepreneurship,Team-based & Project-driven,National Diploma / Vocational Higher Education (NVQ 5/6),4,3,Commerce
STU-SYN-01098,synthetic,Female,Ratnapura,1AB National School,Tamil,A,A,C,C,B,A,ICT,B,Music,A,Design_Tech,C,0,1,0,0,1,1,0,0,0,0,5.0,4.09,1.58,2.92,2.84,4.13,Civil & Structural Engineering,Hands-on Practical & Fieldwork,Private/Foreign Affiliated University Degree,3,4,Physical Science
STU-SYN-00627,synthetic,Male,Anuradhapura,1AB Provincial School,Tamil,A,A,A,B,A,B,ICT,A,English Literature,B,Design_Tech,A,0,0,0,0,1,0,0,1,1,0,4.37,5.0,1.98,2.72,2.97,4.1,Mechanical & Aerospace Engineering,Independent Analytical & Research,National Diploma / Vocational Higher Education (NVQ 5/6),3,4,Physical Science
STU-SYN-00395,synthetic,Male,Galle,Type 2 School,Sinhala,B,A,A,B,C,B,Entrepreneurship Studies,A,Art,C,Design_Tech,B,0,1,1,1,0,0,0,1,1,1,5.0,3.59,1.71,2.75,2.5,3.26,Cloud Infrastructure & Cybersecurity,Independent Analytical & Research,National Diploma / Vocational Higher Education (NVQ 5/6),2,2,Technology
STU-SYN-00637,synthetic,Female,Ampara,1AB Provincial School,Sinhala,A,B,B,B,A,A,Commerce,B,Music,B,Home_Economics,C,1,0,1,1,0,1,1,1,0,1,1.52,4.09,1.88,3.0,4.52,5.0,Digital Marketing & Brand Strategy,"Structured, Routine & Detail-focused",Private/Foreign Affiliated University Degree,4,3,Commerce
STU-SYN-00768,synthetic,Female,Matale,Type 2 School,Sinhala,C,A,C,A,C,A,ICT,A,Art,B,Agriculture,A,0,1,1,1,0,0,0,0,0,1,4.69,4.28,2.62,3.11,3.91,4.09,Applied Automotive & Mechanical Tech,Independent Analytical & Research,Private/Foreign Affiliated University Degree,1,3,Technology
STU-SYN-00533,synthetic,Female,Matale,1C School,Tamil,B,B,A,A,C,A,ICT,S,Drama,A,Design_Tech,A,1,0,1,0,1,0,0,1,0,0,5.0,3.24,2.57,2.81,3.41,3.49,Construction & Quantity Surveying Tech,Client-facing & Communicative,State University Technology/Applied Degree,2,4,Technology
STU-SYN-00718,synthetic,Female,Gampaha,1AB Provincial School,Sinhala,A,A,A,A,A,A,Geography,B,Art,B,Design_Tech,B,0,0,1,1,0,0,0,1,0,0,4.91,5.0,2.63,2.78,3.8,3.21,Electronics & Embedded Systems,"Structured, Routine & Detail-focused",National Diploma / Vocational Higher Education (NVQ 5/6),4,4,Physical Science
STU-SYN-00667,synthetic,Male,Kegalle,1AB National School,Tamil,A,A,B,C,C,B,Commerce,A,Drama,S,Design_Tech,A,1,1,0,0,0,0,1,1,0,1,2.16,3.51,2.53,3.28,4.31,5.0,Digital Marketing & Brand Strategy,Client-facing & Communicative,Professional Qualification (CA/CIMA/SLIIT/IESL/Attorney),3,3,Commerce
STU-SYN-00598,synthetic,Male,Puttalam,1AB National School,Sinhala,A,A,B,B,C,B,ICT,A,English Literature,C,Health_Science,B,0,1,1,0,0,0,1,0,0,0,3.81,4.8,2.7,3.01,2.33,2.89,Quantitative Finance & Actuarial,"Structured, Routine & Detail-focused",Private/Foreign Affiliated University Degree,3,1,Physical Science
STU-SYN-00482,synthetic,Female,Matale,1AB National School,Sinhala,B,A,B,B,B,A,Entrepreneurship Studies,S,Art,B,Health_Science,B,1,1,0,1,1,1,1,0,0,1,2.15,3.81,3.01,4.21,4.78,4.9,Digital Marketing & Brand Strategy,Independent Analytical & Research,National Diploma / Vocational Higher Education (NVQ 5/6),3,3,Commerce
STU-SYN-01103,synthetic,Male,Puttalam,1AB National School,Sinhala,B,S,A,B,C,A,Civics,A,Music,C,Home_Economics,S,1,1,0,1,1,1,0,0,1,1,3.21,3.7,3.68,4.54,3.75,2.92,Language Translation & Linguistics,"Structured, Routine & Detail-focused",Private/Foreign Affiliated University Degree,3,3,Arts
STU-SYN-00315,synthetic,Female,Puttalam,1AB Provincial School,Sinhala,A,S,C,A,A,A,Civics,B,Art,C,Home_Economics,B,1,1,1,1,1,1,0,0,0,0,2.41,3.37,4.8,4.3,3.1,2.74,Journalism & Digital Mass Media,Independent Analytical & Research,Private/Foreign Affiliated University Degree,3,3,Arts
STU-SYN-00729,synthetic,Female,Kandy,1AB National School,Sinhala,B,S,C,B,B,A,Commerce,A,Music,A,Home_Economics,B,1,1,0,1,1,0,0,1,1,0,1.0,3.23,2.7,2.02,4.73,4.63,Digital Marketing & Brand Strategy,Client-facing & Communicative,State University Degree (UGC Merit/District),4,3,Commerce
STU-SYN-00210,synthetic,Female,Kalutara,1AB National School,Sinhala,C,A,A,A,C,B,ICT,A,Drama,S,Design_Tech,A,1,0,1,1,0,0,1,0,0,1,1.89,3.97,3.31,3.11,4.2,4.06,Business Management & Entrepreneurship,Independent Analytical & Research,Professional Qualification (CA/CIMA/SLIIT/IESL/Attorney),4,3,Commerce
STU-SYN-00934,synthetic,Female,Puttalam,1AB Provincial School,Sinhala,A,A,C,A,C,A,ICT,B,Music,B,Design_Tech,A,0,1,1,0,0,0,1,1,0,0,5.0,3.83,2.09,1.82,3.38,3.4,Civil & Structural Engineering,Team-based & Project-driven,State University Technology/Applied Degree,4,1,Physical Science
STU-SYN-00434,synthetic,Male,Gampaha,1C School,Sinhala,B,C,C,A,C,A,ICT,B,Music,B,Aquatic_Resources,B,0,0,0,0,0,1,0,0,0,0,4.6,4.82,2.36,3.62,3.16,4.03,Construction & Quantity Surveying Tech,"Structured, Routine & Detail-focused",Professional Qualification (CA/CIMA/SLIIT/IESL/Attorney),3,2,Technology
STU-SYN-00329,synthetic,Male,Gampaha,Type 2 School,Tamil,C,A,B,A,C,A,Commerce,A,Music,A,Home_Economics,A,1,0,0,0,1,0,1,0,0,0,1.99,2.7,1.62,3.62,4.64,4.4,"Accounting, Audit & Taxation",Hands-on Practical & Fieldwork,State University Degree (UGC Merit/District),3,3,Commerce
STU-SYN-00261,synthetic,Male,Gampaha,1AB National School,Sinhala,B,A,A,B,A,C,ICT,A,English Literature,A,Design_Tech,A,1,1,1,0,0,0,0,0,1,0,3.88,4.55,3.08,2.26,2.94,2.76,Civil & Structural Engineering,Independent Analytical & Research,Private/Foreign Affiliated University Degree,5,3,Physical Science
STU-SYN-01117,synthetic,Male,Trincomalee,1AB Provincial School,Sinhala,A,A,A,C,A,A,Geography,C,Music,A,Home_Economics,B,1,1,0,1,0,0,0,0,0,0,3.8,4.64,1.8,4.08,3.51,4.57,Public Health & Nutrition,Client-facing & Communicative,National Diploma / Vocational Higher Education (NVQ 5/6),3,3,Biological Science
STU-SYN-00307,synthetic,Male,Gampaha,1AB Provincial School,Sinhala,A,C,C,C,A,A,Entrepreneurship Studies,C,Music,A,Design_Tech,B,0,0,0,0,1,1,0,1,1,0,4.88,4.83,2.26,2.38,3.33,3.26,Biosystems & Industrial Food Tech,Hands-on Practical & Fieldwork,National Diploma / Vocational Higher Education (NVQ 5/6),4,3,Technology
STU-SYN-01067,synthetic,Male,Galle,1C School,Tamil,B,B,C,B,A,A,ICT,B,Art,A,Design_Tech,B,0,1,1,0,0,0,0,1,1,1,3.36,5.0,2.65,2.15,3.19,4.05,Software Engineering & AI,Hands-on Practical & Fieldwork,State University Technology/Applied Degree,3,2,Physical Science
STU-SYN-00928,synthetic,Female,Gampaha,1C School,Sinhala,A,B,A,C,B,B,ICT,A,Art,A,Agriculture,A,1,1,1,0,0,0,0,0,0,0,3.65,4.89,1.88,1.78,3.47,2.98,Renewable Energy & Power Systems,Team-based & Project-driven,State University Technology/Applied Degree,4,1,Technology
STU-SYN-01025,synthetic,Male,Colombo,1C School,Tamil,B,B,B,B,S,A,Entrepreneurship Studies,S,Art,C,Health_Science,A,0,0,0,0,0,0,0,0,0,1,2.49,3.27,2.96,3.34,4.82,4.81,"Accounting, Audit & Taxation",Client-facing & Communicative,State University Technology/Applied Degree,3,3,Commerce
STU-SYN-00271,synthetic,Female,Ratnapura,Type 2 School,Tamil,A,A,B,A,A,A,ICT,S,Music,A,Design_Tech,A,0,1,1,0,0,0,0,0,1,1,3.13,4.6,2.05,2.86,3.79,3.65,Software Engineering & AI,"Structured, Routine & Detail-focused",Professional Qualification (CA/CIMA/SLIIT/IESL/Attorney),4,3,Physical Science
STU-SYN-00291,synthetic,Male,Mannar,1C School,Sinhala,C,C,A,C,C,C,Commerce,B,Music,B,Design_Tech,S,0,0,0,1,1,0,0,1,1,1,1.87,4.09,2.16,3.9,5.0,4.68,Corporate Law & Compliance,"Structured, Routine & Detail-focused",Professional Qualification (CA/CIMA/SLIIT/IESL/Attorney),4,5,Commerce
STU-SYN-00813,synthetic,Male,Colombo,1AB Provincial School,Sinhala,B,A,A,A,B,B,Geography,B,Art,A,Health_Science,B,0,0,0,0,1,0,0,1,1,0,2.44,5.0,2.0,4.4,2.07,3.6,Biomedical & Molecular Genetics,"Structured, Routine & Detail-focused",State University Technology/Applied Degree,3,1,Biological Science
STU-SYN-00097,synthetic,Male,Kandy,1AB National School,English,A,C,A,C,B,A,Commerce,A,Drama,C,Home_Economics,A,0,0,0,0,1,1,0,0,0,1,2.59,3.46,1.81,3.41,5.0,5.0,Business Management & Entrepreneurship,Independent Analytical & Research,National Diploma / Vocational Higher Education (NVQ 5/6),3,2,Commerce
STU-SYN-00888,synthetic,Female,Kandy,1AB National School,Sinhala,A,A,A,B,A,B,ICT,A,English Literature,B,Agriculture,C,0,1,1,0,0,0,1,1,0,0,4.36,4.23,1.85,2.13,3.0,4.26,Data Science & Analytics,"Structured, Routine & Detail-focused",State University Technology/Applied Degree,5,3,Physical Science
STU-SYN-00819,synthetic,Male,Matara,1C School,Tamil,B,A,B,B,C,B,Geography,C,Art,S,Agriculture,B,0,1,1,1,0,0,0,0,0,0,3.94,4.27,2.19,3.85,2.25,4.33,Civil & Structural Engineering,Client-facing & Communicative,State University Degree (UGC Merit/District),3,4,Physical Science
STU-SYN-00032,synthetic,Female,Kurunegala,1AB Provincial School,Sinhala,C,C,C,A,A,B,ICT,A,English Literature,B,Health_Science,B,1,1,1,0,0,0,1,0,1,0,2.93,5.0,3.09,4.17,2.6,2.97,Pharmaceutical & Drug Development,Independent Analytical & Research,Private/Foreign Affiliated University Degree,3,3,Biological Science
STU-SYN-00763,synthetic,Female,Galle,Type 2 School,Tamil,B,A,A,S,C,A,ICT,C,Art,A,Agriculture,A,1,1,1,0,1,0,0,1,0,0,4.35,3.98,2.2,2.74,3.09,3.53,Renewable Energy & Power Systems,Independent Analytical & Research,Professional Qualification (CA/CIMA/SLIIT/IESL/Attorney),3,2,Technology
STU-SYN-00954,synthetic,Male,Matara,Type 2 School,Sinhala,A,B,W,B,A,B,Commerce,A,Music,A,Health_Science,A,1,1,0,0,0,1,1,0,0,1,1.99,2.14,2.86,3.13,4.34,5.0,Corporate Law & Compliance,Team-based & Project-driven,National Diploma / Vocational Higher Education (NVQ 5/6),5,2,Commerce
STU-SYN-00320,synthetic,Female,Kurunegala,1AB Provincial School,Sinhala,B,A,B,A,C,B,ICT,A,Art,A,Aquatic_Resources,C,0,1,0,0,0,0,1,0,0,0,4.65,4.34,1.74,2.5,4.0,4.33,Cloud Infrastructure & Cybersecurity,Hands-on Practical & Fieldwork,National Diploma / Vocational Higher Education (NVQ 5/6),2,2,Technology
STU-SYN-00299,synthetic,Male,Matara,1C School,Sinhala,B,B,A,C,A,A,ICT,B,English Literature,C,Design_Tech,B,0,0,0,1,0,1,0,0,0,0,5.0,5.0,2.2,2.65,2.66,4.05,Civil & Structural Engineering,Independent Analytical & Research,Professional Qualification (CA/CIMA/SLIIT/IESL/Attorney),3,1,Physical Science
STU-SYN-00200,synthetic,Female,Kurunegala,1AB Provincial School,Sinhala,B,A,C,B,B,A,Commerce,A,English Literature,A,Design_Tech,B,0,0,1,0,0,0,0,0,1,0,3.83,4.03,1.52,2.87,3.09,3.73,Mechanical & Aerospace Engineering,"Structured, Routine & Detail-focused",State University Degree (UGC Merit/District),2,1,Physical Science
STU-SYN-00561,synthetic,Female,Badulla,1AB National School,Tamil,A,C,S,B,C,B,ICT,A,English Literature,S,Health_Science,B,1,0,1,1,0,0,1,0,1,0,4.22,5.0,1.91,2.12,3.97,4.08,Quantitative Finance & Actuarial,Client-facing & Communicative,Professional Qualification (CA/CIMA/SLIIT/IESL/Attorney),5,3,Physical Science
STU-SYN-00179,synthetic,Female,Colombo,1AB Provincial School,Sinhala,B,A,A,A,A,A,Commerce,C,Music,B,Health_Science,C,0,0,0,0,0,0,0,1,1,1,1.95,4.09,2.83,4.14,4.04,4.5,Corporate Law & Compliance,Hands-on Practical & Fieldwork,State University Technology/Applied Degree,3,3,Commerce
STU-SYN-01132,synthetic,Female,Batticaloa,1AB Provincial School,English,A,A,B,S,B,B,Commerce,A,Music,A,Home_Economics,A,0,0,0,0,0,0,0,1,1,0,2.59,3.23,2.83,3.51,3.87,4.91,Business Management & Entrepreneurship,Independent Analytical & Research,State University Degree (UGC Merit/District),5,3,Commerce
STU-SYN-00089,synthetic,Male,Kurunegala,1AB National School,Sinhala,A,A,C,A,B,A,Commerce,C,Music,A,Health_Science,A,1,0,0,0,1,0,1,1,1,0,4.08,4.43,1.75,3.09,3.02,3.6,Quantitative Finance & Actuarial,Team-based & Project-driven,Private/Foreign Affiliated University Degree,1,3,Physical Science
STU-SYN-00788,synthetic,Female,Gampaha,1AB National School,Sinhala,B,B,B,A,A,A,Commerce,B,Art,A,Design_Tech,B,0,1,1,0,0,0,1,0,0,0,4.07,3.98,2.9,2.07,4.01,3.56,Data Science & Analytics,Hands-on Practical & Fieldwork,Private/Foreign Affiliated University Degree,5,5,Physical Science
STU-SYN-00725,synthetic,Male,Kalutara,1C School,Sinhala,A,B,A,A,A,C,ICT,A,Music,A,Health_Science,A,1,0,0,0,0,0,0,0,1,0,3.15,4.85,1.3,3.17,2.8,4.05,Quantitative Finance & Actuarial,Independent Analytical & Research,Private/Foreign Affiliated University Degree,3,3,Physical Science
STU-SYN-00827,synthetic,Male,Kurunegala,1AB National School,Sinhala,A,A,A,S,B,B,Geography,A,Music,A,Health_Science,A,0,0,0,0,0,1,0,1,0,0,2.88,5.0,2.28,4.06,3.03,3.74,Medicine & Clinical Surgery,Hands-on Practical & Fieldwork,National Diploma / Vocational Higher Education (NVQ 5/6),3,3,Biological Science
STU-SYN-00209,synthetic,Female,Colombo,1C School,Sinhala,C,A,A,A,C,A,Geography,A,Music,C,Agriculture,B,1,1,0,1,1,0,1,1,0,0,3.97,4.37,2.11,3.69,2.69,3.26,Public Health & Nutrition,Hands-on Practical & Fieldwork,Professional Qualification (CA/CIMA/SLIIT/IESL/Attorney),1,1,Biological Science
STU-SYN-01040,synthetic,Female,Kalutara,Private/Semi-Government,Tamil,B,B,C,B,A,C,Geography,A,Drama,A,Design_Tech,C,1,0,1,0,0,0,0,0,0,0,4.53,4.29,2.45,3.39,3.8,4.02,Biosystems & Industrial Food Tech,Independent Analytical & Research,State University Degree (UGC Merit/District),2,4,Technology
STU-SYN-00297,synthetic,Female,Colombo,1AB National School,Sinhala,A,S,C,B,A,C,Commerce,B,English Literature,C,Design_Tech,A,0,1,1,1,0,0,1,1,1,0,5.0,4.91,2.82,1.83,3.13,4.37,Mechanical & Aerospace Engineering,Client-facing & Communicative,State University Technology/Applied Degree,4,2,Physical Science
STU-SYN-00998,synthetic,Male,Ampara,1AB National School,Tamil,A,A,A,B,S,A,ICT,C,English Literature,B,Health_Science,C,0,0,1,1,0,1,0,0,0,0,5.0,3.66,2.11,2.99,2.23,3.11,Mechanical & Aerospace Engineering,Team-based & Project-driven,Professional Qualification (CA/CIMA/SLIIT/IESL/Attorney),5,3,Physical Science
STU-SYN-00498,synthetic,Male,Kalutara,1AB National School,Sinhala,C,B,A,B,B,A,Civics,B,Art,B,Health_Science,C,0,1,1,0,0,1,1,1,0,0,3.09,4.77,2.29,3.87,2.78,4.37,Veterinary Medicine,Independent Analytical & Research,Professional Qualification (CA/CIMA/SLIIT/IESL/Attorney),3,1,Biological Science
STU-SYN-00835,synthetic,Male,Gampaha,1C School,Sinhala,A,C,A,B,A,A,Geography,A,Drama,C,Health_Science,A,0,0,0,0,1,0,1,0,1,0,1.31,3.89,5.0,3.65,3.21,2.51,Language Translation & Linguistics,"Structured, Routine & Detail-focused",Private/Foreign Affiliated University Degree,4,2,Arts
STU-SYN-00430,synthetic,Male,Colombo,1AB National School,Sinhala,A,S,B,A,B,A,Entrepreneurship Studies,C,Music,B,Health_Science,B,0,1,0,1,0,1,1,1,0,0,2.75,3.16,2.07,3.79,3.79,4.1,"Accounting, Audit & Taxation","Structured, Routine & Detail-focused",State University Degree (UGC Merit/District),1,2,Commerce
STU-SYN-00507,synthetic,Female,Hambantota,1AB Provincial School,Sinhala,A,A,B,B,W,A,Geography,B,Music,B,Health_Science,C,1,1,0,0,0,1,1,0,1,0,3.51,4.75,1.67,4.02,2.41,2.72,Sustainable Agriculture & Forestry,Team-based & Project-driven,State University Technology/Applied Degree,3,4,Biological Science
STU-SYN-00831,synthetic,Female,Hambantota,Private/Semi-Government,Sinhala,B,B,B,C,A,B,Commerce,B,Art,A,Health_Science,B,1,1,1,1,0,0,1,0,0,1,1.21,4.12,2.2,2.93,5.0,4.69,Corporate Law & Compliance,Independent Analytical & Research,Private/Foreign Affiliated University Degree,3,3,Commerce
STU-SYN-00694,synthetic,Male,Nuwara Eliya,1AB National School,Sinhala,A,C,A,A,C,A,ICT,A,Music,A,Design_Tech,C,1,1,1,1,0,0,1,0,0,0,2.27,3.63,3.2,4.51,4.62,5.0,Digital Marketing & Brand Strategy,Client-facing & Communicative,National Diploma / Vocational Higher Education (NVQ 5/6),4,2,Commerce
STU-SYN-00011,synthetic,Female,Matale,1C School,Tamil,B,C,A,A,C,B,Geography,A,English Literature,W,Health_Science,C,1,0,0,1,1,1,0,1,1,0,1.84,3.85,5.0,4.38,4.02,2.63,Psychology & Social Work,Team-based & Project-driven,State University Technology/Applied Degree,2,4,Arts
STU-SYN-00848,synthetic,Male,Matara,1AB Provincial School,Sinhala,C,A,B,A,B,A,Geography,A,Music,B,Health_Science,B,0,1,1,0,1,0,0,1,1,0,4.23,4.46,1.97,2.12,2.86,4.39,Mechanical & Aerospace Engineering,Team-based & Project-driven,Private/Foreign Affiliated University Degree,2,1,Physical Science
STU-SYN-00463,synthetic,Female,Jaffna,Private/Semi-Government,Sinhala,A,S,B,B,S,A,Commerce,A,Drama,B,Design_Tech,A,0,1,0,0,0,0,1,1,0,1,3.11,3.26,2.08,3.76,5.0,4.76,Corporate Law & Compliance,Independent Analytical & Research,Professional Qualification (CA/CIMA/SLIIT/IESL/Attorney),5,5,Commerce
STU-SYN-00199,synthetic,Female,Puttalam,1AB National School,Sinhala,B,B,A,C,B,C,ICT,B,Drama,C,Design_Tech,A,1,0,0,0,1,0,1,1,1,1,1.89,3.33,2.48,3.26,4.78,3.7,Digital Marketing & Brand Strategy,"Structured, Routine & Detail-focused",State University Technology/Applied Degree,2,4,Commerce
STU-SYN-00060,synthetic,Male,Kalutara,1C School,Sinhala,B,A,A,B,B,A,Entrepreneurship Studies,B,Music,C,Health_Science,A,0,1,0,1,0,0,1,1,1,1,2.53,3.99,2.34,3.25,4.84,5.0,Digital Marketing & Brand Strategy,Client-facing & Communicative,Private/Foreign Affiliated University Degree,4,5,Commerce
STU-SYN-00907,synthetic,Male,Hambantota,1AB National School,Tamil,A,C,A,A,A,A,ICT,A,English Literature,B,Agriculture,A,1,0,1,1,1,0,1,1,0,1,4.68,4.68,2.45,2.32,3.67,3.25,Mechanical & Aerospace Engineering,Independent Analytical & Research,Professional Qualification (CA/CIMA/SLIIT/IESL/Attorney),1,3,Physical Science
STU-SYN-00997,synthetic,Male,Kandy,1AB National School,Sinhala,C,A,B,A,B,A,Geography,W,English Literature,A,Agriculture,A,0,1,0,0,0,1,0,1,1,0,2.58,4.3,1.61,3.73,2.03,3.47,Pharmaceutical & Drug Development,"Structured, Routine & Detail-focused",State University Degree (UGC Merit/District),5,3,Biological Science
STU-SYN-00276,synthetic,Female,Ampara,1AB Provincial School,Sinhala,C,S,B,A,A,A,Civics,B,Art,B,Health_Science,A,1,0,1,1,1,0,1,1,1,1,1.86,3.66,4.47,4.19,5.0,2.6,International Relations & Diplomacy,"Structured, Routine & Detail-focused",State University Degree (UGC Merit/District),4,5,Arts
STU-SYN-00809,synthetic,Female,Colombo,1C School,Sinhala,B,S,A,B,A,A,Geography,B,Art,B,Health_Science,B,0,1,0,1,1,1,0,0,1,1,2.55,4.13,4.28,4.44,2.59,3.27,Journalism & Digital Mass Media,Hands-on Practical & Fieldwork,State University Degree (UGC Merit/District),2,4,Arts
STU-SYN-00908,synthetic,Female,Kandy,1AB Provincial School,Sinhala,B,W,A,C,B,B,Civics,B,Art,B,Home_Economics,A,0,0,0,0,1,0,0,1,1,0,1.95,4.41,4.68,5.0,2.84,1.54,International Relations & Diplomacy,Hands-on Practical & Fieldwork,National Diploma / Vocational Higher Education (NVQ 5/6),3,1,Arts
STU-SYN-00658,synthetic,Male,Matale,1AB National School,Tamil,B,A,B,A,B,B,Entrepreneurship Studies,A,Drama,A,Design_Tech,A,1,1,0,0,1,0,1,1,1,0,1.61,2.62,2.93,2.45,4.56,5.0,"Accounting, Audit & Taxation","Structured, Routine & Detail-focused",State University Technology/Applied Degree,4,1,Commerce
STU-SYN-00957,synthetic,Male,Galle,Type 2 School,Sinhala,A,C,A,A,C,A,Geography,C,English Literature,A,Health_Science,B,0,1,0,1,1,1,1,1,1,1,2.66,3.3,4.56,4.16,3.5,2.88,International Relations & Diplomacy,Client-facing & Communicative,State University Technology/Applied Degree,3,3,Arts
STU-SYN-00886,synthetic,Male,Kandy,1AB Provincial School,Sinhala,B,B,A,A,W,B,ICT,C,Drama,B,Agriculture,B,0,1,1,0,0,0,0,0,1,0,4.68,3.96,1.54,3.24,3.19,3.56,"Robotics, Mechatronics & Automation",Team-based & Project-driven,Private/Foreign Affiliated University Degree,5,4,Technology
STU-SYN-00221,synthetic,Male,Matale,Type 2 School,Sinhala,A,C,B,A,C,B,Civics,A,Art,A,Health_Science,A,0,1,0,1,1,0,1,1,1,0,2.5,3.34,5.0,3.69,2.86,2.92,Psychology & Social Work,Team-based & Project-driven,State University Degree (UGC Merit/District),2,5,Arts
STU-SYN-00789,synthetic,Female,Gampaha,Type 2 School,Tamil,C,C,B,B,B,B,Entrepreneurship Studies,B,Music,B,Home_Economics,A,1,0,1,0,0,0,0,0,0,1,1.32,4.2,1.82,2.87,4.71,4.99,International Trade & Logistics,"Structured, Routine & Detail-focused",National Diploma / Vocational Higher Education (NVQ 5/6),4,1,Commerce
STU-SYN-00712,synthetic,Female,Anuradhapura,1AB National School,Tamil,A,A,B,A,A,A,Geography,A,Music,B,Health_Science,A,0,1,1,0,0,0,0,1,1,1,4.81,5.0,2.42,2.14,2.54,3.2,Electronics & Embedded Systems,Team-based & Project-driven,Private/Foreign Affiliated University Degree,4,4,Physical Science
STU-SYN-00714,synthetic,Male,Vavuniya,1C School,Sinhala,A,B,A,A,S,A,ICT,A,English Literature,A,Health_Science,A,1,1,0,0,0,0,1,1,0,0,2.98,4.35,2.47,5.0,2.76,3.9,Public Health & Nutrition,"Structured, Routine & Detail-focused",Professional Qualification (CA/CIMA/SLIIT/IESL/Attorney),4,3,Biological Science
STU-SYN-01113,synthetic,Female,Badulla,1AB Provincial School,Sinhala,B,A,A,B,B,B,Geography,C,Art,B,Design_Tech,A,0,1,1,0,0,0,0,1,1,0,3.95,5.0,1.4,3.1,2.86,2.34,Software Engineering & AI,Client-facing & Communicative,Private/Foreign Affiliated University Degree,4,2,Physical Science
STU-SYN-01191,synthetic,Male,Galle,1AB National School,Tamil,B,A,S,C,C,A,ICT,A,Art,C,Health_Science,B,0,1,1,0,1,0,0,0,1,0,4.81,4.45,2.54,2.49,2.23,4.11,Mechanical & Aerospace Engineering,Team-based & Project-driven,National Diploma / Vocational Higher Education (NVQ 5/6),3,2,Physical Science
STU-SYN-00790,synthetic,Male,Kalutara,1AB National School,Sinhala,B,S,B,B,B,A,Entrepreneurship Studies,A,Art,B,Design_Tech,A,1,1,0,0,0,0,0,1,0,0,2.03,3.18,2.13,4.1,4.43,4.88,International Trade & Logistics,Hands-on Practical & Fieldwork,Private/Foreign Affiliated University Degree,2,3,Commerce
STU-SYN-00416,synthetic,Female,Kurunegala,1AB National School,Sinhala,A,A,C,A,B,B,Commerce,B,Art,A,Home_Economics,B,0,0,1,0,0,0,1,1,1,1,2.15,4.44,1.86,3.86,5.0,3.4,Corporate Law & Compliance,Team-based & Project-driven,Professional Qualification (CA/CIMA/SLIIT/IESL/Attorney),4,4,Commerce
STU-SYN-00899,synthetic,Female,Kalutara,1C School,English,A,C,B,C,B,A,ICT,C,English Literature,B,Health_Science,C,1,1,1,1,0,1,1,1,0,0,3.94,4.48,2.64,1.74,2.59,3.1,Quantitative Finance & Actuarial,Client-facing & Communicative,State University Technology/Applied Degree,5,3,Physical Science
STU-SYN-00935,synthetic,Female,Ampara,1AB National School,Sinhala,B,B,A,A,B,A,ICT,S,English Literature,C,Health_Science,C,1,1,1,0,1,0,0,1,0,0,4.38,5.0,3.07,1.75,3.75,3.66,Mechanical & Aerospace Engineering,"Structured, Routine & Detail-focused",National Diploma / Vocational Higher Education (NVQ 5/6),2,5,Physical Science
STU-SYN-00266,synthetic,Male,Colombo,1AB National School,Sinhala,A,B,B,B,C,A,ICT,A,Drama,A,Agriculture,A,1,1,0,0,0,0,1,0,0,1,4.83,3.47,2.74,1.7,2.39,3.73,"Robotics, Mechatronics & Automation",Team-based & Project-driven,State University Degree (UGC Merit/District),2,5,Technology
STU-SYN-00632,synthetic,Male,Ampara,Private/Semi-Government,Tamil,B,S,A,A,B,A,ICT,A,Art,A,Design_Tech,A,0,1,0,1,0,0,1,0,0,1,2.35,2.85,2.51,3.99,4.77,5.0,Banking & Investment Management,Hands-on Practical & Fieldwork,National Diploma / Vocational Higher Education (NVQ 5/6),4,3,Commerce
STU-SYN-00248,synthetic,Male,Puttalam,1AB Provincial School,Sinhala,A,B,A,A,B,A,Commerce,B,Music,B,Design_Tech,A,1,1,1,1,0,1,0,0,1,0,3.62,3.87,1.0,2.46,2.75,3.92,Quantitative Finance & Actuarial,Team-based & Project-driven,National Diploma / Vocational Higher Education (NVQ 5/6),3,3,Physical Science
STU-SYN-00683,synthetic,Male,Anuradhapura,Private/Semi-Government,Sinhala,C,C,A,A,C,B,Civics,A,Art,S,Agriculture,B,0,1,1,1,0,0,0,1,1,1,2.9,3.68,3.85,4.76,2.62,2.05,Language Translation & Linguistics,Client-facing & Communicative,Professional Qualification (CA/CIMA/SLIIT/IESL/Attorney),4,1,Arts
STU-SYN-00559,synthetic,Male,Gampaha,1C School,Sinhala,S,C,A,C,B,A,Geography,C,Art,A,Design_Tech,A,0,0,0,0,1,1,0,0,0,0,4.36,2.9,2.96,2.79,3.57,3.97,Renewable Energy & Power Systems,Client-facing & Communicative,Professional Qualification (CA/CIMA/SLIIT/IESL/Attorney),4,1,Technology
STU-SYN-01137,synthetic,Female,Nuwara Eliya,Type 2 School,Tamil,A,A,S,A,B,A,Entrepreneurship Studies,A,Art,B,Aquatic_Resources,A,1,0,1,0,0,0,0,0,0,1,4.97,4.16,1.0,2.12,3.79,3.34,Construction & Quantity Surveying Tech,Independent Analytical & Research,State University Technology/Applied Degree,3,4,Technology
STU-SYN-00968,synthetic,Female,Gampaha,1AB National School,Sinhala,S,B,A,C,B,A,Geography,A,Music,B,Health_Science,B,1,1,0,0,1,0,1,1,0,1,3.22,4.48,2.63,5.0,2.97,3.96,Pharmaceutical & Drug Development,Client-facing & Communicative,National Diploma / Vocational Higher Education (NVQ 5/6),3,2,Biological Science
STU-SYN-01005,synthetic,Female,Kalutara,1AB National School,Sinhala,B,S,A,B,B,A,Entrepreneurship Studies,B,Art,A,Health_Science,A,1,1,1,1,0,0,0,0,1,1,2.39,3.53,1.78,4.22,3.95,4.5,Corporate Law & Compliance,"Structured, Routine & Detail-focused",Professional Qualification (CA/CIMA/SLIIT/IESL/Attorney),2,2,Commerce
STU-SYN-00985,synthetic,Male,Kurunegala,Private/Semi-Government,English,A,A,A,B,A,A,Geography,C,Music,A,Health_Science,A,0,0,0,1,1,0,1,1,1,0,3.39,4.19,2.28,3.96,2.28,5.0,Medicine & Clinical Surgery,"Structured, Routine & Detail-focused",Professional Qualification (CA/CIMA/SLIIT/IESL/Attorney),4,5,Biological Science
STU-SYN-00295,synthetic,Female,Nuwara Eliya,1AB Provincial School,Sinhala,B,C,B,B,A,B,Entrepreneurship Studies,A,Art,A,Design_Tech,C,1,0,1,0,0,1,0,1,0,0,4.93,3.71,2.15,2.47,4.22,3.35,Construction & Quantity Surveying Tech,Client-facing & Communicative,National Diploma / Vocational Higher Education (NVQ 5/6),5,2,Technology
STU-SYN-00520,synthetic,Female,Kalutara,1C School,Tamil,A,B,A,B,A,A,Geography,A,Art,A,Design_Tech,C,1,0,0,0,0,1,0,0,0,0,4.28,4.31,2.02,2.3,3.34,2.98,Renewable Energy & Power Systems,Team-based & Project-driven,State University Degree (UGC Merit/District),4,5,Technology
STU-SYN-00771,synthetic,Male,Polonnaruwa,1AB National School,Sinhala,B,A,C,B,C,B,Commerce,C,Art,A,Home_Economics,A,0,1,0,1,0,0,1,1,0,1,2.47,3.48,2.47,2.48,4.39,4.58,International Trade & Logistics,Client-facing & Communicative,State University Technology/Applied Degree,4,4,Commerce
STU-SYN-00084,synthetic,Female,Ratnapura,1AB Provincial School,Sinhala,B,A,A,B,B,A,Commerce,A,Music,A,Design_Tech,A,1,1,0,1,0,1,0,0,0,0,3.81,4.34,2.61,1.86,2.7,3.78,Electronics & Embedded Systems,Team-based & Project-driven,Professional Qualification (CA/CIMA/SLIIT/IESL/Attorney),4,3,Physical Science
STU-SYN-00232,synthetic,Female,Colombo,1AB National School,Sinhala,B,A,B,B,B,B,Geography,B,Music,C,Health_Science,W,1,0,1,1,0,0,1,1,1,1,2.9,4.7,1.86,5.0,2.62,3.57,Medicine & Clinical Surgery,Client-facing & Communicative,Private/Foreign Affiliated University Degree,4,2,Biological Science
STU-SYN-00621,synthetic,Female,Anuradhapura,1AB National School,Tamil,A,C,B,A,A,A,Civics,S,Dancing,C,Home_Economics,C,1,0,0,1,1,0,1,1,1,0,2.87,3.95,5.0,4.61,3.89,2.87,"Law, Judiciary & Advocacy",Team-based & Project-driven,State University Technology/Applied Degree,3,3,Arts
STU-SYN-00334,synthetic,Female,Ratnapura,1AB National School,Tamil,S,C,A,A,B,A,Civics,A,Art,A,Health_Science,B,0,0,0,1,1,1,1,1,1,0,2.8,3.12,4.92,3.98,3.09,3.22,UI/UX Design & Creative Direction,"Structured, Routine & Detail-focused",Private/Foreign Affiliated University Degree,4,5,Arts
STU-SYN-00130,synthetic,Male,Colombo,Private/Semi-Government,Sinhala,A,A,B,A,B,A,ICT,A,Music,A,Design_Tech,B,0,1,0,1,1,0,0,1,1,0,4.76,4.8,1.66,3.08,2.38,4.58,Mechanical & Aerospace Engineering,"Structured, Routine & Detail-focused",State University Technology/Applied Degree,5,2,Physical Science
STU-SYN-01012,synthetic,Female,Kegalle,1AB National School,Sinhala,A,B,B,C,B,B,Commerce,A,Art,C,Design_Tech,B,0,0,0,1,0,1,0,1,0,1,2.07,3.21,1.89,3.2,4.79,4.25,Corporate Law & Compliance,Client-facing & Communicative,State University Technology/Applied Degree,4,4,Commerce
STU-SYN-00645,synthetic,Female,Jaffna,Type 2 School,Sinhala,B,A,C,A,A,B,ICT,C,Art,B,Design_Tech,B,0,0,0,0,1,0,0,0,0,0,5.0,5.0,2.63,3.09,3.88,3.1,Renewable Energy & Power Systems,"Structured, Routine & Detail-focused",State University Degree (UGC Merit/District),2,3,Technology
STU-SYN-00974,synthetic,Female,Kegalle,1C School,Sinhala,A,A,A,B,C,B,Second Language,S,Drama,B,Home_Economics,C,0,1,0,1,1,0,0,0,1,0,1.5,3.54,4.82,3.79,3.91,2.41,International Relations & Diplomacy,"Structured, Routine & Detail-focused",National Diploma / Vocational Higher Education (NVQ 5/6),4,3,Arts
STU-SYN-00383,synthetic,Female,Monaragala,1AB Provincial School,Sinhala,A,B,B,A,A,B,Geography,B,Drama,C,Health_Science,C,1,1,0,0,1,1,0,0,1,0,2.51,3.63,4.82,5.0,3.11,2.51,"Law, Judiciary & Advocacy",Team-based & Project-driven,National Diploma / Vocational Higher Education (NVQ 5/6),2,3,Arts
STU-SYN-00868,synthetic,Female,Polonnaruwa,1AB Provincial School,Tamil,W,A,S,A,A,B,Geography,B,Drama,A,Home_Economics,B,0,0,0,1,0,1,0,0,1,1,2.64,3.89,3.96,4.4,3.05,3.2,Journalism & Digital Mass Media,Client-facing & Communicative,Professional Qualification (CA/CIMA/SLIIT/IESL/Attorney),3,5,Arts
STU-SYN-00543,synthetic,Female,Gampaha,1AB Provincial School,English,A,A,S,A,B,B,ICT,C,Art,A,Design_Tech,S,1,1,1,1,0,0,0,0,1,1,5.0,4.54,2.07,3.24,2.85,3.88,Quantitative Finance & Actuarial,Client-facing & Communicative,State University Degree (UGC Merit/District),4,1,Physical Science
STU-SYN-01194,synthetic,Female,Ratnapura,1C School,English,B,B,B,A,W,B,ICT,B,Drama,B,Design_Tech,B,0,0,1,1,1,0,1,1,0,0,4.35,4.47,2.39,3.67,3.16,3.73,Construction & Quantity Surveying Tech,Team-based & Project-driven,Private/Foreign Affiliated University Degree,3,3,Technology
STU-SYN-00875,synthetic,Male,Colombo,Private/Semi-Government,Tamil,A,A,W,B,B,B,ICT,W,English Literature,C,Design_Tech,B,0,1,1,1,0,0,0,1,0,1,4.69,4.29,2.36,1.97,3.91,3.1,Data Science & Analytics,Client-facing & Communicative,State University Degree (UGC Merit/District),5,3,Physical Science
STU-SYN-00332,synthetic,Male,Puttalam,1AB Provincial School,Sinhala,B,C,B,A,C,B,ICT,B,Art,A,Design_Tech,A,0,1,1,1,1,0,0,0,0,0,4.75,3.27,2.4,2.62,4.39,2.81,Biosystems & Industrial Food Tech,Client-facing & Communicative,Professional Qualification (CA/CIMA/SLIIT/IESL/Attorney),5,3,Technology
STU-SYN-00410,synthetic,Male,Ratnapura,1AB National School,Sinhala,B,A,A,B,A,A,ICT,A,Music,B,Design_Tech,A,1,1,1,0,0,0,0,1,1,0,4.06,4.13,2.35,2.61,2.96,4.07,Quantitative Finance & Actuarial,"Structured, Routine & Detail-focused",National Diploma / Vocational Higher Education (NVQ 5/6),4,2,Physical Science
STU-SYN-00077,synthetic,Male,Nuwara Eliya,1AB National School,Sinhala,B,B,A,A,S,A,ICT,A,Music,A,Design_Tech,S,1,1,1,0,0,0,1,1,1,0,5.0,3.18,3.77,2.1,3.94,4.33,Construction & Quantity Surveying Tech,Client-facing & Communicative,Private/Foreign Affiliated University Degree,3,5,Technology
STU-SYN-00869,synthetic,Female,Galle,Type 2 School,Tamil,A,C,A,B,A,B,Commerce,B,Art,B,Design_Tech,A,1,1,1,1,0,1,1,1,0,0,1.47,3.25,2.32,3.55,4.57,5.0,Banking & Investment Management,Client-facing & Communicative,State University Degree (UGC Merit/District),3,3,Commerce
STU-SYN-00139,synthetic,Female,Colombo,1C School,English,A,S,C,B,B,A,Entrepreneurship Studies,A,Art,A,Design_Tech,A,1,1,1,1,1,1,0,1,1,1,3.47,2.88,1.94,3.02,5.0,5.0,Corporate Law & Compliance,Team-based & Project-driven,State University Degree (UGC Merit/District),2,2,Commerce
STU-SYN-00544,synthetic,Female,Kalutara,Type 2 School,Tamil,A,B,A,A,A,A,Civics,B,English Literature,C,Health_Science,C,0,0,1,0,0,1,1,1,1,0,3.05,3.88,2.26,3.69,2.04,3.39,Public Health & Nutrition,Hands-on Practical & Fieldwork,State University Degree (UGC Merit/District),4,4,Biological Science
STU-SYN-00674,synthetic,Male,Kalutara,1AB Provincial School,Sinhala,A,A,S,B,C,A,Entrepreneurship Studies,A,Art,C,Agriculture,A,1,0,0,0,0,0,1,1,1,0,4.24,5.0,1.87,1.61,3.42,4.48,"Robotics, Mechatronics & Automation",Independent Analytical & Research,Professional Qualification (CA/CIMA/SLIIT/IESL/Attorney),3,2,Technology
STU-SYN-00921,synthetic,Female,Colombo,1AB Provincial School,Sinhala,S,C,B,C,A,B,Commerce,S,Drama,C,Home_Economics,A,1,0,0,1,0,0,1,0,1,1,2.97,3.58,2.14,3.75,5.0,4.7,Corporate Law & Compliance,Independent Analytical & Research,Private/Foreign Affiliated University Degree,2,3,Commerce
STU-SYN-00064,synthetic,Female,Gampaha,Type 2 School,Sinhala,C,W,A,A,A,A,Geography,B,Art,C,Home_Economics,C,0,0,1,1,0,1,0,0,1,1,2.21,2.95,3.6,4.38,3.78,3.17,Journalism & Digital Mass Media,Hands-on Practical & Fieldwork,National Diploma / Vocational Higher Education (NVQ 5/6),4,5,Arts
STU-SYN-00142,synthetic,Male,Mullaitivu,Private/Semi-Government,Sinhala,A,A,B,C,B,A,ICT,C,Music,B,Agriculture,A,1,1,0,0,0,0,1,0,0,1,3.18,3.97,2.31,4.81,2.5,3.36,Sustainable Agriculture & Forestry,Independent Analytical & Research,State University Technology/Applied Degree,3,1,Biological Science
STU-SYN-00717,synthetic,Male,Kurunegala,1C School,Sinhala,B,A,A,A,A,A,Civics,B,Music,C,Agriculture,C,1,0,1,0,0,0,0,0,1,0,2.59,4.44,1.0,4.86,3.43,3.64,Biomedical & Molecular Genetics,Hands-on Practical & Fieldwork,Private/Foreign Affiliated University Degree,1,2,Biological Science
STU-SYN-00377,synthetic,Female,Colombo,1AB Provincial School,Tamil,B,B,A,B,B,B,Entrepreneurship Studies,B,Music,A,Agriculture,B,0,1,0,0,0,0,0,0,0,1,3.98,3.54,2.91,3.04,3.23,3.5,Cloud Infrastructure & Cybersecurity,Hands-on Practical & Fieldwork,National Diploma / Vocational Higher Education (NVQ 5/6),4,1,Technology
STU-SYN-00364,synthetic,Female,Jaffna,Type 2 School,Sinhala,A,B,B,B,B,A,ICT,B,Art,A,Design_Tech,A,1,1,0,0,1,1,1,1,0,1,5.0,4.6,2.7,3.28,2.35,4.24,Biosystems & Industrial Food Tech,Team-based & Project-driven,National Diploma / Vocational Higher Education (NVQ 5/6),3,1,Technology
STU-SYN-00140,synthetic,Male,Puttalam,Type 2 School,Sinhala,S,C,A,A,B,B,Geography,C,Art,B,Home_Economics,A,1,1,0,1,1,1,0,0,1,1,1.92,3.83,5.0,3.98,3.86,2.4,"Law, Judiciary & Advocacy","Structured, Routine & Detail-focused",State University Technology/Applied Degree,1,3,Arts
STU-SYN-00885,synthetic,Female,Colombo,1AB National School,Sinhala,B,A,C,B,A,B,ICT,B,Art,B,Design_Tech,A,1,0,0,0,0,1,1,0,1,0,4.55,3.61,2.2,1.62,3.61,2.09,Biosystems & Industrial Food Tech,"Structured, Routine & Detail-focused",National Diploma / Vocational Higher Education (NVQ 5/6),4,5,Technology
STU-SYN-01042,synthetic,Male,Colombo,1AB Provincial School,Tamil,C,B,A,A,A,B,Commerce,B,Art,S,Design_Tech,A,0,1,0,1,0,0,1,0,1,0,4.75,3.63,1.12,2.34,4.18,5.0,Data Science & Analytics,Client-facing & Communicative,State University Degree (UGC Merit/District),3,4,Physical Science
STU-SYN-00225,synthetic,Female,Nuwara Eliya,1C School,Sinhala,A,W,C,B,A,C,Geography,B,Music,B,Agriculture,C,0,0,1,1,0,0,1,1,0,1,2.24,3.57,4.87,4.32,3.74,3.24,Journalism & Digital Mass Media,Hands-on Practical & Fieldwork,State University Technology/Applied Degree,3,1,Arts
STU-SYN-00515,synthetic,Male,Batticaloa,1AB Provincial School,Tamil,B,C,S,B,A,A,Entrepreneurship Studies,C,Music,A,Health_Science,C,1,1,0,0,1,0,1,1,1,0,2.22,3.37,1.44,3.08,4.54,4.31,Digital Marketing & Brand Strategy,Hands-on Practical & Fieldwork,Professional Qualification (CA/CIMA/SLIIT/IESL/Attorney),3,5,Commerce
STU-SYN-00267,synthetic,Female,Colombo,1AB Provincial School,Sinhala,W,S,C,A,A,A,Geography,A,Music,B,Agriculture,B,1,0,0,1,0,0,0,0,1,1,1.73,2.77,3.87,4.36,3.91,2.74,"Law, Judiciary & Advocacy",Client-facing & Communicative,Private/Foreign Affiliated University Degree,1,3,Arts
STU-SYN-01170,synthetic,Male,Badulla,1AB National School,Tamil,A,A,B,A,A,A,Second Language,B,Dancing,C,Home_Economics,A,0,0,0,1,1,1,0,1,0,1,1.48,2.69,4.51,4.73,3.21,2.86,Psychology & Social Work,"Structured, Routine & Detail-focused",National Diploma / Vocational Higher Education (NVQ 5/6),3,1,Arts
STU-SYN-00487,synthetic,Female,Galle,1AB Provincial School,Sinhala,A,A,B,B,A,A,ICT,B,Art,A,Agriculture,S,0,1,1,1,0,0,0,0,1,0,4.11,4.15,2.45,2.29,4.11,3.58,Biosystems & Industrial Food Tech,Independent Analytical & Research,Private/Foreign Affiliated University Degree,3,3,Technology
STU-SYN-00353,synthetic,Male,Kurunegala,1AB National School,Sinhala,S,B,B,B,A,B,Civics,S,Drama,B,Home_Economics,S,0,1,0,1,1,1,1,0,1,0,2.04,2.95,4.78,3.03,2.75,3.15,International Relations & Diplomacy,Client-facing & Communicative,State University Degree (UGC Merit/District),5,3,Arts
STU-SYN-01006,synthetic,Female,Matara,1AB Provincial School,Sinhala,B,C,A,B,A,B,Entrepreneurship Studies,A,Art,A,Home_Economics,A,0,1,0,0,0,0,1,1,0,1,1.92,3.11,3.03,4.05,3.96,4.9,Digital Marketing & Brand Strategy,Independent Analytical & Research,Private/Foreign Affiliated University Degree,4,2,Commerce
STU-SYN-00618,synthetic,Male,Colombo,1AB National School,Sinhala,C,A,S,C,C,A,ICT,C,Music,A,Aquatic_Resources,S,0,1,1,0,0,0,0,0,0,0,4.87,3.52,1.97,3.35,2.68,4.96,Construction & Quantity Surveying Tech,Hands-on Practical & Fieldwork,National Diploma / Vocational Higher Education (NVQ 5/6),3,4,Technology
STU-SYN-00668,synthetic,Female,Anuradhapura,1AB Provincial School,Sinhala,A,A,A,C,C,C,Commerce,C,Music,A,Agriculture,A,1,0,1,1,0,0,1,1,1,0,4.88,5.0,2.51,2.12,3.74,4.82,Electronics & Embedded Systems,Team-based & Project-driven,Private/Foreign Affiliated University Degree,4,4,Physical Science
STU-SYN-00775,synthetic,Female,Badulla,1AB National School,Sinhala,A,B,B,C,C,A,Commerce,A,Music,B,Design_Tech,B,1,1,0,0,0,0,1,0,0,1,2.29,3.64,2.3,4.08,4.31,4.2,Digital Marketing & Brand Strategy,Client-facing & Communicative,Professional Qualification (CA/CIMA/SLIIT/IESL/Attorney),2,2,Commerce
STU-SYN-00554,synthetic,Female,Kegalle,1AB Provincial School,Sinhala,A,A,C,C,B,C,Geography,A,English Literature,A,Design_Tech,A,0,0,1,0,0,0,0,1,0,0,4.84,4.34,2.61,2.15,2.92,3.75,Quantitative Finance & Actuarial,Client-facing & Communicative,National Diploma / Vocational Higher Education (NVQ 5/6),3,1,Physical Science
STU-SYN-00576,synthetic,Female,Colombo,1C School,Sinhala,B,B,A,A,B,A,Civics,S,Music,B,Home_Economics,B,0,1,0,1,0,0,1,1,0,1,2.34,3.83,5.0,4.91,3.09,2.02,International Relations & Diplomacy,Team-based & Project-driven,State University Technology/Applied Degree,3,2,Arts
STU-SYN-00915,synthetic,Female,Anuradhapura,Private/Semi-Government,Sinhala,S,W,B,A,A,A,Geography,B,Music,B,Home_Economics,A,0,0,0,0,1,0,1,1,1,0,3.52,3.11,4.26,4.39,3.49,3.06,Psychology & Social Work,Client-facing & Communicative,State University Technology/Applied Degree,4,3,Arts
STU-SYN-00466,synthetic,Female,Kegalle,1AB National School,Sinhala,B,B,B,B,C,A,Commerce,S,Drama,C,Design_Tech,A,1,1,0,1,0,0,0,1,1,0,3.01,3.95,2.45,2.99,5.0,4.78,"Accounting, Audit & Taxation",Team-based & Project-driven,Professional Qualification (CA/CIMA/SLIIT/IESL/Attorney),4,2,Commerce
STU-SYN-00591,synthetic,Female,Colombo,1C School,Tamil,A,A,A,A,B,A,ICT,A,Music,A,Design_Tech,A,1,0,0,1,0,1,0,1,0,0,4.51,5.0,2.03,3.02,3.28,3.85,Software Engineering & AI,"Structured, Routine & Detail-focused",State University Degree (UGC Merit/District),4,3,Physical Science
STU-SYN-00765,synthetic,Female,Gampaha,1AB Provincial School,Sinhala,B,B,A,C,S,B,Entrepreneurship Studies,B,Drama,A,Design_Tech,B,0,0,0,0,0,0,1,1,1,1,2.35,3.46,2.42,2.86,5.0,5.0,Banking & Investment Management,Hands-on Practical & Fieldwork,Professional Qualification (CA/CIMA/SLIIT/IESL/Attorney),3,1,Commerce
STU-SYN-00635,synthetic,Female,Matale,Type 2 School,English,B,A,A,A,B,A,Geography,B,Music,A,Health_Science,B,0,0,0,1,1,0,0,0,1,0,1.92,3.56,5.0,3.22,3.84,3.1,UI/UX Design & Creative Direction,Hands-on Practical & Fieldwork,State University Degree (UGC Merit/District),5,2,Arts
STU-SYN-00838,synthetic,Female,Kilinochchi,1AB National School,Sinhala,B,B,A,A,A,A,Second Language,B,Drama,A,Health_Science,C,0,1,0,1,0,1,1,1,1,0,1.96,3.25,4.33,3.7,3.11,3.06,Psychology & Social Work,Hands-on Practical & Fieldwork,National Diploma / Vocational Higher Education (NVQ 5/6),4,2,Arts
STU-SYN-00290,synthetic,Female,Colombo,Type 2 School,Tamil,A,A,B,B,B,A,ICT,A,Drama,B,Design_Tech,A,1,1,1,0,0,0,0,1,0,1,5.0,4.87,2.69,3.66,3.68,3.97,Biosystems & Industrial Food Tech,"Structured, Routine & Detail-focused",National Diploma / Vocational Higher Education (NVQ 5/6),5,3,Technology
STU-SYN-00040,synthetic,Male,Matara,1AB Provincial School,English,C,B,B,C,B,A,Commerce,B,Music,B,Home_Economics,S,0,1,0,0,0,0,0,1,0,1,1.73,3.65,3.04,3.52,3.89,3.95,Banking & Investment Management,Hands-on Practical & Fieldwork,State University Technology/Applied Degree,4,2,Commerce
STU-SYN-00031,synthetic,Male,Kandy,1AB Provincial School,Sinhala,C,A,A,A,A,B,Civics,A,Dancing,B,Agriculture,C,1,0,0,0,1,0,1,0,1,1,2.05,3.47,3.65,3.81,3.46,2.12,"Law, Judiciary & Advocacy",Team-based & Project-driven,Private/Foreign Affiliated University Degree,4,2,Arts
STU-SYN-00243,synthetic,Male,Matara,1AB Provincial School,Tamil,B,A,B,A,B,A,Commerce,B,Music,A,Health_Science,A,0,1,0,0,0,0,0,1,0,1,3.72,5.0,1.42,1.95,3.02,4.59,Data Science & Analytics,Independent Analytical & Research,State University Technology/Applied Degree,3,2,Physical Science
STU-SYN-00429,synthetic,Female,Matara,1C School,Sinhala,A,B,A,A,B,B,Civics,C,English Literature,A,Agriculture,A,0,1,0,1,0,0,0,1,1,0,3.7,4.43,2.55,4.04,1.99,4.44,Public Health & Nutrition,Independent Analytical & Research,National Diploma / Vocational Higher Education (NVQ 5/6),2,2,Biological Science
STU-SYN-00137,synthetic,Female,Kurunegala,1AB National School,Sinhala,A,A,A,C,B,A,Geography,A,Art,C,Health_Science,A,1,0,0,0,1,1,1,0,0,0,2.83,4.47,1.0,4.33,2.71,4.05,Medicine & Clinical Surgery,Team-based & Project-driven,National Diploma / Vocational Higher Education (NVQ 5/6),3,1,Biological Science
STU-SYN-01101,synthetic,Male,Kalutara,Type 2 School,Sinhala,B,A,A,B,B,B,Geography,A,Music,C,Home_Economics,C,0,1,0,1,1,0,0,0,1,0,3.65,4.99,1.95,5.0,3.32,3.91,Biomedical & Molecular Genetics,"Structured, Routine & Detail-focused",Private/Foreign Affiliated University Degree,3,4,Biological Science
STU-SYN-00865,synthetic,Male,Kegalle,1AB National School,Tamil,B,A,A,B,S,B,Entrepreneurship Studies,B,Drama,S,Agriculture,B,1,1,0,1,1,1,1,1,0,1,4.46,3.52,2.46,2.69,3.65,3.35,Biosystems & Industrial Food Tech,"Structured, Routine & Detail-focused",Professional Qualification (CA/CIMA/SLIIT/IESL/Attorney),5,3,Technology
STU-SYN-00004,synthetic,Female,Jaffna,1AB National School,Tamil,C,B,B,A,C,A,Civics,C,Drama,A,Health_Science,B,0,1,1,1,1,1,1,0,1,0,3.7,3.83,4.26,3.13,3.75,2.05,UI/UX Design & Creative Direction,Hands-on Practical & Fieldwork,Private/Foreign Affiliated University Degree,3,1,Arts
STU-SYN-00833,synthetic,Female,Gampaha,1AB National School,Sinhala,C,S,B,A,A,B,Civics,C,Drama,B,Home_Economics,B,1,1,0,1,1,0,1,0,1,0,1.81,2.81,5.0,4.67,3.07,2.2,UI/UX Design & Creative Direction,Hands-on Practical & Fieldwork,Professional Qualification (CA/CIMA/SLIIT/IESL/Attorney),3,1,Arts
STU-SYN-00603,synthetic,Female,Hambantota,1C School,Sinhala,A,B,A,A,A,A,Civics,B,Art,B,Health_Science,B,1,1,0,0,0,0,1,0,1,0,3.3,5.0,2.18,4.53,2.79,2.98,Veterinary Medicine,"Structured, Routine & Detail-focused",State University Technology/Applied Degree,4,4,Biological Science
STU-SYN-01034,synthetic,Female,Galle,1AB Provincial School,Sinhala,B,S,B,A,C,B,Geography,S,Art,A,Home_Economics,A,1,1,0,0,0,1,1,0,0,0,1.69,3.44,5.0,4.77,3.34,2.24,"Law, Judiciary & Advocacy","Structured, Routine & Detail-focused",Private/Foreign Affiliated University Degree,4,3,Arts
STU-SYN-00655,synthetic,Male,Kurunegala,1AB National School,English,B,C,B,C,B,A,Commerce,A,Music,B,Design_Tech,C,1,1,0,0,1,1,0,1,0,1,1.8,3.62,2.35,3.49,4.51,5.0,Business Management & Entrepreneurship,"Structured, Routine & Detail-focused",State University Degree (UGC Merit/District),4,3,Commerce
STU-SYN-00844,synthetic,Female,Colombo,1AB Provincial School,Sinhala,B,A,W,A,C,B,Commerce,C,Drama,A,Design_Tech,B,0,0,0,1,0,1,0,1,0,0,2.2,2.72,2.12,3.47,4.45,4.75,Banking & Investment Management,"Structured, Routine & Detail-focused",State University Degree (UGC Merit/District),4,3,Commerce
STU-SYN-00784,synthetic,Female,Mullaitivu,1C School,Sinhala,C,B,S,B,A,B,ICT,A,Drama,B,Design_Tech,W,1,1,1,1,0,1,0,0,0,0,4.13,4.92,2.3,1.65,3.52,4.17,"Robotics, Mechatronics & Automation",Team-based & Project-driven,Professional Qualification (CA/CIMA/SLIIT/IESL/Attorney),4,3,Technology
STU-SYN-01074,synthetic,Female,Kandy,1AB National School,Sinhala,A,S,B,A,B,A,ICT,B,English Literature,A,Design_Tech,C,1,0,0,0,1,1,0,1,1,0,3.69,3.74,1.68,2.61,2.33,2.94,Data Science & Analytics,Independent Analytical & Research,Professional Qualification (CA/CIMA/SLIIT/IESL/Attorney),5,3,Physical Science
STU-SYN-00443,synthetic,Male,Puttalam,1AB National School,Sinhala,B,A,B,A,A,S,Geography,A,Art,B,Health_Science,B,1,0,0,0,1,0,0,0,1,0,4.06,3.76,1.85,5.0,2.96,2.98,Medicine & Clinical Surgery,"Structured, Routine & Detail-focused",Professional Qualification (CA/CIMA/SLIIT/IESL/Attorney),3,3,Biological Science
STU-SYN-01178,synthetic,Female,Kandy,Type 2 School,Sinhala,C,B,A,B,A,A,ICT,A,Music,S,Agriculture,B,0,1,0,0,0,0,0,1,0,1,4.97,4.29,2.35,2.81,3.74,4.3,Applied Automotive & Mechanical Tech,Independent Analytical & Research,National Diploma / Vocational Higher Education (NVQ 5/6),2,2,Technology
STU-SYN-00436,synthetic,Male,Anuradhapura,1AB National School,Sinhala,A,A,A,B,B,A,ICT,C,English Literature,A,Health_Science,C,1,1,0,0,0,0,0,0,1,0,3.08,3.83,1.86,4.75,3.02,3.62,Public Health & Nutrition,Team-based & Project-driven,Private/Foreign Affiliated University Degree,2,4,Biological Science
STU-SYN-01169,synthetic,Female,Matara,Type 2 School,Sinhala,C,S,B,C,A,A,Geography,A,Art,C,Home_Economics,A,0,1,0,1,1,1,0,0,0,0,1.87,4.29,4.42,5.0,4.12,2.24,UI/UX Design & Creative Direction,Client-facing & Communicative,Private/Foreign Affiliated University Degree,1,2,Arts
STU-SYN-00101,synthetic,Female,Matara,1AB Provincial School,Sinhala,S,S,A,A,C,A,ICT,A,Drama,A,Agriculture,A,0,1,1,0,0,1,0,0,1,0,5.0,4.02,2.25,2.86,3.77,3.72,"Robotics, Mechatronics & Automation",Team-based & Project-driven,State University Technology/Applied Degree,3,2,Technology
STU-SYN-00773,synthetic,Female,Kalutara,1AB National School,Tamil,S,B,C,A,C,A,ICT,A,Music,C,Health_Science,A,1,1,0,1,0,0,1,0,0,0,3.86,4.71,2.71,4.53,2.84,3.8,Public Health & Nutrition,"Structured, Routine & Detail-focused",State University Degree (UGC Merit/District),2,3,Biological Science
STU-SYN-00495,synthetic,Male,Kandy,1AB Provincial School,Sinhala,S,B,B,B,C,B,ICT,A,English Literature,A,Design_Tech,B,0,1,1,1,0,0,1,0,0,0,4.28,4.73,2.64,1.87,3.09,3.0,Mechanical & Aerospace Engineering,Independent Analytical & Research,State University Degree (UGC Merit/District),3,2,Physical Science
STU-SYN-01028,synthetic,Male,Anuradhapura,1AB Provincial School,English,A,B,S,B,B,A,ICT,W,Music,C,Health_Science,S,0,1,1,0,0,1,0,1,0,0,4.15,3.84,1.62,2.6,3.52,3.89,Quantitative Finance & Actuarial,Team-based & Project-driven,State University Technology/Applied Degree,4,3,Physical Science
STU-SYN-00807,synthetic,Female,Colombo,1AB Provincial School,Sinhala,A,B,C,A,B,B,Geography,A,Music,A,Design_Tech,A,0,1,0,1,0,0,0,0,0,1,4.5,4.42,2.27,3.19,4.02,3.79,Cloud Infrastructure & Cybersecurity,Hands-on Practical & Fieldwork,State University Technology/Applied Degree,4,4,Technology
STU-SYN-01142,synthetic,Male,Kalutara,Private/Semi-Government,Sinhala,B,A,B,C,A,A,Commerce,B,Drama,B,Home_Economics,A,1,0,0,1,0,1,0,1,0,0,2.83,3.85,2.27,3.44,3.79,4.33,Digital Marketing & Brand Strategy,Independent Analytical & Research,State University Degree (UGC Merit/District),3,3,Commerce
STU-SYN-00846,synthetic,Male,Monaragala,1AB National School,Sinhala,B,A,A,A,C,A,Entrepreneurship Studies,B,Drama,A,Design_Tech,B,1,0,0,0,0,0,1,0,0,0,1.87,3.65,2.5,4.71,4.31,5.0,Banking & Investment Management,Hands-on Practical & Fieldwork,Professional Qualification (CA/CIMA/SLIIT/IESL/Attorney),4,5,Commerce
STU-SYN-00987,synthetic,Male,Jaffna,1C School,Sinhala,A,B,B,C,A,C,Geography,C,English Literature,A,Health_Science,B,1,0,0,0,0,0,1,0,0,0,3.27,5.0,2.2,4.22,3.37,4.06,Sustainable Agriculture & Forestry,"Structured, Routine & Detail-focused",National Diploma / Vocational Higher Education (NVQ 5/6),1,1,Biological Science
STU-SYN-00228,synthetic,Female,Batticaloa,1AB Provincial School,Tamil,C,S,B,C,B,A,Geography,S,Drama,B,Health_Science,A,0,1,0,1,0,1,1,1,0,0,2.17,4.36,4.71,4.81,2.61,2.24,Language Translation & Linguistics,Independent Analytical & Research,State University Degree (UGC Merit/District),4,3,Arts
STU-SYN-01193,synthetic,Female,Jaffna,1AB Provincial School,Sinhala,A,B,C,A,A,B,Geography,A,Music,B,Health_Science,C,0,1,1,1,1,1,0,0,0,0,4.38,4.79,2.02,2.01,3.6,4.22,Software Engineering & AI,"Structured, Routine & Detail-focused",Professional Qualification (CA/CIMA/SLIIT/IESL/Attorney),3,3,Physical Science
STU-SYN-00672,synthetic,Male,Ampara,Type 2 School,Sinhala,S,A,C,B,A,B,ICT,C,Art,C,Design_Tech,C,1,1,1,0,0,0,0,0,0,0,5.0,4.28,2.44,3.09,3.63,4.26,Software Engineering & AI,Client-facing & Communicative,Private/Foreign Affiliated University Degree,4,4,Physical Science
STU-SYN-00859,synthetic,Male,Gampaha,1C School,Tamil,B,C,A,C,C,B,ICT,C,English Literature,A,Design_Tech,B,0,1,1,0,1,1,1,1,0,0,4.75,4.82,3.1,2.48,3.53,4.09,Data Science & Analytics,Independent Analytical & Research,State University Degree (UGC Merit/District),4,2,Physical Science
STU-SYN-00925,synthetic,Female,Trincomalee,1AB Provincial School,Sinhala,B,C,A,B,C,B,Second Language,A,Drama,B,Health_Science,B,1,0,0,0,0,0,1,0,1,0,2.54,3.86,4.94,3.7,3.72,1.78,"Law, Judiciary & Advocacy","Structured, Routine & Detail-focused",National Diploma / Vocational Higher Education (NVQ 5/6),5,4,Arts
STU-SYN-00067,synthetic,Female,Puttalam,1AB National School,English,S,S,A,B,B,A,Civics,A,English Literature,A,Health_Science,A,1,0,0,0,1,0,0,0,1,1,2.68,4.61,1.45,4.01,2.37,3.36,Pharmaceutical & Drug Development,Hands-on Practical & Fieldwork,National Diploma / Vocational Higher Education (NVQ 5/6),4,5,Biological Science
STU-SYN-00068,synthetic,Female,Gampaha,Type 2 School,Tamil,B,B,S,A,B,A,Commerce,B,Art,B,Design_Tech,B,0,0,0,1,1,0,0,1,1,1,1.0,3.1,3.18,3.8,4.74,5.0,Digital Marketing & Brand Strategy,"Structured, Routine & Detail-focused",State University Degree (UGC Merit/District),4,3,Commerce
STU-SYN-00817,synthetic,Male,Kurunegala,Type 2 School,Sinhala,A,A,A,A,B,A,Geography,A,Music,A,Health_Science,A,0,1,0,0,1,1,1,0,0,0,2.51,5.0,2.01,4.87,1.63,4.07,Biomedical & Molecular Genetics,Team-based & Project-driven,Private/Foreign Affiliated University Degree,2,2,Biological Science
STU-SYN-00212,synthetic,Female,Monaragala,1C School,Tamil,A,A,B,A,B,A,Commerce,C,English Literature,C,Design_Tech,C,0,1,1,1,0,0,1,0,1,0,5.0,4.48,2.53,2.32,3.0,3.45,Quantitative Finance & Actuarial,Independent Analytical & Research,National Diploma / Vocational Higher Education (NVQ 5/6),4,2,Physical Science
STU-SYN-00013,synthetic,Male,Gampaha,Private/Semi-Government,Tamil,A,B,A,B,B,A,Commerce,A,Drama,A,Design_Tech,B,0,0,0,0,1,0,1,1,1,1,1.59,3.15,2.34,4.57,5.0,4.17,Digital Marketing & Brand Strategy,Hands-on Practical & Fieldwork,Private/Foreign Affiliated University Degree,4,3,Commerce
STU-SYN-00494,synthetic,Female,Ampara,1C School,Sinhala,B,A,B,B,B,A,Civics,C,Art,A,Agriculture,A,1,1,0,0,0,0,0,0,0,0,3.24,4.12,3.07,4.48,3.29,3.18,Sustainable Agriculture & Forestry,Client-facing & Communicative,State University Degree (UGC Merit/District),2,1,Biological Science
STU-SYN-01165,synthetic,Male,Gampaha,1AB Provincial School,Sinhala,A,B,A,A,A,S,ICT,B,English Literature,A,Health_Science,A,1,1,1,0,0,1,1,0,0,1,4.06,5.0,1.86,3.2,4.08,3.84,Civil & Structural Engineering,Independent Analytical & Research,Private/Foreign Affiliated University Degree,3,4,Physical Science
STU-SYN-00300,synthetic,Female,Gampaha,1AB Provincial School,Sinhala,B,A,A,B,B,A,Commerce,B,Music,B,Design_Tech,A,0,0,1,1,1,0,1,0,1,1,3.26,3.87,2.25,4.28,4.31,5.0,Banking & Investment Management,Independent Analytical & Research,National Diploma / Vocational Higher Education (NVQ 5/6),3,2,Commerce
STU-SYN-00411,synthetic,Female,Matale,1AB Provincial School,English,A,S,B,A,B,A,ICT,B,Art,B,Design_Tech,C,1,1,0,0,0,0,1,0,0,1,2.53,3.15,2.08,3.55,5.0,4.67,Banking & Investment Management,Team-based & Project-driven,Professional Qualification (CA/CIMA/SLIIT/IESL/Attorney),3,3,Commerce
STU-SYN-00757,synthetic,Female,Kalutara,1AB Provincial School,Sinhala,B,B,A,A,A,A,ICT,W,Music,A,Health_Science,A,1,0,0,1,0,1,1,0,1,0,2.38,4.37,3.64,4.83,3.57,3.93,Veterinary Medicine,Client-facing & Communicative,Private/Foreign Affiliated University Degree,2,2,Biological Science
STU-SYN-01075,synthetic,Male,Matara,1AB National School,Tamil,A,S,B,S,A,A,Commerce,S,English Literature,A,Design_Tech,B,0,0,1,0,0,0,0,0,1,1,4.82,3.92,2.21,2.74,2.86,3.51,Data Science & Analytics,"Structured, Routine & Detail-focused",Professional Qualification (CA/CIMA/SLIIT/IESL/Attorney),3,3,Physical Science
STU-SYN-00696,synthetic,Female,Puttalam,1AB Provincial School,Sinhala,S,C,C,A,C,A,ICT,B,Art,B,Design_Tech,B,0,0,1,0,0,0,0,0,0,0,4.45,4.68,3.06,2.69,3.42,2.85,Cloud Infrastructure & Cybersecurity,Hands-on Practical & Fieldwork,State University Degree (UGC Merit/District),3,4,Technology
STU-SYN-01151,synthetic,Female,Puttalam,1C School,Sinhala,B,B,A,B,B,B,Entrepreneurship Studies,B,Music,A,Design_Tech,A,1,1,1,0,1,0,1,0,1,1,2.91,3.01,2.82,3.67,4.84,4.22,"Accounting, Audit & Taxation",Hands-on Practical & Fieldwork,Private/Foreign Affiliated University Degree,3,3,Commerce
STU-SYN-00724,synthetic,Male,Nuwara Eliya,1C School,Sinhala,A,A,A,A,A,A,Entrepreneurship Studies,W,Drama,B,Design_Tech,A,0,0,0,0,1,0,0,0,1,1,2.72,4.42,2.36,3.01,5.0,5.0,Corporate Law & Compliance,Client-facing & Communicative,State University Degree (UGC Merit/District),3,2,Commerce
STU-SYN-01016,synthetic,Female,Monaragala,1AB Provincial School,Sinhala,A,B,A,A,B,A,ICT,A,Art,B,Health_Science,S,1,0,1,1,1,1,1,0,1,1,2.78,3.37,2.83,4.15,4.29,4.24,Banking & Investment Management,Hands-on Practical & Fieldwork,Private/Foreign Affiliated University Degree,4,3,Commerce
STU-SYN-00528,synthetic,Female,Batticaloa,Private/Semi-Government,Sinhala,C,C,C,A,B,A,Second Language,A,Music,B,Health_Science,C,1,0,0,0,1,0,1,0,1,0,1.83,3.54,4.26,4.26,3.6,3.43,Journalism & Digital Mass Media,Hands-on Practical & Fieldwork,National Diploma / Vocational Higher Education (NVQ 5/6),3,4,Arts
STU-SYN-00600,synthetic,Male,Puttalam,1AB Provincial School,Sinhala,S,C,A,A,B,A,Geography,A,English Literature,A,Health_Science,S,0,0,0,0,1,1,0,0,1,0,1.5,4.67,4.79,4.35,3.19,2.62,Language Translation & Linguistics,Independent Analytical & Research,Professional Qualification (CA/CIMA/SLIIT/IESL/Attorney),3,4,Arts
STU-SYN-01120,synthetic,Male,Kurunegala,1AB Provincial School,Tamil,A,C,S,A,B,A,Commerce,A,English Literature,A,Health_Science,C,0,0,1,0,0,0,0,0,1,0,3.97,4.74,2.38,2.32,2.93,3.08,Mechanical & Aerospace Engineering,Independent Analytical & Research,National Diploma / Vocational Higher Education (NVQ 5/6),3,2,Physical Science
STU-SYN-00567,synthetic,Male,Ampara,1AB Provincial School,Sinhala,C,C,A,B,B,C,Geography,C,Art,B,Home_Economics,B,1,0,0,1,0,0,0,0,0,1,2.92,4.34,2.44,4.8,2.88,3.67,Medicine & Clinical Surgery,Independent Analytical & Research,National Diploma / Vocational Higher Education (NVQ 5/6),2,5,Biological Science
STU-SYN-00731,synthetic,Female,Gampaha,1AB National School,Sinhala,C,C,A,B,B,B,Commerce,A,Art,A,Design_Tech,B,0,0,0,1,1,0,0,0,0,1,1.59,4.42,3.0,3.75,5.0,4.98,"Accounting, Audit & Taxation",Hands-on Practical & Fieldwork,National Diploma / Vocational Higher Education (NVQ 5/6),4,4,Commerce
STU-SYN-00274,synthetic,Male,Ampara,1C School,English,S,A,B,B,B,C,Geography,B,Music,B,Design_Tech,A,1,0,1,0,0,1,0,0,1,0,4.51,4.67,2.4,1.54,2.58,2.32,Data Science & Analytics,Independent Analytical & Research,Professional Qualification (CA/CIMA/SLIIT/IESL/Attorney),4,3,Physical Science
STU-SYN-00967,synthetic,Female,Galle,1AB Provincial School,Sinhala,B,C,B,A,B,B,Commerce,B,Art,S,Design_Tech,B,0,0,0,0,0,0,0,0,0,1,1.26,2.96,2.95,3.5,4.5,3.99,"Accounting, Audit & Taxation",Client-facing & Communicative,Professional Qualification (CA/CIMA/SLIIT/IESL/Attorney),3,5,Commerce
STU-SYN-00238,synthetic,Female,Galle,1C School,Sinhala,C,A,A,B,B,A,ICT,A,Music,B,Home_Economics,A,0,1,0,1,0,0,1,1,1,0,2.68,4.27,1.0,5.0,3.0,3.58,Medicine & Clinical Surgery,Client-facing & Communicative,Professional Qualification (CA/CIMA/SLIIT/IESL/Attorney),3,3,Biological Science
STU-SYN-00406,synthetic,Male,Kalutara,1AB Provincial School,Tamil,A,A,A,A,A,B,ICT,A,English Literature,B,Design_Tech,B,1,1,0,1,0,0,0,1,1,1,4.05,4.09,1.94,3.46,2.44,3.3,Quantitative Finance & Actuarial,"Structured, Routine & Detail-focused",State University Degree (UGC Merit/District),5,4,Physical Science
STU-SYN-00003,synthetic,Female,Kalutara,1AB National School,Sinhala,B,C,A,A,A,C,Geography,C,Dancing,B,Home_Economics,A,1,0,1,1,1,1,1,0,1,0,2.81,3.4,5.0,3.79,3.49,1.98,UI/UX Design & Creative Direction,"Structured, Routine & Detail-focused",State University Degree (UGC Merit/District),3,3,Arts
STU-SYN-00007,synthetic,Male,Hambantota,1AB Provincial School,Sinhala,B,A,A,A,B,B,Geography,B,English Literature,A,Agriculture,A,0,1,0,1,0,0,1,0,0,0,2.8,5.0,3.7,3.76,2.6,3.79,Biomedical & Molecular Genetics,"Structured, Routine & Detail-focused",State University Technology/Applied Degree,2,5,Biological Science
STU-SYN-00312,synthetic,Male,Matara,1AB National School,Sinhala,A,B,B,B,A,C,Commerce,A,Music,S,Health_Science,A,1,0,0,0,0,1,0,0,1,1,1.59,2.72,1.37,2.9,4.09,4.45,International Trade & Logistics,"Structured, Routine & Detail-focused",National Diploma / Vocational Higher Education (NVQ 5/6),3,3,Commerce
STU-SYN-01091,synthetic,Male,Gampaha,1AB Provincial School,Sinhala,A,C,A,A,A,A,Entrepreneurship Studies,C,Art,B,Design_Tech,A,1,0,0,1,1,0,0,1,1,0,2.84,3.69,1.31,2.87,5.0,4.75,Business Management & Entrepreneurship,Client-facing & Communicative,National Diploma / Vocational Higher Education (NVQ 5/6),4,3,Commerce
STU-SYN-00452,synthetic,Female,Gampaha,1AB National School,Tamil,A,A,S,C,A,B,ICT,B,Art,A,Design_Tech,A,1,1,0,0,0,0,0,1,0,0,5.0,4.01,1.88,2.92,2.78,3.68,Construction & Quantity Surveying Tech,Hands-on Practical & Fieldwork,State University Technology/Applied Degree,2,2,Technology
STU-SYN-00722,synthetic,Female,Kurunegala,1AB Provincial School,English,B,A,A,B,C,B,ICT,A,Art,C,Agriculture,A,0,1,1,0,0,0,0,0,0,0,4.31,4.38,2.65,1.84,3.13,4.32,Civil & Structural Engineering,Hands-on Practical & Fieldwork,State University Technology/Applied Degree,5,3,Physical Science
STU-SYN-00216,synthetic,Male,Ratnapura,1AB National School,Tamil,B,C,A,A,B,A,Geography,S,Music,A,Agriculture,A,0,1,0,1,0,0,1,0,1,0,1.7,4.2,4.4,4.0,3.79,2.83,"Law, Judiciary & Advocacy",Team-based & Project-driven,National Diploma / Vocational Higher Education (NVQ 5/6),3,3,Arts
STU-SYN-01086,synthetic,Female,Hambantota,1C School,Sinhala,A,A,B,B,S,B,Commerce,C,Drama,C,Design_Tech,C,0,0,0,0,0,1,0,1,1,1,2.66,3.98,2.55,4.23,4.47,4.63,Business Management & Entrepreneurship,Hands-on Practical & Fieldwork,National Diploma / Vocational Higher Education (NVQ 5/6),3,5,Commerce
STU-SYN-00028,synthetic,Female,Kegalle,1AB Provincial School,Sinhala,B,B,C,A,B,A,Geography,C,Art,C,Design_Tech,A,0,0,0,0,0,0,0,0,1,1,4.14,4.13,2.25,2.41,3.74,3.99,Biosystems & Industrial Food Tech,"Structured, Routine & Detail-focused",National Diploma / Vocational Higher Education (NVQ 5/6),3,3,Technology
STU-SYN-01158,synthetic,Female,Kegalle,1AB National School,Sinhala,A,A,S,A,C,B,Commerce,A,Art,C,Health_Science,A,0,1,1,1,0,0,0,1,0,0,3.8,5.0,2.19,2.22,2.93,4.32,Mechanical & Aerospace Engineering,Independent Analytical & Research,Private/Foreign Affiliated University Degree,3,2,Physical Science
STU-SYN-00362,synthetic,Male,Batticaloa,1AB Provincial School,Tamil,C,B,B,B,C,A,Entrepreneurship Studies,A,Music,W,Home_Economics,A,1,1,0,1,1,0,1,0,1,1,1.86,2.32,2.97,3.2,5.0,4.29,International Trade & Logistics,Independent Analytical & Research,Professional Qualification (CA/CIMA/SLIIT/IESL/Attorney),4,3,Commerce
STU-SYN-00823,synthetic,Female,Batticaloa,1AB Provincial School,Sinhala,C,B,C,A,A,B,Geography,B,Music,B,Agriculture,B,1,1,0,0,1,0,1,0,1,0,4.53,4.84,2.02,4.4,2.55,3.4,Public Health & Nutrition,Independent Analytical & Research,Professional Qualification (CA/CIMA/SLIIT/IESL/Attorney),3,3,Biological Science
STU-SYN-00781,synthetic,Male,Badulla,1AB National School,Tamil,B,C,A,A,B,B,ICT,C,Art,A,Home_Economics,B,0,0,0,1,0,1,0,1,0,1,1.94,2.56,1.8,3.01,4.58,4.03,International Trade & Logistics,Independent Analytical & Research,Professional Qualification (CA/CIMA/SLIIT/IESL/Attorney),2,3,Commerce
STU-SYN-00629,synthetic,Female,Kalutara,1C School,Tamil,A,B,A,B,B,S,Geography,B,English Literature,B,Design_Tech,A,1,0,1,1,0,1,0,0,0,0,4.3,4.5,2.48,2.2,2.61,3.52,Electronics & Embedded Systems,Independent Analytical & Research,Professional Qualification (CA/CIMA/SLIIT/IESL/Attorney),4,5,Physical Science
STU-SYN-00454,synthetic,Female,Matara,1AB National School,Sinhala,A,W,A,A,A,A,Entrepreneurship Studies,B,Drama,A,Home_Economics,C,0,1,0,0,0,0,1,1,1,1,1.55,3.2,2.15,1.71,4.41,4.21,Corporate Law & Compliance,Independent Analytical & Research,National Diploma / Vocational Higher Education (NVQ 5/6),3,3,Commerce
STU-SYN-00739,synthetic,Male,Matara,1AB National School,Sinhala,B,S,A,A,B,A,Civics,C,Music,C,Health_Science,A,1,0,0,1,0,0,0,0,1,0,3.92,4.9,2.11,4.41,1.94,3.1,Pharmaceutical & Drug Development,Hands-on Practical & Fieldwork,State University Technology/Applied Degree,4,3,Biological Science
STU-SYN-00536,synthetic,Female,Kandy,1C School,Sinhala,S,C,A,B,B,B,Geography,C,Art,A,Health_Science,C,1,1,0,1,0,1,0,0,1,1,2.61,4.58,4.1,4.62,3.8,2.56,International Relations & Diplomacy,Hands-on Practical & Fieldwork,Private/Foreign Affiliated University Degree,4,1,Arts
STU-SYN-01050,synthetic,Female,Matara,1AB Provincial School,English,B,C,A,A,A,A,ICT,B,Drama,B,Health_Science,A,1,1,0,1,0,0,1,1,0,1,1.72,3.0,3.02,2.62,5.0,4.68,Banking & Investment Management,Independent Analytical & Research,National Diploma / Vocational Higher Education (NVQ 5/6),3,5,Commerce
STU-SYN-00399,synthetic,Female,Colombo,1C School,Sinhala,C,A,A,A,C,A,Entrepreneurship Studies,A,Art,A,Design_Tech,S,0,1,0,1,0,0,0,0,1,1,4.46,4.52,2.53,2.88,2.95,3.7,Construction & Quantity Surveying Tech,Hands-on Practical & Fieldwork,National Diploma / Vocational Higher Education (NVQ 5/6),3,4,Technology
STU-SYN-00257,synthetic,Male,Kalutara,1C School,Tamil,C,A,A,C,A,B,ICT,A,Art,B,Health_Science,S,1,0,1,0,1,0,0,0,1,1,4.39,4.13,1.89,2.05,2.71,3.95,Software Engineering & AI,Hands-on Practical & Fieldwork,Private/Foreign Affiliated University Degree,4,4,Physical Science
STU-SYN-00292,synthetic,Female,Kegalle,Private/Semi-Government,Sinhala,B,A,B,A,B,B,ICT,A,Drama,A,Agriculture,A,1,1,1,0,0,0,0,0,0,0,4.63,3.48,1.78,1.45,1.68,3.73,Biosystems & Industrial Food Tech,Hands-on Practical & Fieldwork,Professional Qualification (CA/CIMA/SLIIT/IESL/Attorney),4,3,Technology
STU-SYN-00026,synthetic,Male,Polonnaruwa,Type 2 School,Sinhala,S,A,B,A,A,A,ICT,A,English Literature,C,Agriculture,A,0,1,0,0,0,0,1,1,0,0,3.67,5.0,2.26,4.2,2.98,1.99,Pharmaceutical & Drug Development,Team-based & Project-driven,National Diploma / Vocational Higher Education (NVQ 5/6),4,3,Biological Science
STU-SYN-00337,synthetic,Male,Kandy,1AB National School,Sinhala,A,C,A,B,A,C,Civics,A,Music,B,Health_Science,A,0,0,0,1,0,1,0,0,1,0,2.43,4.25,5.0,5.0,3.21,1.49,Psychology & Social Work,Independent Analytical & Research,National Diploma / Vocational Higher Education (NVQ 5/6),2,2,Arts
STU-SYN-00585,synthetic,Female,Gampaha,1C School,Sinhala,B,A,S,A,A,A,ICT,B,Art,B,Design_Tech,B,0,1,0,1,1,1,0,1,1,1,2.88,5.0,2.01,2.98,3.79,3.11,Quantitative Finance & Actuarial,"Structured, Routine & Detail-focused",State University Degree (UGC Merit/District),5,3,Physical Science
STU-SYN-00048,synthetic,Male,Matara,1C School,Sinhala,C,B,B,A,B,B,Entrepreneurship Studies,B,Music,B,Design_Tech,A,0,1,0,0,0,1,0,1,1,1,1.55,2.97,2.15,2.92,4.02,4.62,International Trade & Logistics,Hands-on Practical & Fieldwork,State University Degree (UGC Merit/District),3,3,Commerce
STU-SYN-00319,synthetic,Female,Kurunegala,1AB National School,Sinhala,B,C,A,C,B,A,ICT,C,Art,A,Design_Tech,A,0,1,0,0,1,1,1,1,1,0,5.0,3.55,2.35,1.83,2.98,3.35,Data Science & Analytics,Team-based & Project-driven,Private/Foreign Affiliated University Degree,3,5,Physical Science
STU-SYN-00107,synthetic,Male,Nuwara Eliya,1AB National School,Sinhala,A,A,S,A,B,A,ICT,A,English Literature,B,Design_Tech,A,1,0,0,1,0,1,0,1,1,0,3.32,3.81,1.78,1.92,3.62,3.89,Civil & Structural Engineering,"Structured, Routine & Detail-focused",Private/Foreign Affiliated University Degree,4,3,Physical Science
STU-SYN-00799,synthetic,Female,Kurunegala,1C School,Sinhala,B,C,B,C,C,A,ICT,S,Art,B,Agriculture,A,0,1,0,1,1,0,1,0,1,0,5.0,3.89,2.38,2.85,3.17,3.52,Construction & Quantity Surveying Tech,Team-based & Project-driven,State University Technology/Applied Degree,4,2,Technology
STU-SYN-00056,synthetic,Male,Matara,Private/Semi-Government,Sinhala,C,A,A,B,A,A,ICT,B,Art,A,Design_Tech,C,1,1,0,1,0,0,1,0,0,1,3.83,3.6,1.87,1.9,2.4,4.65,Civil & Structural Engineering,Hands-on Practical & Fieldwork,State University Degree (UGC Merit/District),3,3,Physical Science
STU-SYN-00523,synthetic,Male,Gampaha,1AB National School,Sinhala,C,B,B,A,B,C,ICT,A,Art,B,Design_Tech,A,0,0,1,0,0,0,1,1,1,0,4.73,3.27,2.54,2.25,2.57,3.61,Renewable Energy & Power Systems,Client-facing & Communicative,Private/Foreign Affiliated University Degree,4,2,Technology
STU-SYN-00214,synthetic,Male,Gampaha,1AB Provincial School,Tamil,B,S,A,B,S,B,ICT,B,Art,A,Design_Tech,C,1,0,1,0,0,1,0,1,0,0,4.57,4.67,1.79,2.03,2.84,3.6,Cloud Infrastructure & Cybersecurity,"Structured, Routine & Detail-focused",Professional Qualification (CA/CIMA/SLIIT/IESL/Attorney),5,3,Technology
STU-SYN-00121,synthetic,Female,Nuwara Eliya,1AB National School,Sinhala,A,B,C,A,B,A,Commerce,A,Music,S,Health_Science,B,0,1,1,1,0,0,1,0,1,0,3.57,4.78,1.01,2.48,2.64,3.76,Civil & Structural Engineering,Team-based & Project-driven,Private/Foreign Affiliated University Degree,1,3,Physical Science
STU-SYN-00918,synthetic,Male,Galle,1AB National School,English,C,S,C,B,B,A,ICT,A,Music,C,Design_Tech,S,0,0,0,1,1,0,1,0,0,1,2.6,3.79,3.01,3.2,5.0,4.79,Corporate Law & Compliance,Client-facing & Communicative,Private/Foreign Affiliated University Degree,5,2,Commerce
STU-SYN-01068,synthetic,Male,Colombo,1C School,Sinhala,A,A,A,A,B,A,ICT,B,Music,C,Health_Science,A,0,0,0,0,0,0,1,1,0,0,3.38,5.0,1.82,4.74,2.64,2.75,Sustainable Agriculture & Forestry,Hands-on Practical & Fieldwork,State University Degree (UGC Merit/District),2,4,Biological Science
STU-SYN-01118,synthetic,Male,Monaragala,Type 2 School,Sinhala,A,S,B,A,A,B,Commerce,A,Drama,C,Health_Science,B,1,0,0,0,0,0,0,0,0,1,1.96,2.52,1.9,3.01,3.7,3.85,Digital Marketing & Brand Strategy,Client-facing & Communicative,State University Technology/Applied Degree,3,5,Commerce
STU-SYN-00073,synthetic,Male,Gampaha,Type 2 School,Sinhala,B,A,A,B,A,B,ICT,B,Music,B,Agriculture,A,1,1,1,0,0,1,0,0,1,1,4.95,4.78,2.28,3.15,3.02,2.98,Renewable Energy & Power Systems,Team-based & Project-driven,Professional Qualification (CA/CIMA/SLIIT/IESL/Attorney),1,2,Technology
STU-SYN-00948,synthetic,Male,Ampara,1AB National School,Sinhala,B,C,A,A,C,A,Geography,B,Music,C,Design_Tech,B,1,1,1,0,0,0,0,1,1,0,3.61,4.77,1.76,3.24,2.59,3.94,Software Engineering & AI,Client-facing & Communicative,State University Degree (UGC Merit/District),3,3,Physical Science
STU-SYN-00747,synthetic,Male,Mannar,1AB Provincial School,Sinhala,C,A,A,A,A,A,ICT,B,English Literature,A,Home_Economics,C,0,0,0,0,0,0,1,0,1,0,3.11,5.0,1.99,4.71,3.43,3.49,Public Health & Nutrition,Team-based & Project-driven,State University Degree (UGC Merit/District),3,3,Biological Science
STU-SYN-00716,synthetic,Female,Colombo,Type 2 School,Sinhala,B,A,S,S,B,B,ICT,C,Drama,A,Design_Tech,A,1,0,1,0,0,0,1,0,1,0,5.0,3.74,2.98,2.85,2.47,4.12,"Robotics, Mechatronics & Automation","Structured, Routine & Detail-focused",State University Technology/Applied Degree,3,3,Technology
STU-SYN-00558,synthetic,Male,Monaragala,1AB National School,Sinhala,W,C,A,B,B,B,ICT,W,Music,B,Design_Tech,C,0,0,0,0,0,1,0,0,0,1,4.68,4.86,2.62,3.54,4.13,3.81,Construction & Quantity Surveying Tech,"Structured, Routine & Detail-focused",State University Degree (UGC Merit/District),3,4,Technology
STU-SYN-01082,synthetic,Male,Kandy,1AB Provincial School,Sinhala,B,C,C,B,C,A,ICT,A,Art,B,Design_Tech,S,0,0,1,0,0,0,0,1,0,1,5.0,3.79,1.88,3.25,2.92,4.82,Construction & Quantity Surveying Tech,"Structured, Routine & Detail-focused",State University Degree (UGC Merit/District),3,3,Technology
STU-SYN-01046,synthetic,Female,Hambantota,1AB National School,Tamil,A,B,A,B,B,B,Commerce,B,Music,A,Health_Science,A,1,1,0,0,0,0,0,1,0,0,2.55,3.25,2.67,3.38,4.73,5.0,Digital Marketing & Brand Strategy,Client-facing & Communicative,State University Degree (UGC Merit/District),5,2,Commerce
STU-SYN-00553,synthetic,Female,Colombo,1AB National School,Sinhala,A,A,S,A,B,A,Civics,C,English Literature,C,Agriculture,A,0,1,0,0,0,0,0,0,0,0,4.35,3.99,1.88,4.46,2.66,3.18,Veterinary Medicine,"Structured, Routine & Detail-focused",National Diploma / Vocational Higher Education (NVQ 5/6),4,2,Biological Science
STU-SYN-00562,synthetic,Male,Galle,1AB National School,Sinhala,B,A,A,C,B,A,Geography,B,Music,C,Health_Science,B,1,0,0,1,1,0,1,0,0,0,3.08,5.0,1.0,5.0,3.38,3.25,Medicine & Clinical Surgery,Independent Analytical & Research,National Diploma / Vocational Higher Education (NVQ 5/6),3,4,Biological Science
STU-SYN-00425,synthetic,Female,Kurunegala,1AB Provincial School,English,S,A,A,B,A,A,Geography,A,Music,B,Health_Science,B,1,0,0,0,0,0,1,0,0,1,3.86,5.0,1.64,4.02,2.5,2.79,Veterinary Medicine,Hands-on Practical & Fieldwork,National Diploma / Vocational Higher Education (NVQ 5/6),5,3,Biological Science
STU-SYN-01014,synthetic,Female,Nuwara Eliya,1C School,Sinhala,S,B,A,A,B,A,Commerce,B,Drama,A,Health_Science,C,1,0,0,0,1,0,0,1,1,0,1.27,3.58,2.83,3.42,4.3,4.62,"Accounting, Audit & Taxation","Structured, Routine & Detail-focused",Professional Qualification (CA/CIMA/SLIIT/IESL/Attorney),4,4,Commerce
STU-SYN-00326,synthetic,Female,Colombo,Type 2 School,Sinhala,C,A,A,C,B,A,Civics,A,Art,C,Health_Science,A,0,0,0,0,0,0,1,1,1,1,2.42,3.72,2.61,5.0,2.1,3.66,Veterinary Medicine,Client-facing & Communicative,State University Degree (UGC Merit/District),1,2,Biological Science
STU-SYN-00924,synthetic,Female,Galle,1AB Provincial School,Sinhala,C,A,A,C,A,A,Commerce,A,Music,A,Health_Science,B,0,1,0,0,0,0,0,0,1,0,2.16,3.08,2.29,3.34,5.0,4.81,Banking & Investment Management,Client-facing & Communicative,Private/Foreign Affiliated University Degree,5,4,Commerce
STU-SYN-00317,synthetic,Male,Gampaha,1AB Provincial School,Sinhala,W,C,C,B,W,A,ICT,B,Music,B,Design_Tech,B,0,0,1,0,0,0,0,0,0,1,4.71,3.43,1.62,2.4,2.71,4.09,"Robotics, Mechatronics & Automation","Structured, Routine & Detail-focused",Private/Foreign Affiliated University Degree,4,2,Technology
STU-SYN-00804,synthetic,Female,Kandy,1AB Provincial School,English,B,B,A,A,B,B,Commerce,S,Art,A,Home_Economics,B,1,0,0,0,1,0,0,1,0,0,2.19,3.38,2.94,3.8,4.1,4.65,Digital Marketing & Brand Strategy,Independent Analytical & Research,Professional Qualification (CA/CIMA/SLIIT/IESL/Attorney),1,5,Commerce
STU-SYN-01163,synthetic,Female,Kalutara,1AB National School,Tamil,A,A,A,A,B,A,Civics,C,Music,B,Home_Economics,A,0,1,0,1,1,0,0,0,1,0,3.84,4.74,1.82,4.04,3.55,3.86,Pharmaceutical & Drug Development,Independent Analytical & Research,State University Degree (UGC Merit/District),3,4,Biological Science
STU-SYN-00529,synthetic,Female,Gampaha,Type 2 School,Sinhala,A,C,A,A,B,B,Commerce,C,Music,B,Home_Economics,B,0,1,0,0,1,0,1,1,1,1,1.14,3.72,2.7,3.85,4.21,5.0,Banking & Investment Management,Independent Analytical & Research,Professional Qualification (CA/CIMA/SLIIT/IESL/Attorney),3,3,Commerce
STU-SYN-00837,synthetic,Female,Polonnaruwa,1AB National School,Sinhala,A,B,C,B,C,A,ICT,S,Art,B,Agriculture,C,0,0,1,0,1,0,1,0,1,1,3.88,5.0,3.22,2.18,2.63,3.5,Quantitative Finance & Actuarial,"Structured, Routine & Detail-focused",State University Degree (UGC Merit/District),3,3,Physical Science
STU-SYN-00715,synthetic,Female,Ampara,1AB National School,Sinhala,B,C,A,A,A,B,Entrepreneurship Studies,C,Drama,B,Design_Tech,C,1,1,0,1,0,0,1,0,1,0,2.26,3.34,1.79,3.6,3.63,4.33,International Trade & Logistics,Team-based & Project-driven,State University Degree (UGC Merit/District),4,4,Commerce
STU-SYN-00901,synthetic,Female,Kandy,1AB National School,Sinhala,B,A,A,A,C,C,Commerce,B,English Literature,B,Design_Tech,A,0,1,1,0,0,0,0,0,0,0,3.57,5.0,1.66,2.6,2.99,3.31,Quantitative Finance & Actuarial,Team-based & Project-driven,Professional Qualification (CA/CIMA/SLIIT/IESL/Attorney),4,4,Physical Science
STU-SYN-00061,synthetic,Female,Galle,1AB National School,Sinhala,B,B,B,A,A,B,Civics,C,English Literature,A,Health_Science,A,0,0,0,0,1,1,1,0,1,0,2.78,3.16,4.03,4.82,3.87,2.16,"Law, Judiciary & Advocacy",Client-facing & Communicative,Professional Qualification (CA/CIMA/SLIIT/IESL/Attorney),1,4,Arts
STU-SYN-00723,synthetic,Male,Galle,1C School,Tamil,A,B,A,B,C,A,ICT,A,English Literature,C,Design_Tech,B,1,1,0,0,0,0,1,0,0,0,4.54,4.23,1.59,2.52,3.02,2.87,Software Engineering & AI,Independent Analytical & Research,National Diploma / Vocational Higher Education (NVQ 5/6),2,2,Physical Science
STU-SYN-00093,synthetic,Male,Mannar,1AB Provincial School,English,B,C,B,A,B,B,Commerce,A,Art,C,Home_Economics,B,0,0,0,0,0,0,0,0,0,1,2.27,3.2,1.89,3.54,4.66,5.0,Corporate Law & Compliance,Hands-on Practical & Fieldwork,National Diploma / Vocational Higher Education (NVQ 5/6),1,3,Commerce
STU-SYN-00858,synthetic,Female,Kurunegala,1AB National School,Sinhala,A,A,C,B,C,C,Commerce,B,Music,B,Home_Economics,B,0,1,0,0,0,0,1,1,0,1,1.67,4.25,3.25,4.76,4.85,5.0,Banking & Investment Management,Team-based & Project-driven,State University Technology/Applied Degree,3,1,Commerce
STU-SYN-00619,synthetic,Male,Ampara,1AB Provincial School,Sinhala,A,A,B,C,A,A,ICT,A,Art,A,Agriculture,A,0,0,1,0,0,1,0,0,0,1,3.53,3.89,1.91,2.77,2.81,4.24,Data Science & Analytics,Client-facing & Communicative,State University Technology/Applied Degree,3,3,Physical Science
STU-SYN-00352,synthetic,Male,Matale,1C School,Tamil,B,C,B,A,A,B,Commerce,A,Art,A,Home_Economics,A,1,1,0,1,0,0,1,0,0,1,1.54,2.3,2.41,3.81,4.93,5.0,Business Management & Entrepreneurship,Team-based & Project-driven,State University Technology/Applied Degree,5,2,Commerce
STU-SYN-00933,synthetic,Female,Anuradhapura,Private/Semi-Government,Sinhala,S,B,B,A,B,A,Geography,A,Music,B,Home_Economics,B,0,1,0,1,1,1,0,0,0,0,1.95,3.84,4.32,4.81,4.0,2.57,Journalism & Digital Mass Media,Team-based & Project-driven,Private/Foreign Affiliated University Degree,4,3,Arts
STU-SYN-00281,synthetic,Male,Gampaha,1C School,Tamil,B,C,A,B,B,A,Commerce,C,Art,A,Health_Science,S,0,1,0,0,0,0,1,0,0,1,2.92,3.2,2.08,3.41,5.0,5.0,Digital Marketing & Brand Strategy,Client-facing & Communicative,State University Technology/Applied Degree,3,1,Commerce
STU-SYN-00421,synthetic,Male,Batticaloa,1AB Provincial School,English,A,B,A,S,B,A,ICT,B,Art,A,Design_Tech,C,0,1,0,0,0,0,0,1,0,0,4.81,5.0,2.43,2.18,3.45,2.95,Electronics & Embedded Systems,"Structured, Routine & Detail-focused",State University Degree (UGC Merit/District),3,2,Physical Science
STU-SYN-01115,synthetic,Female,Matara,1AB National School,Sinhala,S,S,B,A,A,A,Geography,B,Music,A,Agriculture,A,1,0,0,1,1,1,0,0,1,0,2.33,3.43,5.0,4.56,3.17,1.87,UI/UX Design & Creative Direction,Team-based & Project-driven,National Diploma / Vocational Higher Education (NVQ 5/6),5,1,Arts
STU-SYN-00360,synthetic,Male,Kandy,1AB National School,Sinhala,B,C,C,A,S,A,Commerce,S,Music,A,Design_Tech,A,0,1,1,0,0,0,1,1,0,1,2.92,3.05,1.49,4.05,3.9,4.59,International Trade & Logistics,"Structured, Routine & Detail-focused",State University Degree (UGC Merit/District),4,1,Commerce
STU-SYN-00423,synthetic,Male,Mannar,Private/Semi-Government,English,B,A,B,A,B,A,Commerce,S,English Literature,B,Health_Science,A,0,1,0,1,1,0,1,1,0,0,4.0,4.86,2.41,3.23,2.16,3.57,Software Engineering & AI,"Structured, Routine & Detail-focused",State University Technology/Applied Degree,4,1,Physical Science
STU-SYN-00679,synthetic,Male,Kandy,1AB National School,Tamil,A,B,A,B,B,A,ICT,B,Art,C,Agriculture,A,0,1,1,1,0,0,1,1,1,1,5.0,4.22,2.94,1.75,3.14,3.64,Cloud Infrastructure & Cybersecurity,Client-facing & Communicative,National Diploma / Vocational Higher Education (NVQ 5/6),4,1,Technology
STU-SYN-00527,synthetic,Female,Ratnapura,1AB National School,Sinhala,W,C,A,B,A,A,Civics,A,Art,C,Health_Science,S,0,0,0,1,0,1,0,1,1,0,2.46,3.14,5.0,4.81,3.38,1.97,"Law, Judiciary & Advocacy","Structured, Routine & Detail-focused",State University Technology/Applied Degree,3,4,Arts
STU-SYN-00478,synthetic,Male,Galle,Private/Semi-Government,Sinhala,A,C,S,C,C,S,ICT,C,Music,A,Aquatic_Resources,S,0,1,1,0,0,0,1,1,0,0,4.06,3.94,2.44,2.47,3.1,3.63,Construction & Quantity Surveying Tech,"Structured, Routine & Detail-focused",State University Technology/Applied Degree,4,4,Technology
STU-SYN-01095,synthetic,Female,Ampara,1AB National School,Sinhala,S,S,A,A,A,A,Geography,A,Music,B,Home_Economics,A,1,1,0,1,1,0,0,0,1,0,2.79,3.15,4.87,4.85,3.62,2.06,Psychology & Social Work,Independent Analytical & Research,State University Technology/Applied Degree,3,1,Arts
STU-SYN-00183,synthetic,Male,Gampaha,1AB Provincial School,Sinhala,B,A,B,A,A,B,ICT,A,Music,A,Design_Tech,B,0,1,1,0,1,0,0,0,0,0,4.2,4.17,1.65,1.87,2.96,3.84,Mechanical & Aerospace Engineering,Client-facing & Communicative,Private/Foreign Affiliated University Degree,4,3,Physical Science
STU-SYN-01092,synthetic,Male,Colombo,Type 2 School,Sinhala,C,B,A,B,B,B,Commerce,B,Art,C,Design_Tech,A,0,1,0,1,0,0,0,1,0,0,2.41,3.79,1.82,3.85,3.94,5.0,Corporate Law & Compliance,Team-based & Project-driven,Private/Foreign Affiliated University Degree,4,3,Commerce
STU-SYN-00433,synthetic,Male,Badulla,Private/Semi-Government,English,S,B,A,B,B,B,ICT,B,English Literature,B,Agriculture,A,0,1,0,0,1,1,1,0,0,1,3.4,4.79,2.23,4.33,2.41,3.95,Sustainable Agriculture & Forestry,Team-based & Project-driven,National Diploma / Vocational Higher Education (NVQ 5/6),3,3,Biological Science
STU-SYN-00111,synthetic,Male,Matara,1AB National School,Sinhala,B,A,C,A,B,A,Geography,A,Art,B,Health_Science,B,0,1,0,0,0,1,0,1,1,0,4.18,4.03,1.65,2.96,2.54,3.38,Medicine & Clinical Surgery,Hands-on Practical & Fieldwork,State University Technology/Applied Degree,5,3,Biological Science
STU-SYN-00371,synthetic,Female,Trincomalee,1AB Provincial School,Sinhala,A,S,A,C,C,C,Entrepreneurship Studies,C,Art,S,Health_Science,B,0,0,0,0,0,0,1,1,0,0,1.27,3.27,2.49,3.66,4.19,5.0,International Trade & Logistics,"Structured, Routine & Detail-focused",State University Technology/Applied Degree,4,5,Commerce
STU-SYN-00240,synthetic,Female,Badulla,1AB National School,Sinhala,B,A,W,C,B,B,ICT,B,Art,C,Health_Science,C,1,1,1,0,0,0,0,0,1,0,4.01,3.78,2.61,2.73,3.05,3.64,Data Science & Analytics,Independent Analytical & Research,Private/Foreign Affiliated University Degree,3,5,Physical Science
STU-SYN-00709,synthetic,Female,Colombo,1AB Provincial School,Sinhala,A,A,B,A,B,A,Commerce,C,English Literature,A,Design_Tech,A,0,1,1,0,0,0,0,0,0,0,3.31,4.45,2.33,2.91,2.84,3.02,Software Engineering & AI,Team-based & Project-driven,State University Technology/Applied Degree,2,4,Physical Science
STU-SYN-00630,synthetic,Female,Matara,1C School,Sinhala,A,B,B,B,C,B,Geography,A,English Literature,A,Health_Science,A,0,1,1,0,0,0,0,1,0,0,4.38,4.26,3.17,2.24,2.44,3.41,Software Engineering & AI,Hands-on Practical & Fieldwork,National Diploma / Vocational Higher Education (NVQ 5/6),4,4,Physical Science
STU-SYN-00594,synthetic,Female,Gampaha,1C School,Sinhala,B,B,A,A,A,A,Commerce,A,Drama,C,Design_Tech,A,0,0,0,0,0,0,0,1,0,1,1.42,3.61,2.95,4.08,5.0,4.2,International Trade & Logistics,Client-facing & Communicative,State University Degree (UGC Merit/District),3,3,Commerce
STU-SYN-00486,synthetic,Male,Gampaha,Type 2 School,Sinhala,A,B,A,A,B,B,Entrepreneurship Studies,A,Art,A,Health_Science,A,1,1,0,0,0,0,1,0,1,0,1.75,2.82,2.52,3.22,5.0,3.84,Banking & Investment Management,Independent Analytical & Research,National Diploma / Vocational Higher Education (NVQ 5/6),1,4,Commerce
STU-SYN-00701,synthetic,Male,Puttalam,Type 2 School,Sinhala,C,B,B,A,B,B,Commerce,A,Music,B,Design_Tech,B,1,1,1,1,0,0,1,0,1,0,2.41,3.34,2.39,3.52,4.13,4.95,Banking & Investment Management,Client-facing & Communicative,Private/Foreign Affiliated University Degree,3,3,Commerce
STU-SYN-00262,synthetic,Female,Galle,1AB Provincial School,Sinhala,B,C,A,A,B,A,Second Language,A,Art,A,Home_Economics,A,0,0,0,1,1,1,0,1,1,0,2.5,4.53,4.89,4.3,3.89,2.5,"Law, Judiciary & Advocacy",Independent Analytical & Research,State University Degree (UGC Merit/District),5,1,Arts
STU-SYN-00480,synthetic,Male,Hambantota,1C School,English,B,A,A,C,A,S,Geography,A,Music,A,Health_Science,A,0,1,0,1,0,0,1,0,1,1,3.89,5.0,2.37,4.93,1.93,3.54,Public Health & Nutrition,"Structured, Routine & Detail-focused",National Diploma / Vocational Higher Education (NVQ 5/6),3,4,Biological Science
STU-SYN-00650,synthetic,Male,Kalutara,1AB Provincial School,Sinhala,B,B,B,C,S,B,ICT,S,Art,C,Design_Tech,C,1,0,1,0,1,0,1,0,1,1,4.58,4.47,2.77,2.29,2.84,3.92,Construction & Quantity Surveying Tech,Client-facing & Communicative,National Diploma / Vocational Higher Education (NVQ 5/6),4,3,Technology
STU-SYN-00340,synthetic,Male,Anuradhapura,1AB Provincial School,Sinhala,C,A,B,B,B,B,Commerce,A,Music,B,Home_Economics,C,0,1,1,0,1,0,1,1,1,1,1.88,3.49,2.25,3.3,3.69,4.69,Banking & Investment Management,"Structured, Routine & Detail-focused",State University Degree (UGC Merit/District),4,4,Commerce
STU-SYN-00669,synthetic,Male,Puttalam,1C School,Sinhala,A,A,B,C,B,B,Civics,A,Music,C,Home_Economics,B,0,1,0,1,1,1,1,0,1,1,2.21,4.54,4.42,4.4,2.67,2.62,International Relations & Diplomacy,Hands-on Practical & Fieldwork,National Diploma / Vocational Higher Education (NVQ 5/6),1,3,Arts
STU-SYN-00552,synthetic,Female,Puttalam,1AB National School,Tamil,C,A,S,A,B,B,Geography,A,Art,C,Agriculture,B,0,0,0,1,1,1,0,1,1,0,2.44,4.95,1.0,4.22,2.8,3.35,Pharmaceutical & Drug Development,"Structured, Routine & Detail-focused",State University Degree (UGC Merit/District),5,4,Biological Science
STU-SYN-00459,synthetic,Male,Matara,1AB Provincial School,Sinhala,B,B,A,B,B,A,Entrepreneurship Studies,A,Drama,B,Design_Tech,B,1,1,1,0,0,0,0,1,0,1,2.57,3.36,2.74,3.76,4.49,5.0,Digital Marketing & Brand Strategy,Hands-on Practical & Fieldwork,National Diploma / Vocational Higher Education (NVQ 5/6),2,3,Commerce
STU-SYN-00184,synthetic,Male,Colombo,1AB National School,Sinhala,B,B,C,B,S,A,ICT,B,Drama,A,Design_Tech,B,0,1,1,0,0,0,0,0,0,0,4.69,3.9,2.78,2.52,2.96,4.13,Applied Automotive & Mechanical Tech,Independent Analytical & Research,State University Technology/Applied Degree,5,3,Technology
STU-SYN-00138,synthetic,Female,Colombo,1AB Provincial School,Sinhala,A,A,A,A,B,A,Civics,B,Music,A,Health_Science,A,0,1,0,0,1,0,0,0,0,1,2.82,5.0,1.56,4.28,2.64,3.8,Pharmaceutical & Drug Development,Independent Analytical & Research,Private/Foreign Affiliated University Degree,4,3,Biological Science
STU-SYN-01161,synthetic,Male,Monaragala,1AB Provincial School,Sinhala,S,B,B,B,A,A,ICT,A,Music,C,Agriculture,B,1,1,0,0,0,1,0,1,1,0,3.17,4.01,1.6,4.16,3.47,4.31,Veterinary Medicine,Team-based & Project-driven,Private/Foreign Affiliated University Degree,3,5,Biological Science
STU-SYN-00707,synthetic,Female,Gampaha,1AB National School,Sinhala,A,B,B,A,A,C,ICT,B,Music,A,Health_Science,C,0,1,0,0,0,0,0,0,1,1,3.18,4.08,2.57,4.68,3.83,3.8,Pharmaceutical & Drug Development,Client-facing & Communicative,State University Degree (UGC Merit/District),1,1,Biological Science
STU-SYN-00582,synthetic,Male,Badulla,1AB Provincial School,Sinhala,B,A,B,C,A,A,Commerce,C,English Literature,B,Design_Tech,B,0,1,0,0,1,0,0,1,0,0,4.07,4.55,2.82,3.51,2.94,3.08,Data Science & Analytics,Independent Analytical & Research,Professional Qualification (CA/CIMA/SLIIT/IESL/Attorney),3,5,Physical Science
STU-SYN-00081,synthetic,Female,Kalutara,1C School,Sinhala,A,C,B,B,A,A,ICT,B,Art,A,Health_Science,C,1,1,0,1,0,0,1,0,1,0,3.47,4.87,1.67,4.33,2.46,4.86,Biomedical & Molecular Genetics,"Structured, Routine & Detail-focused",Private/Foreign Affiliated University Degree,4,4,Biological Science
STU-SYN-00769,synthetic,Female,Batticaloa,Type 2 School,Sinhala,C,B,A,A,B,A,Entrepreneurship Studies,A,Music,A,Home_Economics,B,1,1,0,1,1,1,1,1,1,1,2.77,4.02,2.84,3.65,4.65,4.2,Banking & Investment Management,Client-facing & Communicative,State University Degree (UGC Merit/District),3,1,Commerce
STU-SYN-00870,synthetic,Female,Matara,1AB Provincial School,Sinhala,B,B,B,A,A,A,Geography,A,English Literature,A,Home_Economics,A,0,1,0,1,0,1,0,0,1,0,1.81,4.84,4.76,4.89,3.76,1.84,Language Translation & Linguistics,Hands-on Practical & Fieldwork,Professional Qualification (CA/CIMA/SLIIT/IESL/Attorney),4,3,Arts
STU-SYN-00762,synthetic,Male,Badulla,Type 2 School,Sinhala,B,A,C,B,S,B,ICT,C,Music,B,Agriculture,B,1,1,1,0,0,0,0,0,1,1,3.79,4.1,1.57,1.83,2.94,4.52,Civil & Structural Engineering,Team-based & Project-driven,Private/Foreign Affiliated University Degree,2,3,Physical Science
STU-SYN-00030,synthetic,Male,Anuradhapura,Type 2 School,Sinhala,A,B,A,C,B,A,Civics,C,Music,A,Agriculture,A,1,0,1,1,1,0,1,0,0,1,3.07,4.7,2.54,4.5,2.44,4.27,Veterinary Medicine,Team-based & Project-driven,State University Degree (UGC Merit/District),4,5,Biological Science
STU-SYN-00542,synthetic,Female,Colombo,1AB National School,Sinhala,C,B,C,B,A,A,Geography,B,English Literature,B,Home_Economics,A,0,1,0,1,0,1,0,1,1,0,1.86,5.0,4.25,4.78,3.78,2.47,UI/UX Design & Creative Direction,Independent Analytical & Research,Private/Foreign Affiliated University Degree,3,4,Arts
STU-SYN-00166,synthetic,Male,Jaffna,1AB National School,Sinhala,S,B,A,A,A,B,Geography,C,Music,B,Home_Economics,B,1,0,0,1,1,1,1,0,0,0,1.39,3.42,4.51,4.56,4.16,3.05,"Law, Judiciary & Advocacy",Client-facing & Communicative,National Diploma / Vocational Higher Education (NVQ 5/6),4,3,Arts
STU-SYN-00249,synthetic,Male,Jaffna,1AB Provincial School,Sinhala,C,C,A,A,A,B,Civics,B,Drama,C,Home_Economics,A,0,1,0,0,1,1,0,0,1,0,1.5,3.83,5.0,4.41,3.66,3.42,"Law, Judiciary & Advocacy",Client-facing & Communicative,State University Degree (UGC Merit/District),4,2,Arts
STU-SYN-00308,synthetic,Female,Gampaha,Private/Semi-Government,Sinhala,A,A,A,B,B,A,ICT,C,Art,A,Design_Tech,A,1,0,1,0,0,0,0,1,0,0,3.31,3.24,2.22,3.91,2.41,3.12,"Robotics, Mechatronics & Automation",Client-facing & Communicative,Private/Foreign Affiliated University Degree,3,5,Technology
STU-SYN-00448,synthetic,Male,Hambantota,1C School,Tamil,C,A,A,A,A,A,Entrepreneurship Studies,C,Music,B,Health_Science,A,1,1,0,1,0,0,1,1,1,1,2.2,3.61,2.41,2.54,4.48,4.49,Business Management & Entrepreneurship,Client-facing & Communicative,National Diploma / Vocational Higher Education (NVQ 5/6),4,4,Commerce
STU-SYN-00347,synthetic,Male,Colombo,1AB Provincial School,Sinhala,S,C,B,B,S,A,ICT,A,Music,C,Health_Science,A,0,0,1,0,1,0,0,0,1,0,3.46,4.51,1.1,4.08,3.19,3.49,Medicine & Clinical Surgery,Hands-on Practical & Fieldwork,State University Technology/Applied Degree,5,3,Biological Science
STU-SYN-00335,synthetic,Female,Vavuniya,1AB National School,Sinhala,C,C,A,B,C,C,Commerce,A,Art,B,Design_Tech,A,0,0,1,0,0,1,0,1,0,1,2.87,3.61,3.17,3.13,4.15,4.71,International Trade & Logistics,Client-facing & Communicative,Private/Foreign Affiliated University Degree,3,4,Commerce
STU-SYN-00286,synthetic,Female,Matara,1AB National School,English,A,A,A,B,A,B,ICT,B,Music,C,Agriculture,B,0,0,0,1,0,0,1,0,0,0,3.1,4.97,2.37,3.95,1.94,2.49,Veterinary Medicine,Team-based & Project-driven,Professional Qualification (CA/CIMA/SLIIT/IESL/Attorney),3,2,Biological Science
STU-SYN-00950,synthetic,Male,Polonnaruwa,1AB National School,Sinhala,C,A,C,A,A,B,Geography,B,Art,A,Design_Tech,A,1,1,1,1,0,0,0,0,1,0,4.29,5.0,1.89,2.54,4.41,4.02,Software Engineering & AI,Hands-on Practical & Fieldwork,State University Degree (UGC Merit/District),3,3,Physical Science
STU-SYN-00098,synthetic,Male,Kandy,1AB National School,Sinhala,B,C,C,A,B,A,ICT,A,Drama,B,Agriculture,A,1,1,0,1,1,0,0,0,0,1,4.39,3.12,3.17,3.13,4.73,3.04,Cloud Infrastructure & Cybersecurity,Client-facing & Communicative,Professional Qualification (CA/CIMA/SLIIT/IESL/Attorney),3,1,Technology
STU-SYN-00468,synthetic,Male,Mannar,1AB Provincial School,English,S,A,A,B,A,A,ICT,A,English Literature,A,Agriculture,B,0,1,1,0,0,1,1,0,1,1,3.69,4.68,1.83,3.88,2.63,3.15,Veterinary Medicine,Independent Analytical & Research,State University Technology/Applied Degree,4,3,Biological Science
STU-SYN-01037,synthetic,Female,Colombo,1AB Provincial School,English,A,A,A,B,A,A,Geography,A,Music,B,Health_Science,C,0,1,0,0,0,0,1,0,0,0,3.67,4.85,2.38,5.0,3.34,3.88,Public Health & Nutrition,Hands-on Practical & Fieldwork,Private/Foreign Affiliated University Degree,5,2,Biological Science
STU-SYN-00913,synthetic,Female,Nuwara Eliya,1AB Provincial School,Sinhala,B,A,A,A,B,B,ICT,A,Drama,B,Design_Tech,B,0,0,0,0,0,0,1,0,0,1,2.34,2.74,2.98,3.76,5.0,5.0,Digital Marketing & Brand Strategy,Hands-on Practical & Fieldwork,Professional Qualification (CA/CIMA/SLIIT/IESL/Attorney),3,2,Commerce
STU-SYN-00756,synthetic,Male,Trincomalee,1AB Provincial School,Sinhala,A,A,B,B,S,A,Entrepreneurship Studies,B,Music,S,Home_Economics,A,0,1,0,1,0,0,1,0,0,0,1.34,3.14,4.09,3.96,4.9,5.0,Corporate Law & Compliance,Team-based & Project-driven,State University Degree (UGC Merit/District),4,1,Commerce
STU-SYN-00945,synthetic,Female,Ratnapura,1AB National School,Sinhala,C,C,A,A,A,B,Second Language,C,Dancing,B,Agriculture,A,0,0,0,1,1,0,1,0,1,0,3.6,4.51,5.0,4.43,4.22,2.63,International Relations & Diplomacy,"Structured, Routine & Detail-focused",National Diploma / Vocational Higher Education (NVQ 5/6),3,5,Arts
STU-SYN-00614,synthetic,Male,Kandy,1AB Provincial School,English,B,A,B,A,C,B,ICT,A,Art,B,Design_Tech,A,1,1,1,1,0,0,0,0,1,0,4.86,4.04,2.35,2.74,3.69,3.95,Applied Automotive & Mechanical Tech,Hands-on Practical & Fieldwork,State University Degree (UGC Merit/District),2,1,Technology
STU-SYN-00802,synthetic,Female,Anuradhapura,Type 2 School,Sinhala,B,A,A,A,A,B,Commerce,B,Music,A,Design_Tech,C,1,1,0,1,1,0,0,1,0,1,1.75,2.23,2.44,3.61,5.0,4.07,Corporate Law & Compliance,Hands-on Practical & Fieldwork,State University Degree (UGC Merit/District),3,2,Commerce
STU-SYN-00758,synthetic,Female,Kandy,1AB Provincial School,Sinhala,A,C,A,A,S,A,Geography,B,Art,A,Health_Science,B,1,0,1,0,1,1,1,0,1,0,2.29,4.12,4.85,3.45,4.0,2.73,International Relations & Diplomacy,Hands-on Practical & Fieldwork,State University Degree (UGC Merit/District),5,3,Arts
STU-SYN-00689,synthetic,Male,Anuradhapura,Type 2 School,Tamil,B,W,B,A,B,B,Second Language,A,Music,A,Agriculture,B,0,0,1,1,0,1,1,0,1,1,1.9,4.04,5.0,3.93,4.92,2.11,"Law, Judiciary & Advocacy",Hands-on Practical & Fieldwork,State University Degree (UGC Merit/District),4,2,Arts
STU-SYN-00066,synthetic,Female,Batticaloa,1C School,Tamil,A,B,C,B,B,A,Commerce,A,Music,A,Design_Tech,A,0,0,0,1,0,0,0,0,0,1,3.36,3.08,2.49,4.5,3.76,5.0,Digital Marketing & Brand Strategy,Team-based & Project-driven,National Diploma / Vocational Higher Education (NVQ 5/6),3,4,Commerce
STU-SYN-00794,synthetic,Female,Mullaitivu,1C School,Sinhala,A,C,B,A,C,B,Geography,A,Art,A,Home_Economics,C,1,1,0,0,1,0,0,0,1,0,3.41,3.66,4.74,4.25,3.97,2.8,Psychology & Social Work,Client-facing & Communicative,Professional Qualification (CA/CIMA/SLIIT/IESL/Attorney),3,3,Arts
STU-SYN-00744,synthetic,Female,Gampaha,1AB National School,Sinhala,B,S,A,B,B,C,ICT,B,Music,S,Health_Science,B,1,1,0,0,0,1,0,0,1,0,3.84,4.38,2.89,4.29,2.69,3.44,Medicine & Clinical Surgery,Team-based & Project-driven,National Diploma / Vocational Higher Education (NVQ 5/6),4,3,Biological Science
STU-SYN-00568,synthetic,Female,Ratnapura,Type 2 School,Sinhala,B,C,A,A,C,B,Commerce,A,Drama,A,Design_Tech,A,1,0,0,0,0,0,1,1,1,1,2.56,2.92,2.38,3.44,4.04,3.36,Business Management & Entrepreneurship,Team-based & Project-driven,State University Technology/Applied Degree,3,5,Commerce
STU-SYN-01084,synthetic,Male,Trincomalee,1AB Provincial School,Sinhala,A,B,A,A,A,C,Commerce,B,Drama,B,Home_Economics,C,1,0,0,0,0,0,0,1,1,1,2.67,3.53,2.18,3.2,4.44,4.76,International Trade & Logistics,"Structured, Routine & Detail-focused",State University Technology/Applied Degree,3,4,Commerce
STU-SYN-01099,synthetic,Female,Colombo,1AB National School,Sinhala,B,S,A,B,B,C,ICT,A,Art,A,Design_Tech,A,1,0,0,1,0,0,0,0,0,1,4.46,4.15,2.87,1.75,3.81,3.48,Cloud Infrastructure & Cybersecurity,Client-facing & Communicative,Private/Foreign Affiliated University Degree,4,4,Technology
STU-SYN-00303,synthetic,Male,Vavuniya,1C School,Sinhala,B,A,A,A,B,B,ICT,A,English Literature,C,Agriculture,B,0,1,1,0,1,0,0,1,1,1,5.0,3.84,2.04,3.67,3.42,3.5,Mechanical & Aerospace Engineering,Team-based & Project-driven,State University Technology/Applied Degree,4,3,Physical Science
STU-SYN-00255,synthetic,Female,Vavuniya,1C School,Sinhala,B,S,B,B,A,A,Civics,C,Art,A,Health_Science,B,0,1,0,1,1,0,1,1,1,1,2.32,3.23,4.7,5.0,3.74,2.98,Language Translation & Linguistics,Client-facing & Communicative,Private/Foreign Affiliated University Degree,3,2,Arts
STU-SYN-00959,synthetic,Male,Kandy,1AB Provincial School,Sinhala,A,B,B,C,C,A,Commerce,B,Music,C,Home_Economics,B,1,0,1,0,0,0,0,1,1,0,2.33,3.79,2.8,4.27,4.85,5.0,"Accounting, Audit & Taxation",Client-facing & Communicative,State University Technology/Applied Degree,3,3,Commerce
STU-SYN-01024,synthetic,Female,Colombo,1AB Provincial School,Tamil,A,A,B,A,A,C,ICT,B,English Literature,B,Health_Science,S,1,0,0,0,1,1,0,0,0,0,3.15,4.1,1.85,5.0,2.64,2.92,Sustainable Agriculture & Forestry,Client-facing & Communicative,State University Technology/Applied Degree,2,2,Biological Science
STU-SYN-00313,synthetic,Male,Monaragala,1AB National School,Sinhala,S,A,B,B,A,A,Geography,A,Drama,B,Health_Science,A,0,0,0,1,1,1,1,0,1,1,2.05,3.15,5.0,4.28,4.61,2.93,"Law, Judiciary & Advocacy","Structured, Routine & Detail-focused",Professional Qualification (CA/CIMA/SLIIT/IESL/Attorney),3,3,Arts
STU-SYN-00530,synthetic,Male,Kegalle,1AB Provincial School,English,A,B,B,B,B,C,Geography,W,Music,B,Agriculture,A,0,1,0,0,1,0,1,0,0,0,3.37,5.0,2.77,3.87,3.25,3.05,Public Health & Nutrition,"Structured, Routine & Detail-focused",State University Technology/Applied Degree,5,3,Biological Science
STU-SYN-00222,synthetic,Female,Polonnaruwa,1AB National School,Sinhala,B,S,A,A,A,A,Geography,A,Drama,C,Home_Economics,C,1,0,0,0,1,1,0,1,1,0,1.7,4.2,4.99,3.74,3.49,1.54,International Relations & Diplomacy,Hands-on Practical & Fieldwork,National Diploma / Vocational Higher Education (NVQ 5/6),2,2,Arts
STU-SYN-00389,synthetic,Female,Ratnapura,Type 2 School,Sinhala,S,C,S,A,C,B,ICT,B,Music,B,Design_Tech,A,1,0,0,1,0,0,1,1,0,1,2.56,2.98,1.83,3.22,4.43,5.0,International Trade & Logistics,Hands-on Practical & Fieldwork,State University Degree (UGC Merit/District),5,3,Commerce
STU-SYN-00236,synthetic,Male,Kegalle,1AB Provincial School,Sinhala,B,C,B,C,A,B,Commerce,A,Drama,A,Health_Science,C,1,1,0,1,0,0,1,1,1,1,2.61,3.44,3.33,4.12,4.53,4.59,Business Management & Entrepreneurship,Team-based & Project-driven,Private/Foreign Affiliated University Degree,2,1,Commerce
STU-SYN-00810,synthetic,Male,Monaragala,Private/Semi-Government,Tamil,B,A,B,B,C,A,ICT,A,Music,A,Agriculture,S,0,1,0,0,0,1,1,0,0,1,3.48,4.96,1.78,3.82,3.14,3.67,Pharmaceutical & Drug Development,Team-based & Project-driven,Professional Qualification (CA/CIMA/SLIIT/IESL/Attorney),4,2,Biological Science
STU-SYN-00483,synthetic,Female,Mullaitivu,1AB Provincial School,Sinhala,C,S,B,S,B,A,Second Language,A,Dancing,S,Agriculture,B,0,1,0,1,1,1,1,0,1,0,1.66,3.25,4.57,4.29,4.13,2.75,"Law, Judiciary & Advocacy",Independent Analytical & Research,Private/Foreign Affiliated University Degree,1,3,Arts
STU-SYN-00713,synthetic,Male,Hambantota,1AB Provincial School,English,B,A,A,C,A,A,ICT,A,Music,A,Agriculture,B,1,0,1,1,1,0,0,1,0,0,3.41,4.81,1.54,2.67,3.74,3.72,Quantitative Finance & Actuarial,"Structured, Routine & Detail-focused",National Diploma / Vocational Higher Education (NVQ 5/6),2,3,Physical Science
STU-SYN-00306,synthetic,Female,Vavuniya,1AB National School,Sinhala,B,B,B,B,C,A,ICT,B,Music,A,Home_Economics,C,1,1,1,1,0,0,1,0,0,1,2.49,3.15,1.31,3.88,3.92,4.73,Business Management & Entrepreneurship,Client-facing & Communicative,State University Technology/Applied Degree,5,3,Commerce
STU-SYN-01111,synthetic,Female,Matale,Type 2 School,Tamil,C,C,B,A,A,B,Geography,A,Music,A,Home_Economics,B,0,0,0,1,1,0,1,1,1,0,1.68,3.13,5.0,3.45,2.88,2.95,UI/UX Design & Creative Direction,Team-based & Project-driven,State University Technology/Applied Degree,3,2,Arts
STU-SYN-01090,synthetic,Male,Ratnapura,Private/Semi-Government,Sinhala,A,C,C,C,B,B,ICT,A,Drama,A,Agriculture,A,1,0,0,0,0,0,1,1,0,1,4.44,4.72,2.34,1.4,3.89,4.26,Renewable Energy & Power Systems,Independent Analytical & Research,Private/Foreign Affiliated University Degree,3,4,Technology
STU-SYN-00772,synthetic,Female,Jaffna,1AB Provincial School,Tamil,A,B,A,C,A,A,Commerce,A,Music,S,Health_Science,B,1,1,1,0,0,0,1,1,1,0,3.19,4.68,2.57,3.32,3.57,4.48,Software Engineering & AI,Client-facing & Communicative,National Diploma / Vocational Higher Education (NVQ 5/6),4,2,Physical Science
STU-SYN-00917,synthetic,Male,Matara,1AB Provincial School,Sinhala,B,B,A,B,C,A,Commerce,C,Drama,B,Health_Science,A,1,1,0,0,0,0,1,1,1,1,2.08,2.86,1.72,3.71,5.0,4.67,Corporate Law & Compliance,Independent Analytical & Research,National Diploma / Vocational Higher Education (NVQ 5/6),3,3,Commerce
STU-SYN-01139,synthetic,Female,Ampara,1AB National School,Tamil,C,A,A,A,A,B,Civics,C,Art,B,Home_Economics,A,0,0,0,0,1,0,0,0,0,0,1.71,3.2,3.92,4.37,3.41,1.65,Psychology & Social Work,Team-based & Project-driven,Professional Qualification (CA/CIMA/SLIIT/IESL/Attorney),5,5,Arts
STU-SYN-00250,synthetic,Male,Kegalle,1AB National School,Sinhala,B,B,C,C,C,B,Commerce,B,Drama,B,Home_Economics,B,0,0,0,1,1,0,0,0,1,0,1.9,2.32,1.78,3.51,3.58,4.54,Corporate Law & Compliance,Client-facing & Communicative,State University Technology/Applied Degree,3,2,Commerce
STU-SYN-00760,synthetic,Female,Galle,1C School,Sinhala,B,S,A,A,B,B,ICT,B,Drama,B,Design_Tech,A,0,1,0,1,0,0,0,0,0,1,2.68,2.68,2.24,3.56,4.28,5.0,Digital Marketing & Brand Strategy,Team-based & Project-driven,State University Technology/Applied Degree,4,3,Commerce
STU-SYN-00595,synthetic,Male,Badulla,Type 2 School,Sinhala,B,A,A,B,B,B,Geography,A,Art,B,Agriculture,A,0,0,0,1,0,1,1,0,1,1,3.35,5.0,1.34,3.56,3.21,3.38,Sustainable Agriculture & Forestry,Client-facing & Communicative,National Diploma / Vocational Higher Education (NVQ 5/6),4,2,Biological Science
STU-SYN-00072,synthetic,Female,Galle,1C School,Sinhala,B,S,A,A,B,B,Geography,B,Drama,A,Home_Economics,C,1,0,0,1,1,0,1,0,0,0,1.57,4.4,4.71,5.0,3.32,2.66,UI/UX Design & Creative Direction,"Structured, Routine & Detail-focused",National Diploma / Vocational Higher Education (NVQ 5/6),3,2,Arts
STU-SYN-00095,synthetic,Male,Hambantota,Type 2 School,Sinhala,B,B,C,A,S,B,ICT,C,Music,B,Health_Science,C,0,1,0,0,1,0,0,0,0,1,2.35,3.45,2.37,2.83,4.07,4.54,International Trade & Logistics,Independent Analytical & Research,State University Degree (UGC Merit/District),3,4,Commerce
STU-SYN-00546,synthetic,Female,Kurunegala,1AB National School,Tamil,B,B,B,A,B,S,ICT,B,Art,A,Health_Science,A,1,1,0,0,0,0,0,1,1,0,4.12,5.0,2.55,4.38,3.48,3.57,Medicine & Clinical Surgery,Independent Analytical & Research,State University Degree (UGC Merit/District),2,3,Biological Science
STU-SYN-00034,synthetic,Male,Badulla,Type 2 School,Sinhala,C,A,B,S,B,A,ICT,B,Music,A,Health_Science,A,0,0,0,1,0,0,0,0,0,1,4.44,5.0,2.9,1.95,4.13,3.41,Civil & Structural Engineering,Hands-on Practical & Fieldwork,Private/Foreign Affiliated University Degree,4,5,Physical Science
STU-SYN-00862,synthetic,Male,Matara,Private/Semi-Government,Sinhala,A,A,C,B,A,A,ICT,A,Art,A,Design_Tech,A,1,0,0,0,0,0,1,0,0,0,4.35,3.96,1.87,1.41,2.83,3.77,Construction & Quantity Surveying Tech,Team-based & Project-driven,National Diploma / Vocational Higher Education (NVQ 5/6),2,5,Technology
STU-SYN-00579,synthetic,Female,Vavuniya,1AB Provincial School,Sinhala,B,S,B,S,B,A,ICT,A,Drama,B,Agriculture,A,1,0,1,0,0,1,1,0,0,1,4.7,4.71,1.98,2.19,3.45,4.07,Applied Automotive & Mechanical Tech,Hands-on Practical & Fieldwork,Professional Qualification (CA/CIMA/SLIIT/IESL/Attorney),4,4,Technology
STU-SYN-00449,synthetic,Female,Colombo,1AB National School,Sinhala,A,A,A,B,A,B,ICT,C,Art,A,Home_Economics,C,0,0,0,0,1,0,1,1,0,0,3.34,5.0,2.71,3.87,3.94,3.68,Pharmaceutical & Drug Development,Client-facing & Communicative,Professional Qualification (CA/CIMA/SLIIT/IESL/Attorney),5,3,Biological Science
STU-SYN-00446,synthetic,Male,Gampaha,1AB Provincial School,Sinhala,A,W,C,S,A,A,Commerce,C,Art,B,Home_Economics,A,0,0,0,1,1,0,0,1,0,1,2.4,2.95,3.24,3.9,4.56,4.44,Corporate Law & Compliance,Client-facing & Communicative,Private/Foreign Affiliated University Degree,4,3,Commerce
STU-SYN-00260,synthetic,Male,Colombo,1AB Provincial School,Tamil,B,B,B,A,A,B,Commerce,B,Drama,C,Design_Tech,A,1,1,0,0,1,0,0,1,1,0,2.12,3.17,1.06,3.57,4.5,5.0,Corporate Law & Compliance,Hands-on Practical & Fieldwork,State University Technology/Applied Degree,3,5,Commerce
STU-SYN-00205,synthetic,Male,Galle,Type 2 School,Tamil,B,B,B,B,B,A,Commerce,B,Music,A,Design_Tech,B,1,1,0,1,0,0,0,1,0,1,2.44,3.66,2.21,4.32,4.35,4.93,"Accounting, Audit & Taxation",Hands-on Practical & Fieldwork,State University Technology/Applied Degree,4,3,Commerce
STU-SYN-00573,synthetic,Female,Galle,Private/Semi-Government,Sinhala,A,A,A,A,A,C,Entrepreneurship Studies,B,Art,A,Health_Science,B,0,1,0,0,0,0,1,1,1,0,1.08,3.09,2.72,3.59,4.3,4.68,Banking & Investment Management,Team-based & Project-driven,State University Degree (UGC Merit/District),4,3,Commerce
STU-SYN-00824,synthetic,Female,Kurunegala,1C School,Sinhala,B,A,A,B,A,A,ICT,B,Music,A,Health_Science,B,1,0,0,0,1,0,1,0,0,0,2.45,5.0,1.3,4.7,2.62,3.18,Medicine & Clinical Surgery,Independent Analytical & Research,Professional Qualification (CA/CIMA/SLIIT/IESL/Attorney),4,4,Biological Science
STU-SYN-00586,synthetic,Male,Galle,1AB Provincial School,Sinhala,C,B,C,B,B,A,Commerce,B,Drama,C,Home_Economics,B,1,0,1,0,0,1,1,1,0,1,1.88,3.25,1.91,3.24,4.54,3.79,Digital Marketing & Brand Strategy,Hands-on Practical & Fieldwork,State University Degree (UGC Merit/District),3,2,Commerce
STU-SYN-00366,synthetic,Female,Jaffna,1AB Provincial School,Sinhala,B,B,A,A,C,B,ICT,B,Art,A,Design_Tech,A,0,0,0,1,0,0,0,0,1,0,5.0,4.6,2.51,2.84,3.54,3.81,Construction & Quantity Surveying Tech,Client-facing & Communicative,State University Technology/Applied Degree,3,4,Technology
STU-SYN-00812,synthetic,Female,Matara,1AB National School,Sinhala,B,S,B,B,C,B,ICT,B,Music,B,Agriculture,B,1,0,0,0,0,0,0,1,1,1,4.75,4.51,1.24,2.41,3.78,3.94,Renewable Energy & Power Systems,Hands-on Practical & Fieldwork,Private/Foreign Affiliated University Degree,4,3,Technology
STU-SYN-00078,synthetic,Male,Gampaha,Private/Semi-Government,Sinhala,A,A,C,A,B,B,Entrepreneurship Studies,B,Music,A,Agriculture,B,0,0,1,0,1,1,0,1,0,0,4.01,4.38,3.24,2.64,3.71,2.79,Biosystems & Industrial Food Tech,Client-facing & Communicative,State University Technology/Applied Degree,2,2,Technology
STU-SYN-00085,synthetic,Male,Colombo,1AB National School,Sinhala,A,B,C,A,B,A,Geography,A,Drama,B,Agriculture,B,0,1,1,1,0,0,1,0,1,1,4.88,4.2,2.78,2.9,3.53,4.11,Applied Automotive & Mechanical Tech,Client-facing & Communicative,State University Technology/Applied Degree,5,3,Technology
STU-SYN-00539,synthetic,Female,Colombo,1AB Provincial School,Sinhala,A,A,C,B,S,A,ICT,C,Art,A,Design_Tech,A,1,1,0,1,1,0,0,1,0,0,4.1,3.77,2.21,1.95,2.97,3.7,Civil & Structural Engineering,Independent Analytical & Research,State University Degree (UGC Merit/District),2,4,Physical Science
STU-SYN-00083,synthetic,Female,Ratnapura,Type 2 School,Sinhala,A,A,B,B,B,B,ICT,A,English Literature,B,Design_Tech,A,1,0,0,0,0,0,1,0,1,0,3.89,4.87,2.49,2.99,3.98,4.25,Mechanical & Aerospace Engineering,Team-based & Project-driven,State University Technology/Applied Degree,2,3,Physical Science
STU-SYN-00458,synthetic,Female,Badulla,1AB National School,Sinhala,A,B,A,A,A,B,Geography,A,English Literature,B,Agriculture,B,0,0,0,0,0,0,0,1,0,1,3.62,4.45,2.74,2.47,2.36,4.38,Civil & Structural Engineering,Client-facing & Communicative,Private/Foreign Affiliated University Degree,2,4,Physical Science
STU-SYN-01138,synthetic,Male,Vavuniya,1AB National School,Tamil,B,B,C,B,B,B,Geography,A,Art,B,Health_Science,B,0,1,0,0,0,1,0,0,0,0,3.48,2.75,1.73,4.9,2.64,3.89,Veterinary Medicine,Client-facing & Communicative,Professional Qualification (CA/CIMA/SLIIT/IESL/Attorney),3,2,Biological Science
STU-SYN-00615,synthetic,Male,Colombo,1AB Provincial School,Sinhala,A,A,B,B,B,B,Civics,B,English Literature,A,Health_Science,B,1,0,0,0,1,0,0,1,1,0,4.72,4.53,2.11,4.8,2.63,4.04,Biomedical & Molecular Genetics,Team-based & Project-driven,Private/Foreign Affiliated University Degree,4,3,Biological Science
STU-SYN-01186,synthetic,Female,Ampara,Private/Semi-Government,Sinhala,A,C,A,B,B,A,Commerce,B,Art,B,Home_Economics,A,1,1,0,0,0,0,0,0,1,1,1.95,3.3,3.13,3.88,4.6,5.0,"Accounting, Audit & Taxation",Team-based & Project-driven,State University Technology/Applied Degree,4,4,Commerce
STU-SYN-01076,synthetic,Male,Kalutara,1AB National School,Sinhala,A,A,A,A,B,B,Commerce,A,English Literature,B,Health_Science,A,0,1,1,0,1,0,1,0,1,0,3.4,5.0,2.04,1.29,2.8,3.46,Data Science & Analytics,Hands-on Practical & Fieldwork,Professional Qualification (CA/CIMA/SLIIT/IESL/Attorney),3,2,Physical Science
STU-SYN-00737,synthetic,Male,Ratnapura,1AB National School,Tamil,B,C,C,B,A,B,Geography,C,Drama,B,Home_Economics,A,0,0,0,1,1,0,0,1,0,0,3.14,3.28,4.27,3.61,4.0,3.13,"Law, Judiciary & Advocacy",Team-based & Project-driven,National Diploma / Vocational Higher Education (NVQ 5/6),5,3,Arts
STU-SYN-00437,synthetic,Female,Batticaloa,Private/Semi-Government,Sinhala,A,C,C,A,C,A,Commerce,C,Music,B,Health_Science,A,0,1,0,0,1,0,1,1,1,0,1.91,3.19,2.03,3.96,4.02,4.55,Corporate Law & Compliance,Hands-on Practical & Fieldwork,State University Degree (UGC Merit/District),2,2,Commerce
STU-SYN-00555,synthetic,Male,Gampaha,1C School,Sinhala,S,A,A,A,A,A,Geography,A,Music,A,Home_Economics,W,0,0,0,0,1,1,1,1,1,0,1.36,3.19,4.11,5.0,2.77,2.58,Language Translation & Linguistics,"Structured, Routine & Detail-focused",Private/Foreign Affiliated University Degree,4,2,Arts
STU-SYN-01080,synthetic,Male,Colombo,1AB Provincial School,Tamil,B,A,B,A,B,A,Commerce,A,Drama,B,Health_Science,W,1,0,0,0,0,1,0,1,0,0,1.06,3.74,1.77,3.36,5.0,4.95,Business Management & Entrepreneurship,Client-facing & Communicative,State University Technology/Applied Degree,4,4,Commerce
STU-SYN-01062,synthetic,Female,Kurunegala,1C School,Sinhala,B,B,B,B,A,A,Geography,B,Art,S,Home_Economics,B,1,0,0,0,1,1,1,0,1,1,2.69,2.74,4.76,4.41,2.46,1.33,Psychology & Social Work,Client-facing & Communicative,Private/Foreign Affiliated University Degree,4,3,Arts
STU-SYN-00351,synthetic,Male,Colombo,1AB Provincial School,Sinhala,B,B,C,C,A,A,Entrepreneurship Studies,C,Art,A,Design_Tech,B,1,1,0,1,1,0,1,0,1,1,4.65,4.33,2.18,2.5,3.3,3.63,Renewable Energy & Power Systems,"Structured, Routine & Detail-focused",State University Degree (UGC Merit/District),3,3,Technology
STU-SYN-00197,synthetic,Female,Kandy,1AB Provincial School,Sinhala,B,A,A,A,B,A,ICT,A,English Literature,S,Design_Tech,B,1,1,1,1,0,0,0,1,1,0,3.58,5.0,2.01,3.08,2.58,3.33,Electronics & Embedded Systems,Client-facing & Communicative,State University Technology/Applied Degree,3,4,Physical Science
STU-SYN-00465,synthetic,Female,Gampaha,1AB Provincial School,Sinhala,A,A,C,A,B,A,ICT,B,English Literature,B,Health_Science,B,0,1,0,0,0,0,1,0,1,1,3.92,4.42,2.27,4.51,2.6,3.12,Biomedical & Molecular Genetics,Client-facing & Communicative,State University Technology/Applied Degree,3,3,Biological Science
STU-SYN-00589,synthetic,Male,Colombo,1AB Provincial School,Sinhala,S,A,C,A,C,A,Civics,B,English Literature,B,Health_Science,C,1,1,0,1,0,1,0,1,1,0,3.78,4.23,1.36,4.69,3.63,3.59,Public Health & Nutrition,Independent Analytical & Research,Professional Qualification (CA/CIMA/SLIIT/IESL/Attorney),4,2,Biological Science
STU-SYN-00006,synthetic,Female,Kurunegala,1AB National School,Sinhala,B,A,B,B,B,A,ICT,C,English Literature,B,Health_Science,B,1,1,0,0,0,0,1,1,1,1,4.12,4.33,2.02,3.05,3.5,4.44,Electronics & Embedded Systems,Hands-on Practical & Fieldwork,State University Technology/Applied Degree,5,1,Physical Science
STU-SYN-00311,synthetic,Male,Galle,1C School,Sinhala,A,B,B,A,C,A,Commerce,A,Music,A,Design_Tech,C,1,1,0,1,0,0,0,0,0,1,2.58,3.12,2.88,2.49,4.78,4.47,Business Management & Entrepreneurship,Independent Analytical & Research,National Diploma / Vocational Higher Education (NVQ 5/6),2,3,Commerce
STU-SYN-00662,synthetic,Male,Kegalle,Type 2 School,Sinhala,C,A,B,A,S,B,ICT,B,Drama,A,Agriculture,A,0,1,0,0,0,1,1,1,0,0,5.0,3.88,2.13,3.22,3.22,3.86,Renewable Energy & Power Systems,Hands-on Practical & Fieldwork,State University Technology/Applied Degree,2,3,Technology
STU-SYN-00405,synthetic,Male,Kurunegala,1C School,Sinhala,A,S,B,B,A,A,Civics,A,Music,C,Health_Science,B,0,1,1,1,0,1,1,1,1,0,3.08,3.27,5.0,3.25,4.06,1.7,UI/UX Design & Creative Direction,"Structured, Routine & Detail-focused",Private/Foreign Affiliated University Degree,5,4,Arts
STU-SYN-01196,synthetic,Male,Ampara,1C School,Tamil,C,A,A,A,B,B,Civics,A,Art,A,Health_Science,A,0,1,0,0,0,1,1,0,0,1,3.56,4.73,1.92,4.26,2.37,3.36,Pharmaceutical & Drug Development,Client-facing & Communicative,National Diploma / Vocational Higher Education (NVQ 5/6),4,4,Biological Science
STU-SYN-01044,synthetic,Female,Kurunegala,1AB Provincial School,Tamil,B,B,B,A,A,A,ICT,B,Music,B,Aquatic_Resources,B,0,0,0,1,0,0,0,0,0,0,4.7,3.81,2.7,1.93,3.32,4.04,"Robotics, Mechatronics & Automation",Hands-on Practical & Fieldwork,Professional Qualification (CA/CIMA/SLIIT/IESL/Attorney),3,4,Technology
STU-SYN-01058,synthetic,Female,Colombo,Type 2 School,Sinhala,C,S,B,A,S,A,Commerce,A,Drama,C,Design_Tech,A,0,1,0,0,0,0,1,0,1,1,2.1,2.54,1.85,3.39,5.0,4.59,Corporate Law & Compliance,Client-facing & Communicative,National Diploma / Vocational Higher Education (NVQ 5/6),2,3,Commerce
STU-SYN-00105,synthetic,Female,Matara,1AB Provincial School,Sinhala,A,A,B,B,A,A,ICT,A,Music,A,Design_Tech,B,0,0,1,1,0,0,0,0,1,0,3.91,4.65,1.17,1.87,3.21,3.48,Software Engineering & AI,Hands-on Practical & Fieldwork,State University Technology/Applied Degree,5,4,Physical Science
STU-SYN-00537,synthetic,Male,Gampaha,1AB Provincial School,Sinhala,A,B,C,B,B,B,ICT,B,Music,B,Aquatic_Resources,B,0,1,0,0,1,0,0,0,1,0,3.64,3.94,3.01,2.31,2.9,4.24,Cloud Infrastructure & Cybersecurity,Team-based & Project-driven,State University Degree (UGC Merit/District),5,3,Technology
STU-SYN-00606,synthetic,Male,Galle,1C School,Sinhala,A,C,B,B,C,A,Geography,B,Music,A,Agriculture,A,1,0,0,1,1,0,1,1,0,0,4.0,4.21,2.63,4.24,2.0,3.93,Veterinary Medicine,"Structured, Routine & Detail-focused",State University Technology/Applied Degree,5,2,Biological Science
STU-SYN-00063,synthetic,Male,Kandy,1AB Provincial School,Sinhala,A,A,W,A,C,A,ICT,B,Art,C,Design_Tech,B,0,1,0,1,1,0,1,0,1,0,4.3,4.44,2.42,3.73,3.05,3.93,Data Science & Analytics,Independent Analytical & Research,Professional Qualification (CA/CIMA/SLIIT/IESL/Attorney),3,3,Physical Science
STU-SYN-00282,synthetic,Female,Kurunegala,1AB Provincial School,Sinhala,C,C,B,C,C,A,Commerce,A,Drama,A,Design_Tech,S,1,0,0,0,0,0,0,1,0,1,1.73,3.48,1.83,4.43,4.62,4.63,Digital Marketing & Brand Strategy,Hands-on Practical & Fieldwork,Private/Foreign Affiliated University Degree,3,3,Commerce
STU-SYN-01056,synthetic,Male,Kurunegala,1AB Provincial School,Tamil,A,A,B,A,B,B,ICT,B,Music,C,Health_Science,B,1,0,0,1,0,0,0,1,1,1,3.99,4.61,1.98,3.27,2.41,3.08,Public Health & Nutrition,Hands-on Practical & Fieldwork,State University Degree (UGC Merit/District),3,4,Biological Science
STU-SYN-00239,synthetic,Male,Trincomalee,1AB Provincial School,Sinhala,B,C,C,B,C,A,ICT,S,Art,A,Health_Science,A,0,1,0,1,1,1,0,0,0,1,2.16,3.64,2.59,2.01,4.42,4.93,"Accounting, Audit & Taxation","Structured, Routine & Detail-focused",State University Technology/Applied Degree,5,3,Commerce
STU-SYN-00224,synthetic,Male,Puttalam,1AB Provincial School,Sinhala,B,A,A,B,B,C,Second Language,A,Art,B,Health_Science,C,0,0,0,1,1,1,1,0,0,0,2.42,2.85,4.43,4.36,3.85,2.45,International Relations & Diplomacy,Hands-on Practical & Fieldwork,Professional Qualification (CA/CIMA/SLIIT/IESL/Attorney),4,4,Arts
STU-SYN-00146,synthetic,Male,Gampaha,1AB Provincial School,Sinhala,A,B,A,A,S,A,Geography,A,Dancing,A,Home_Economics,A,0,1,0,1,1,1,1,0,1,0,2.07,3.36,4.73,4.02,3.68,3.56,Journalism & Digital Mass Media,Hands-on Practical & Fieldwork,State University Technology/Applied Degree,4,2,Arts
STU-SYN-01119,synthetic,Male,Gampaha,1AB Provincial School,Sinhala,A,B,A,A,S,B,Civics,A,English Literature,A,Health_Science,C,1,1,0,0,0,0,1,0,1,1,3.51,5.0,1.0,4.6,2.38,3.49,Public Health & Nutrition,Client-facing & Communicative,State University Degree (UGC Merit/District),3,1,Biological Science
STU-SYN-00374,synthetic,Female,Anuradhapura,1C School,Tamil,A,A,B,A,B,A,Civics,S,Art,C,Health_Science,B,0,0,0,0,0,1,1,1,1,1,2.71,4.2,2.68,5.0,2.46,3.97,Public Health & Nutrition,Team-based & Project-driven,State University Technology/Applied Degree,3,3,Biological Science
STU-SYN-00119,synthetic,Female,Kandy,Type 2 School,Sinhala,B,B,A,S,A,A,Commerce,A,Art,B,Design_Tech,W,0,0,0,0,0,0,1,0,1,0,2.73,3.65,2.4,3.42,5.0,3.84,"Accounting, Audit & Taxation",Client-facing & Communicative,State University Technology/Applied Degree,3,4,Commerce
STU-SYN-00803,synthetic,Female,Matale,1AB Provincial School,Sinhala,C,B,C,A,A,B,ICT,B,Art,B,Home_Economics,B,1,0,0,0,1,0,0,0,1,0,2.62,5.0,1.62,5.0,2.51,3.67,Public Health & Nutrition,Client-facing & Communicative,State University Degree (UGC Merit/District),1,2,Biological Science
STU-SYN-00251,synthetic,Female,Ratnapura,Type 2 School,Sinhala,C,C,B,A,A,B,Second Language,B,Art,A,Home_Economics,B,1,0,0,0,1,1,0,0,1,1,1.68,2.93,4.35,3.67,3.37,2.74,Language Translation & Linguistics,Hands-on Practical & Fieldwork,State University Technology/Applied Degree,3,5,Arts
STU-SYN-01157,synthetic,Male,Nuwara Eliya,1C School,English,C,B,A,C,C,B,ICT,B,English Literature,B,Design_Tech,S,1,1,1,1,1,1,1,0,1,1,3.53,5.0,3.21,2.95,2.89,3.82,Data Science & Analytics,Independent Analytical & Research,National Diploma / Vocational Higher Education (NVQ 5/6),4,4,Physical Science
STU-SYN-00010,synthetic,Female,Ratnapura,1C School,Tamil,S,A,A,A,B,A,Geography,C,Drama,B,Home_Economics,A,1,0,0,1,1,1,0,0,1,0,2.23,3.73,4.95,3.83,3.52,2.42,"Law, Judiciary & Advocacy","Structured, Routine & Detail-focused",State University Degree (UGC Merit/District),5,3,Arts
STU-SYN-00450,synthetic,Female,Gampaha,1AB National School,Tamil,A,A,B,C,C,B,Geography,W,English Literature,S,Health_Science,A,0,1,0,0,0,0,1,1,1,1,3.36,4.92,1.87,5.0,1.68,3.44,Public Health & Nutrition,Team-based & Project-driven,Professional Qualification (CA/CIMA/SLIIT/IESL/Attorney),4,4,Biological Science
STU-SYN-00874,synthetic,Male,Batticaloa,1AB Provincial School,Sinhala,C,B,W,A,A,A,Entrepreneurship Studies,C,Art,C,Aquatic_Resources,C,1,0,0,0,0,0,0,1,0,0,4.75,4.64,1.89,3.44,3.17,3.39,"Robotics, Mechatronics & Automation",Team-based & Project-driven,State University Degree (UGC Merit/District),3,3,Technology
STU-SYN-00390,synthetic,Female,Kurunegala,1C School,Sinhala,B,B,C,B,A,A,Geography,A,Drama,C,Agriculture,A,1,1,0,0,1,1,0,1,1,1,5.0,3.89,2.79,3.08,3.13,4.25,Cloud Infrastructure & Cybersecurity,Independent Analytical & Research,State University Degree (UGC Merit/District),4,4,Technology
STU-SYN-00966,synthetic,Female,Gampaha,1C School,Sinhala,A,C,A,A,C,A,Commerce,B,Drama,A,Design_Tech,B,1,1,0,0,1,0,1,0,0,1,2.02,3.42,3.02,2.89,4.54,5.0,Corporate Law & Compliance,Client-facing & Communicative,National Diploma / Vocational Higher Education (NVQ 5/6),4,4,Commerce
STU-SYN-00461,synthetic,Female,Monaragala,1AB Provincial School,Tamil,A,B,A,C,S,B,Geography,B,English Literature,A,Health_Science,B,1,1,0,0,0,0,1,1,1,0,4.1,5.0,2.35,2.51,3.12,4.01,Data Science & Analytics,Hands-on Practical & Fieldwork,Private/Foreign Affiliated University Degree,1,2,Physical Science
STU-SYN-01147,synthetic,Male,Trincomalee,Private/Semi-Government,Sinhala,B,B,B,A,B,B,Civics,A,English Literature,B,Health_Science,B,0,0,0,0,0,1,1,0,1,0,3.01,3.71,1.5,4.22,1.67,3.01,Medicine & Clinical Surgery,Hands-on Practical & Fieldwork,State University Degree (UGC Merit/District),3,2,Biological Science
STU-SYN-00145,synthetic,Male,Gampaha,1AB Provincial School,Sinhala,B,S,A,A,B,B,Second Language,B,Drama,S,Agriculture,A,0,0,0,1,1,0,1,0,1,0,2.48,2.76,4.44,3.84,3.61,3.4,International Relations & Diplomacy,Client-facing & Communicative,National Diploma / Vocational Higher Education (NVQ 5/6),5,3,Arts
STU-SYN-00502,synthetic,Female,Trincomalee,1C School,Sinhala,C,B,A,B,A,A,Geography,B,Music,B,Design_Tech,A,0,0,0,1,1,0,1,1,0,1,5.0,4.06,1.73,3.04,2.98,2.74,Cloud Infrastructure & Cybersecurity,Client-facing & Communicative,State University Degree (UGC Merit/District),4,4,Technology
STU-SYN-01108,synthetic,Female,Galle,1AB National School,Sinhala,A,B,C,B,A,B,Commerce,A,Music,A,Health_Science,A,0,1,0,0,0,0,1,0,0,0,2.18,3.1,3.44,3.99,4.73,5.0,"Accounting, Audit & Taxation",Client-facing & Communicative,Private/Foreign Affiliated University Degree,5,4,Commerce
STU-SYN-00540,synthetic,Female,Colombo,1AB Provincial School,Sinhala,A,S,B,B,S,B,Entrepreneurship Studies,B,Drama,A,Health_Science,A,0,0,0,1,1,1,1,1,0,0,2.02,2.22,2.32,3.38,3.47,4.72,Banking & Investment Management,Hands-on Practical & Fieldwork,National Diploma / Vocational Higher Education (NVQ 5/6),3,4,Commerce
STU-SYN-00178,synthetic,Male,Puttalam,1AB Provincial School,Tamil,A,C,C,B,B,A,Geography,A,Art,C,Agriculture,C,1,0,1,1,0,0,0,0,0,0,3.91,4.91,2.8,3.11,2.64,3.43,Public Health & Nutrition,"Structured, Routine & Detail-focused",State University Technology/Applied Degree,4,5,Biological Science
STU-SYN-01159,synthetic,Male,Matale,1AB National School,Sinhala,A,C,B,A,A,B,Commerce,A,Art,A,Health_Science,C,0,1,0,0,1,0,1,0,0,0,1.68,5.0,2.83,4.23,4.46,4.92,Digital Marketing & Brand Strategy,Independent Analytical & Research,State University Technology/Applied Degree,3,2,Commerce
STU-SYN-01051,synthetic,Male,Matale,Type 2 School,Sinhala,C,C,C,C,B,A,Civics,C,Music,A,Health_Science,A,0,0,0,0,0,0,0,0,1,1,1.9,3.96,4.83,5.0,3.67,1.83,Language Translation & Linguistics,Team-based & Project-driven,Private/Foreign Affiliated University Degree,2,2,Arts
STU-SYN-00584,synthetic,Male,Colombo,1AB National School,Sinhala,B,B,B,A,C,A,Commerce,S,Art,A,Design_Tech,A,0,1,0,1,0,1,1,0,1,1,1.51,3.12,2.54,3.13,4.09,4.47,Banking & Investment Management,"Structured, Routine & Detail-focused",Private/Foreign Affiliated University Degree,2,3,Commerce
STU-SYN-01195,synthetic,Male,Badulla,1C School,Tamil,A,B,A,C,A,C,ICT,A,English Literature,W,Health_Science,A,0,1,1,0,0,0,0,1,1,0,3.55,5.0,1.34,2.7,3.39,3.85,Software Engineering & AI,Hands-on Practical & Fieldwork,State University Technology/Applied Degree,4,1,Physical Science
STU-SYN-00008,synthetic,Male,Gampaha,1AB National School,Sinhala,B,B,A,A,B,A,ICT,C,English Literature,A,Health_Science,C,1,1,0,0,0,0,1,1,1,1,3.14,5.0,2.45,1.89,2.94,3.85,Civil & Structural Engineering,Client-facing & Communicative,Professional Qualification (CA/CIMA/SLIIT/IESL/Attorney),4,2,Physical Science
STU-SYN-00574,synthetic,Male,Gampaha,1C School,Sinhala,A,C,B,S,A,A,Civics,A,Drama,B,Health_Science,A,0,1,0,0,1,0,1,0,1,0,2.27,3.23,4.63,4.64,3.51,1.83,"Law, Judiciary & Advocacy",Team-based & Project-driven,State University Technology/Applied Degree,4,3,Arts
STU-SYN-00843,synthetic,Male,Colombo,1AB National School,Sinhala,B,A,A,B,A,B,Geography,B,Music,A,Design_Tech,A,0,1,0,0,0,1,0,1,1,1,4.92,3.18,3.26,3.45,3.97,3.79,Biosystems & Industrial Food Tech,Client-facing & Communicative,National Diploma / Vocational Higher Education (NVQ 5/6),4,3,Technology
STU-SYN-00358,synthetic,Female,Colombo,1AB Provincial School,Sinhala,A,A,B,A,B,A,ICT,A,English Literature,B,Health_Science,A,0,1,0,0,1,0,1,0,1,0,4.35,4.6,2.97,4.0,2.81,4.04,Biomedical & Molecular Genetics,Independent Analytical & Research,Private/Foreign Affiliated University Degree,3,3,Biological Science
STU-SYN-00330,synthetic,Female,Matale,1AB National School,Tamil,S,C,A,A,B,A,Civics,B,Dancing,C,Home_Economics,C,0,1,1,1,1,1,0,0,1,0,1.95,3.65,5.0,4.38,3.62,2.56,Language Translation & Linguistics,Hands-on Practical & Fieldwork,State University Degree (UGC Merit/District),3,2,Arts
STU-SYN-00705,synthetic,Male,Colombo,1AB Provincial School,Tamil,C,C,B,B,B,C,Entrepreneurship Studies,A,Drama,C,Agriculture,A,0,0,0,0,1,0,0,0,0,0,3.91,3.65,1.71,3.31,3.63,3.54,Construction & Quantity Surveying Tech,Team-based & Project-driven,State University Technology/Applied Degree,3,3,Technology
STU-SYN-00830,synthetic,Male,Puttalam,1AB Provincial School,Sinhala,B,S,A,B,C,C,Commerce,A,Drama,C,Health_Science,B,1,1,0,1,1,1,0,0,0,1,2.32,3.39,2.78,3.56,4.87,4.37,Digital Marketing & Brand Strategy,Client-facing & Communicative,National Diploma / Vocational Higher Education (NVQ 5/6),5,4,Commerce
STU-SYN-00259,synthetic,Male,Galle,1AB National School,Tamil,A,A,A,A,B,B,Geography,B,Art,A,Design_Tech,B,0,1,1,1,0,0,1,1,0,1,3.78,4.4,2.45,2.85,3.07,4.22,Electronics & Embedded Systems,Team-based & Project-driven,State University Technology/Applied Degree,5,3,Physical Science
STU-SYN-00891,synthetic,Female,Colombo,1AB National School,Sinhala,C,A,A,A,B,A,Commerce,B,Art,B,Design_Tech,B,1,1,1,0,0,0,0,0,0,0,4.06,4.75,3.05,4.06,3.55,4.0,Quantitative Finance & Actuarial,Hands-on Practical & Fieldwork,National Diploma / Vocational Higher Education (NVQ 5/6),5,2,Physical Science
STU-SYN-00834,synthetic,Female,Gampaha,1AB Provincial School,Tamil,B,B,A,A,B,A,ICT,A,English Literature,B,Health_Science,B,1,1,0,1,1,1,1,0,1,0,4.5,5.0,1.0,3.07,3.34,3.41,Data Science & Analytics,Team-based & Project-driven,Professional Qualification (CA/CIMA/SLIIT/IESL/Attorney),2,4,Physical Science
STU-SYN-01188,synthetic,Male,Kandy,1AB Provincial School,Sinhala,S,C,B,B,B,A,Commerce,A,Music,C,Home_Economics,C,1,1,0,1,0,0,1,1,0,1,1.0,3.48,2.84,2.72,4.93,4.75,Corporate Law & Compliance,Client-facing & Communicative,National Diploma / Vocational Higher Education (NVQ 5/6),3,4,Commerce
STU-SYN-00905,synthetic,Female,Matale,1AB National School,Sinhala,A,B,A,C,B,A,Commerce,B,Music,A,Home_Economics,A,1,1,0,1,0,1,1,0,0,1,2.57,3.23,2.44,3.11,4.77,5.0,Digital Marketing & Brand Strategy,"Structured, Routine & Detail-focused",Professional Qualification (CA/CIMA/SLIIT/IESL/Attorney),4,3,Commerce
STU-SYN-00526,synthetic,Male,Batticaloa,1AB National School,Sinhala,A,A,A,A,A,A,Commerce,C,Art,B,Health_Science,A,0,1,0,1,0,1,1,1,0,1,2.26,2.49,3.25,3.67,4.82,5.0,Banking & Investment Management,Hands-on Practical & Fieldwork,Private/Foreign Affiliated University Degree,2,3,Commerce
STU-SYN-00814,synthetic,Female,Mannar,1AB National School,Sinhala,C,B,A,C,A,C,Geography,A,Dancing,A,Agriculture,A,0,0,0,1,0,1,1,0,1,0,1.29,2.64,4.88,4.66,2.18,2.5,UI/UX Design & Creative Direction,Independent Analytical & Research,State University Technology/Applied Degree,4,4,Arts
STU-SYN-00732,synthetic,Female,Galle,1AB National School,Sinhala,C,A,S,B,A,B,ICT,A,Art,B,Design_Tech,A,0,0,0,0,0,1,0,0,0,0,4.95,4.09,2.68,3.35,3.77,3.89,Construction & Quantity Surveying Tech,Independent Analytical & Research,Professional Qualification (CA/CIMA/SLIIT/IESL/Attorney),4,1,Technology
STU-SYN-01032,synthetic,Male,Monaragala,Private/Semi-Government,Sinhala,S,C,A,S,A,B,Civics,A,Dancing,C,Home_Economics,A,1,0,0,1,0,1,1,1,1,0,1.96,3.61,4.3,4.29,3.23,2.08,"Law, Judiciary & Advocacy",Client-facing & Communicative,National Diploma / Vocational Higher Education (NVQ 5/6),3,3,Arts
STU-SYN-01141,synthetic,Female,Kilinochchi,1AB National School,English,A,B,A,W,B,A,Geography,B,Music,A,Design_Tech,A,1,0,0,0,1,0,1,1,1,0,3.43,5.0,1.82,2.71,3.54,3.57,Quantitative Finance & Actuarial,Team-based & Project-driven,State University Degree (UGC Merit/District),2,1,Physical Science
STU-SYN-00441,synthetic,Female,Colombo,1AB Provincial School,Sinhala,B,A,C,S,A,B,Geography,W,English Literature,C,Health_Science,B,0,1,0,0,0,1,1,0,1,0,4.17,3.73,1.91,2.72,3.25,2.43,Electronics & Embedded Systems,Independent Analytical & Research,National Diploma / Vocational Higher Education (NVQ 5/6),4,4,Physical Science
STU-SYN-00532,synthetic,Female,Gampaha,1AB Provincial School,Sinhala,A,C,W,A,A,B,Entrepreneurship Studies,A,Art,B,Home_Economics,B,1,1,0,0,1,0,0,1,0,1,2.53,3.94,1.64,4.22,5.0,4.66,Banking & Investment Management,Independent Analytical & Research,State University Degree (UGC Merit/District),3,3,Commerce
STU-SYN-00960,synthetic,Male,Gampaha,1AB Provincial School,Sinhala,B,B,C,A,S,B,Commerce,B,Music,B,Design_Tech,C,1,0,0,0,0,0,0,1,0,1,2.42,3.34,2.66,3.75,3.37,5.0,"Accounting, Audit & Taxation","Structured, Routine & Detail-focused",National Diploma / Vocational Higher Education (NVQ 5/6),3,4,Commerce
STU-SYN-00229,synthetic,Female,Gampaha,1AB Provincial School,Sinhala,B,A,B,A,A,A,ICT,B,Art,B,Design_Tech,A,0,0,0,1,0,0,1,1,0,1,2.75,3.35,2.93,3.88,4.17,4.2,"Accounting, Audit & Taxation","Structured, Routine & Detail-focused",State University Degree (UGC Merit/District),2,3,Commerce
STU-SYN-01041,synthetic,Male,Badulla,1C School,Sinhala,S,A,B,B,C,B,Geography,B,Art,C,Agriculture,C,1,1,0,1,0,1,1,0,0,0,5.0,4.22,2.27,2.07,3.74,3.65,Biosystems & Industrial Food Tech,Team-based & Project-driven,State University Technology/Applied Degree,5,3,Technology
STU-SYN-00213,synthetic,Female,Ratnapura,Private/Semi-Government,Tamil,B,B,C,C,B,C,Commerce,B,Drama,B,Design_Tech,A,1,1,0,1,0,0,0,1,1,0,2.21,3.95,2.58,4.37,4.02,4.7,International Trade & Logistics,Team-based & Project-driven,Private/Foreign Affiliated University Degree,5,3,Commerce
STU-SYN-00080,synthetic,Female,Trincomalee,1C School,Sinhala,B,A,S,A,C,A,Geography,A,Music,B,Health_Science,A,0,1,1,0,0,0,1,0,1,0,3.18,4.29,3.0,5.0,2.81,3.44,Veterinary Medicine,Independent Analytical & Research,National Diploma / Vocational Higher Education (NVQ 5/6),4,3,Biological Science
STU-SYN-00149,synthetic,Female,Colombo,1AB Provincial School,Sinhala,A,B,B,A,B,B,Commerce,C,Music,B,Health_Science,B,1,1,0,0,0,0,0,1,1,0,4.91,4.8,2.71,2.34,2.94,3.96,Data Science & Analytics,Hands-on Practical & Fieldwork,State University Degree (UGC Merit/District),4,3,Physical Science
STU-SYN-00592,synthetic,Female,Batticaloa,1AB National School,Sinhala,C,C,A,A,A,B,Commerce,S,Music,C,Health_Science,C,1,1,0,0,0,0,0,0,0,1,1.93,3.59,1.83,3.57,4.96,5.0,International Trade & Logistics,Client-facing & Communicative,State University Technology/Applied Degree,2,2,Commerce
STU-SYN-00708,synthetic,Female,Puttalam,1AB National School,Sinhala,A,A,A,A,A,C,Civics,A,Music,A,Health_Science,C,1,1,0,0,0,0,1,0,0,0,2.73,5.0,2.21,4.05,2.12,3.81,Public Health & Nutrition,Team-based & Project-driven,Private/Foreign Affiliated University Degree,4,4,Biological Science
STU-SYN-00590,synthetic,Female,Jaffna,1AB National School,Sinhala,S,A,B,A,C,A,Civics,A,English Literature,B,Health_Science,A,0,0,0,1,1,1,0,1,1,0,3.03,4.94,1.52,4.48,2.07,3.6,Medicine & Clinical Surgery,Team-based & Project-driven,National Diploma / Vocational Higher Education (NVQ 5/6),4,2,Biological Science
STU-SYN-00134,synthetic,Female,Galle,1C School,Sinhala,B,A,A,A,B,A,Geography,A,Music,C,Agriculture,A,1,1,1,0,0,0,0,0,0,0,3.6,4.1,2.76,4.46,1.85,3.57,Sustainable Agriculture & Forestry,"Structured, Routine & Detail-focused",Professional Qualification (CA/CIMA/SLIIT/IESL/Attorney),3,2,Biological Science
STU-SYN-00782,synthetic,Female,Kegalle,Private/Semi-Government,Tamil,A,S,B,A,B,A,Second Language,C,English Literature,C,Home_Economics,A,1,0,0,0,0,0,0,0,1,0,1.49,2.99,4.75,4.0,4.02,2.34,International Relations & Diplomacy,Hands-on Practical & Fieldwork,State University Degree (UGC Merit/District),4,4,Arts
STU-SYN-00409,synthetic,Female,Anuradhapura,1AB Provincial School,Tamil,S,B,A,B,B,A,Second Language,B,Drama,A,Home_Economics,A,0,1,0,0,1,0,1,0,1,0,3.01,2.41,5.0,4.35,4.16,2.78,UI/UX Design & Creative Direction,Independent Analytical & Research,State University Technology/Applied Degree,4,2,Arts
STU-SYN-00970,synthetic,Female,Colombo,1AB National School,Sinhala,A,C,W,A,B,B,ICT,S,English Literature,B,Design_Tech,A,0,1,0,0,1,1,1,0,1,0,3.27,4.51,2.93,2.24,3.43,2.78,Civil & Structural Engineering,Hands-on Practical & Fieldwork,Private/Foreign Affiliated University Degree,3,3,Physical Science
STU-SYN-00508,synthetic,Female,Colombo,1AB Provincial School,Sinhala,C,A,A,A,A,B,Second Language,B,Music,A,Health_Science,A,1,1,0,0,1,1,0,1,1,0,1.67,3.85,4.09,4.56,2.37,3.65,"Law, Judiciary & Advocacy",Team-based & Project-driven,Professional Qualification (CA/CIMA/SLIIT/IESL/Attorney),3,1,Arts
STU-SYN-00877,synthetic,Male,Polonnaruwa,1AB National School,Sinhala,B,C,A,A,S,B,Entrepreneurship Studies,C,Drama,B,Home_Economics,A,1,1,1,1,0,1,1,1,1,1,2.04,3.44,1.8,4.65,3.24,5.0,"Accounting, Audit & Taxation",Team-based & Project-driven,Professional Qualification (CA/CIMA/SLIIT/IESL/Attorney),5,1,Commerce
STU-SYN-00505,synthetic,Female,Kegalle,1C School,Sinhala,B,A,A,A,B,A,ICT,B,English Literature,B,Design_Tech,B,1,1,1,0,1,0,0,0,1,1,4.4,4.34,2.14,3.31,2.51,3.85,Data Science & Analytics,Client-facing & Communicative,State University Degree (UGC Merit/District),5,5,Physical Science
STU-SYN-00719,synthetic,Female,Batticaloa,1AB Provincial School,Tamil,B,C,C,A,A,A,Second Language,B,Dancing,A,Home_Economics,A,0,0,0,1,1,0,1,1,1,0,2.53,4.2,4.19,3.84,4.02,2.15,UI/UX Design & Creative Direction,"Structured, Routine & Detail-focused",National Diploma / Vocational Higher Education (NVQ 5/6),2,1,Arts
STU-SYN-00348,synthetic,Male,Ratnapura,1AB Provincial School,Tamil,B,C,A,B,A,A,Civics,C,Drama,C,Home_Economics,A,1,1,0,0,1,0,0,0,1,0,1.32,4.41,4.76,4.39,3.3,2.25,Journalism & Digital Mass Media,Client-facing & Communicative,State University Degree (UGC Merit/District),4,3,Arts
STU-SYN-00387,synthetic,Male,Gampaha,1AB National School,Sinhala,A,A,A,A,A,A,ICT,C,Art,B,Design_Tech,B,0,0,0,0,0,0,0,1,0,1,2.39,2.66,2.37,3.4,4.7,4.1,Business Management & Entrepreneurship,"Structured, Routine & Detail-focused",State University Degree (UGC Merit/District),4,3,Commerce
STU-SYN-00001,synthetic,Female,Kurunegala,1AB Provincial School,Sinhala,A,B,A,S,C,B,Commerce,A,Music,B,Design_Tech,A,1,0,1,0,0,0,1,0,1,0,4.33,4.84,3.38,2.28,2.92,3.25,Software Engineering & AI,Hands-on Practical & Fieldwork,Professional Qualification (CA/CIMA/SLIIT/IESL/Attorney),2,3,Physical Science
STU-SYN-00361,synthetic,Male,Kegalle,Type 2 School,Sinhala,S,B,B,C,B,S,Geography,C,Art,A,Design_Tech,A,1,0,0,0,0,1,0,0,1,1,4.41,3.8,2.49,2.49,2.77,3.03,Cloud Infrastructure & Cybersecurity,Client-facing & Communicative,National Diploma / Vocational Higher Education (NVQ 5/6),3,1,Technology
STU-SYN-01134,synthetic,Female,Matara,Type 2 School,Sinhala,A,B,S,B,B,B,Geography,C,Art,C,Agriculture,B,0,1,0,1,0,0,0,1,0,0,3.68,5.0,1.24,2.29,3.04,4.06,Civil & Structural Engineering,Hands-on Practical & Fieldwork,State University Degree (UGC Merit/District),3,3,Physical Science
STU-SYN-00476,synthetic,Male,Gampaha,1AB Provincial School,Sinhala,A,C,A,B,B,C,Commerce,A,Art,C,Health_Science,A,0,1,0,1,0,0,1,1,0,0,2.24,3.53,2.53,3.94,4.58,5.0,"Accounting, Audit & Taxation",Client-facing & Communicative,State University Technology/Applied Degree,5,3,Commerce
STU-SYN-00778,synthetic,Male,Badulla,1AB National School,Tamil,A,B,C,B,B,B,ICT,A,Music,W,Design_Tech,C,1,1,1,0,1,0,1,0,0,1,4.05,4.14,1.81,1.92,2.9,4.24,Data Science & Analytics,Hands-on Practical & Fieldwork,State University Technology/Applied Degree,3,2,Physical Science
STU-SYN-00754,synthetic,Female,Matara,1AB Provincial School,Sinhala,A,B,A,A,B,C,Entrepreneurship Studies,A,Art,B,Home_Economics,A,1,1,1,1,0,0,0,1,0,0,2.37,3.49,3.32,4.25,4.54,4.35,Corporate Law & Compliance,Independent Analytical & Research,State University Degree (UGC Merit/District),4,4,Commerce
STU-SYN-00173,synthetic,Female,Kalutara,1AB Provincial School,Sinhala,B,B,B,C,B,B,Entrepreneurship Studies,C,Drama,C,Design_Tech,A,1,0,0,0,0,0,1,0,1,0,5.0,3.66,1.86,3.25,3.6,3.67,Renewable Energy & Power Systems,Team-based & Project-driven,State University Technology/Applied Degree,2,3,Technology
STU-SYN-00451,synthetic,Male,Jaffna,Type 2 School,Tamil,A,B,B,A,S,B,ICT,A,Drama,C,Health_Science,B,1,1,0,1,0,0,0,0,0,1,1.0,3.53,2.65,3.37,4.49,4.75,Digital Marketing & Brand Strategy,"Structured, Routine & Detail-focused",State University Technology/Applied Degree,2,5,Commerce
STU-SYN-00126,synthetic,Male,Gampaha,1AB National School,Sinhala,A,A,A,C,A,B,Commerce,A,English Literature,A,Health_Science,C,0,1,0,1,0,0,1,1,1,1,5.0,3.05,1.65,4.0,3.52,3.09,Data Science & Analytics,Independent Analytical & Research,State University Degree (UGC Merit/District),4,2,Physical Science
STU-SYN-00931,synthetic,Male,Batticaloa,Type 2 School,Sinhala,B,A,B,B,C,B,ICT,B,Music,A,Agriculture,B,0,0,0,1,0,1,1,1,1,0,4.59,4.01,2.55,4.09,2.07,4.46,Pharmaceutical & Drug Development,Team-based & Project-driven,Professional Qualification (CA/CIMA/SLIIT/IESL/Attorney),4,3,Biological Science
STU-SYN-00531,synthetic,Male,Colombo,1AB Provincial School,Sinhala,B,W,C,A,B,B,Geography,A,English Literature,B,Agriculture,A,0,0,0,0,0,1,1,1,0,0,1.68,2.81,4.93,4.35,3.24,2.95,"Law, Judiciary & Advocacy",Client-facing & Communicative,Professional Qualification (CA/CIMA/SLIIT/IESL/Attorney),4,3,Arts
STU-SYN-00091,synthetic,Male,Trincomalee,Private/Semi-Government,Tamil,B,A,B,A,B,A,ICT,B,Music,C,Agriculture,A,0,1,1,0,0,0,0,1,0,1,5.0,4.53,1.59,2.47,3.54,3.9,Biosystems & Industrial Food Tech,Hands-on Practical & Fieldwork,Professional Qualification (CA/CIMA/SLIIT/IESL/Attorney),5,5,Technology
STU-SYN-01162,synthetic,Female,Kandy,1C School,Sinhala,A,B,A,B,B,C,ICT,B,Music,A,Agriculture,C,1,1,1,0,0,0,1,1,1,0,4.46,4.83,2.46,2.65,3.09,4.2,Software Engineering & AI,Client-facing & Communicative,Private/Foreign Affiliated University Degree,2,5,Physical Science
STU-SYN-00182,synthetic,Male,Mullaitivu,1AB National School,English,A,A,B,S,C,B,Commerce,W,Music,B,Home_Economics,A,1,0,0,0,0,0,0,1,0,1,1.85,3.32,2.28,3.8,5.0,5.0,"Accounting, Audit & Taxation","Structured, Routine & Detail-focused",State University Technology/Applied Degree,4,3,Commerce
STU-SYN-01027,synthetic,Female,Kandy,1AB Provincial School,Sinhala,S,B,B,A,A,A,Second Language,A,Dancing,B,Agriculture,A,1,0,0,1,0,1,0,1,1,1,3.09,3.09,4.85,3.76,2.49,2.07,"Law, Judiciary & Advocacy",Hands-on Practical & Fieldwork,State University Technology/Applied Degree,1,2,Arts
STU-SYN-01000,synthetic,Female,Monaragala,1AB National School,English,B,B,A,A,A,B,Geography,B,Music,A,Home_Economics,S,1,0,1,1,1,0,1,1,1,1,2.33,4.75,4.88,3.93,3.51,2.81,International Relations & Diplomacy,"Structured, Routine & Detail-focused",National Diploma / Vocational Higher Education (NVQ 5/6),5,2,Arts
STU-SYN-00252,synthetic,Female,Kalutara,1C School,Sinhala,B,A,A,A,B,S,ICT,B,Art,C,Agriculture,A,1,1,0,1,0,0,1,0,0,1,3.32,5.0,1.35,1.38,3.17,3.08,Civil & Structural Engineering,"Structured, Routine & Detail-focused",State University Technology/Applied Degree,4,3,Physical Science
STU-SYN-00070,synthetic,Female,Batticaloa,1AB Provincial School,Sinhala,B,C,A,S,B,A,ICT,B,Art,A,Design_Tech,A,0,1,0,0,0,0,1,0,0,0,5.0,4.95,3.01,2.6,3.16,3.91,Quantitative Finance & Actuarial,Team-based & Project-driven,Private/Foreign Affiliated University Degree,3,2,Physical Science
STU-SYN-00132,synthetic,Female,Kurunegala,1AB Provincial School,Sinhala,B,A,B,A,W,A,Commerce,A,Art,C,Home_Economics,A,0,1,1,0,0,0,0,0,0,1,1.64,4.06,2.72,3.6,4.05,3.86,Digital Marketing & Brand Strategy,Independent Analytical & Research,State University Technology/Applied Degree,1,3,Commerce
STU-SYN-00301,synthetic,Female,Hambantota,1AB Provincial School,Tamil,B,A,A,A,B,A,ICT,B,Music,A,Aquatic_Resources,A,0,0,0,0,0,0,1,1,0,0,4.11,4.07,4.07,2.77,2.92,4.02,Biosystems & Industrial Food Tech,Team-based & Project-driven,Private/Foreign Affiliated University Degree,5,3,Technology
STU-SYN-01133,synthetic,Male,Jaffna,1C School,Sinhala,A,A,C,B,B,A,ICT,B,Music,C,Design_Tech,A,1,0,0,1,1,1,0,1,1,1,2.5,2.89,3.07,3.37,4.26,4.3,Business Management & Entrepreneurship,Team-based & Project-driven,Private/Foreign Affiliated University Degree,4,4,Commerce
STU-SYN-00327,synthetic,Male,Badulla,1AB National School,Sinhala,B,C,B,A,B,B,Second Language,C,Drama,W,Health_Science,A,1,0,0,0,1,1,1,0,0,0,1.47,3.53,5.0,3.32,3.57,1.88,Language Translation & Linguistics,Client-facing & Communicative,State University Degree (UGC Merit/District),3,4,Arts
STU-SYN-01020,synthetic,Female,Kandy,Private/Semi-Government,Sinhala,C,C,A,B,C,C,Entrepreneurship Studies,A,Art,A,Design_Tech,A,0,0,0,0,1,0,1,1,0,1,2.2,3.43,1.16,4.0,4.85,4.86,Digital Marketing & Brand Strategy,"Structured, Routine & Detail-focused",Private/Foreign Affiliated University Degree,2,3,Commerce
STU-SYN-00500,synthetic,Female,Colombo,1AB Provincial School,English,B,S,A,A,A,A,ICT,A,English Literature,B,Health_Science,B,0,0,1,0,0,0,0,1,0,1,4.31,4.68,1.78,2.03,3.14,3.63,Data Science & Analytics,Independent Analytical & Research,National Diploma / Vocational Higher Education (NVQ 5/6),2,3,Physical Science
STU-SYN-00666,synthetic,Female,Trincomalee,1AB Provincial School,Tamil,A,A,S,A,A,B,Civics,B,Music,A,Agriculture,S,1,0,0,0,0,1,1,1,1,0,3.39,4.74,2.14,3.65,3.05,4.18,Pharmaceutical & Drug Development,Hands-on Practical & Fieldwork,State University Degree (UGC Merit/District),2,4,Biological Science
STU-SYN-00919,synthetic,Female,Kandy,1C School,English,A,B,B,B,A,A,Second Language,A,Drama,B,Health_Science,A,0,1,1,0,1,1,0,0,0,0,2.02,3.77,5.0,4.27,3.35,2.11,"Law, Judiciary & Advocacy",Independent Analytical & Research,State University Degree (UGC Merit/District),3,5,Arts
STU-SYN-00496,synthetic,Male,Gampaha,1C School,Tamil,S,B,A,B,B,B,Second Language,A,Dancing,C,Health_Science,B,0,0,0,1,1,0,1,0,1,0,1.84,4.34,3.97,4.11,3.27,3.6,Journalism & Digital Mass Media,Independent Analytical & Research,Private/Foreign Affiliated University Degree,4,3,Arts
STU-SYN-00339,synthetic,Male,Colombo,Private/Semi-Government,Sinhala,A,A,B,C,A,C,ICT,A,Music,B,Aquatic_Resources,A,1,0,1,0,0,0,0,1,0,0,5.0,4.08,1.91,2.4,2.96,3.96,"Robotics, Mechatronics & Automation",Independent Analytical & Research,National Diploma / Vocational Higher Education (NVQ 5/6),3,3,Technology
STU-SYN-00964,synthetic,Female,Gampaha,1AB Provincial School,Tamil,S,A,A,C,A,A,ICT,A,Art,B,Agriculture,A,0,0,1,0,0,1,1,0,1,0,4.35,5.0,2.95,3.19,3.66,3.37,Software Engineering & AI,Independent Analytical & Research,National Diploma / Vocational Higher Education (NVQ 5/6),3,3,Physical Science
STU-SYN-00165,synthetic,Female,Nuwara Eliya,1AB Provincial School,Sinhala,A,A,A,A,C,A,Geography,B,Music,S,Health_Science,B,0,1,0,0,0,0,1,0,0,1,3.75,4.4,1.52,4.27,3.41,3.31,Medicine & Clinical Surgery,"Structured, Routine & Detail-focused",Private/Foreign Affiliated University Degree,4,3,Biological Science
STU-SYN-00029,synthetic,Female,Trincomalee,Private/Semi-Government,Sinhala,B,B,A,C,S,B,ICT,S,Music,B,Home_Economics,C,1,0,1,0,0,0,0,1,0,1,2.26,4.74,1.74,4.31,4.68,4.93,Banking & Investment Management,Independent Analytical & Research,Private/Foreign Affiliated University Degree,3,2,Commerce
STU-SYN-00517,synthetic,Female,Kalutara,1AB Provincial School,Tamil,C,C,A,A,A,A,Second Language,A,Music,B,Home_Economics,A,0,1,0,0,1,0,0,1,0,0,1.71,3.68,4.78,4.81,2.86,2.06,UI/UX Design & Creative Direction,Team-based & Project-driven,Professional Qualification (CA/CIMA/SLIIT/IESL/Attorney),2,3,Arts
STU-SYN-00194,synthetic,Female,Monaragala,1AB Provincial School,Tamil,A,A,A,A,A,B,Commerce,A,Music,B,Design_Tech,S,0,0,0,0,1,1,1,0,0,0,3.9,3.82,2.53,2.59,2.29,3.89,Software Engineering & AI,Team-based & Project-driven,National Diploma / Vocational Higher Education (NVQ 5/6),3,3,Physical Science
STU-SYN-01104,synthetic,Male,Gampaha,1AB Provincial School,Sinhala,C,B,C,A,B,B,Entrepreneurship Studies,A,Art,B,Home_Economics,C,1,1,0,1,0,0,0,1,1,1,2.04,3.11,2.33,4.0,3.62,5.0,International Trade & Logistics,Hands-on Practical & Fieldwork,Professional Qualification (CA/CIMA/SLIIT/IESL/Attorney),4,4,Commerce
STU-SYN-00170,synthetic,Female,Nuwara Eliya,1AB National School,Sinhala,C,A,A,S,A,A,Entrepreneurship Studies,B,Music,A,Design_Tech,A,1,0,1,0,0,0,0,0,0,1,5.0,4.01,2.27,2.51,2.68,3.23,"Robotics, Mechatronics & Automation","Structured, Routine & Detail-focused",State University Degree (UGC Merit/District),3,1,Technology
STU-SYN-01059,synthetic,Female,Badulla,1AB National School,Sinhala,A,B,B,C,W,A,Commerce,A,Art,B,Design_Tech,A,1,1,1,0,0,0,1,1,0,1,4.22,3.57,2.28,2.9,3.17,4.32,Electronics & Embedded Systems,"Structured, Routine & Detail-focused",State University Technology/Applied Degree,2,2,Physical Science
STU-SYN-00174,synthetic,Male,Kurunegala,1C School,Sinhala,A,A,B,B,C,C,ICT,A,Art,C,Design_Tech,B,1,1,0,0,1,1,0,0,1,0,4.67,3.89,1.91,3.0,2.76,4.08,Renewable Energy & Power Systems,Independent Analytical & Research,National Diploma / Vocational Higher Education (NVQ 5/6),3,4,Technology
STU-SYN-00519,synthetic,Female,Kalutara,1AB Provincial School,Sinhala,A,A,C,A,A,A,ICT,A,Music,S,Agriculture,A,0,0,1,0,0,0,0,1,0,0,3.63,4.94,2.32,2.83,3.85,3.45,Software Engineering & AI,Team-based & Project-driven,Professional Qualification (CA/CIMA/SLIIT/IESL/Attorney),4,3,Physical Science
STU-SYN-00969,synthetic,Female,Nuwara Eliya,1AB National School,Sinhala,B,A,B,B,C,B,Commerce,B,Art,A,Health_Science,A,1,1,1,1,1,0,1,0,0,1,2.58,3.37,2.51,3.36,4.38,4.57,International Trade & Logistics,"Structured, Routine & Detail-focused",State University Technology/Applied Degree,2,3,Commerce
STU-SYN-00702,synthetic,Female,Ampara,Private/Semi-Government,Sinhala,C,B,A,B,C,B,Geography,B,English Literature,C,Agriculture,C,0,0,0,0,0,0,1,0,1,0,2.16,5.0,1.63,4.89,2.43,3.91,Biomedical & Molecular Genetics,"Structured, Routine & Detail-focused",National Diploma / Vocational Higher Education (NVQ 5/6),5,3,Biological Science
STU-SYN-00492,synthetic,Female,Kurunegala,1AB National School,Sinhala,B,S,B,A,C,B,Entrepreneurship Studies,A,Music,B,Health_Science,B,0,1,0,1,0,1,0,1,0,1,2.18,3.68,2.4,4.27,5.0,4.74,Banking & Investment Management,Team-based & Project-driven,National Diploma / Vocational Higher Education (NVQ 5/6),3,3,Commerce
STU-SYN-00074,synthetic,Male,Kurunegala,1C School,Tamil,B,S,C,A,B,A,Civics,B,Drama,B,Health_Science,A,0,1,0,1,1,0,1,0,0,0,2.19,4.17,4.2,4.4,4.31,1.55,UI/UX Design & Creative Direction,Client-facing & Communicative,Professional Qualification (CA/CIMA/SLIIT/IESL/Attorney),4,3,Arts
STU-SYN-00981,synthetic,Male,Matale,1AB National School,English,B,C,S,B,A,C,Geography,A,Music,A,Agriculture,A,0,1,1,0,1,0,1,0,1,0,4.31,4.75,2.02,1.36,4.39,3.12,Civil & Structural Engineering,Hands-on Practical & Fieldwork,State University Degree (UGC Merit/District),4,3,Physical Science
STU-SYN-00588,synthetic,Male,Kandy,1AB National School,Tamil,C,B,A,C,C,A,Entrepreneurship Studies,B,Art,A,Health_Science,A,1,0,0,0,1,0,1,0,0,1,1.88,3.94,3.15,3.81,3.71,5.0,Banking & Investment Management,Team-based & Project-driven,Private/Foreign Affiliated University Degree,5,4,Commerce
STU-SYN-00235,synthetic,Female,Kegalle,1AB Provincial School,English,A,A,A,B,B,A,Civics,B,English Literature,B,Agriculture,A,1,1,0,0,0,0,0,0,1,0,3.98,4.34,2.22,4.52,3.16,3.74,Medicine & Clinical Surgery,Hands-on Practical & Fieldwork,Professional Qualification (CA/CIMA/SLIIT/IESL/Attorney),4,4,Biological Science
STU-SYN-00215,synthetic,Female,Gampaha,1AB Provincial School,Tamil,A,B,A,B,A,B,ICT,S,English Literature,A,Agriculture,B,0,1,1,0,0,0,1,1,0,0,3.7,3.87,2.64,2.38,4.32,3.41,Software Engineering & AI,"Structured, Routine & Detail-focused",Private/Foreign Affiliated University Degree,3,3,Physical Science
STU-SYN-00947,synthetic,Female,Ratnapura,1C School,Sinhala,B,A,A,B,A,S,ICT,C,Art,C,Agriculture,A,1,1,1,0,1,0,1,0,0,1,4.65,5.0,3.18,2.26,3.71,3.93,Mechanical & Aerospace Engineering,"Structured, Routine & Detail-focused",Professional Qualification (CA/CIMA/SLIIT/IESL/Attorney),5,5,Physical Science
STU-SYN-00133,synthetic,Female,Kandy,1AB National School,Sinhala,A,A,S,A,A,C,Geography,B,Art,A,Design_Tech,B,1,0,1,0,0,0,1,1,1,0,3.53,4.36,2.72,2.82,3.49,3.1,Electronics & Embedded Systems,Client-facing & Communicative,State University Technology/Applied Degree,2,1,Physical Science
STU-SYN-01156,synthetic,Female,Kandy,1AB Provincial School,Sinhala,B,A,C,A,B,A,Geography,C,Art,S,Agriculture,A,1,0,1,1,0,0,0,1,1,0,3.57,4.99,1.85,5.0,2.23,3.53,Public Health & Nutrition,Hands-on Practical & Fieldwork,National Diploma / Vocational Higher Education (NVQ 5/6),4,3,Biological Science
STU-SYN-00733,synthetic,Male,Kegalle,1AB Provincial School,Sinhala,B,C,B,A,B,A,Commerce,C,Art,A,Home_Economics,A,1,1,0,1,0,0,1,1,0,1,2.64,3.25,2.13,3.4,4.06,3.54,International Trade & Logistics,Client-facing & Communicative,State University Degree (UGC Merit/District),4,3,Commerce
STU-SYN-00941,synthetic,Male,Ampara,1AB Provincial School,Sinhala,A,C,C,C,B,C,ICT,A,Art,A,Design_Tech,B,0,0,1,0,0,0,1,1,0,1,3.91,4.18,2.58,3.09,3.55,4.38,Applied Automotive & Mechanical Tech,Client-facing & Communicative,National Diploma / Vocational Higher Education (NVQ 5/6),4,4,Technology
STU-SYN-00186,synthetic,Female,Gampaha,1AB Provincial School,Tamil,B,A,A,A,A,A,Civics,C,Art,B,Health_Science,C,1,0,0,0,0,0,1,0,1,0,4.69,5.0,2.25,5.0,1.71,2.19,Medicine & Clinical Surgery,Team-based & Project-driven,National Diploma / Vocational Higher Education (NVQ 5/6),4,3,Biological Science
STU-SYN-00042,synthetic,Male,Kalutara,1AB National School,Sinhala,B,A,A,B,B,B,Civics,A,English Literature,A,Health_Science,C,0,0,0,0,0,0,0,0,1,1,2.47,4.19,2.93,4.26,3.26,3.73,Biomedical & Molecular Genetics,Client-facing & Communicative,State University Technology/Applied Degree,4,5,Biological Science
STU-SYN-00109,synthetic,Female,Kalutara,1C School,Sinhala,C,A,B,A,A,A,Geography,C,Music,C,Health_Science,A,0,1,0,1,0,0,1,0,1,0,3.54,5.0,2.25,5.0,3.59,3.43,Pharmaceutical & Drug Development,Independent Analytical & Research,Private/Foreign Affiliated University Degree,4,3,Biological Science
STU-SYN-00849,synthetic,Male,Ratnapura,1AB National School,Sinhala,B,B,A,S,A,A,Entrepreneurship Studies,A,Drama,B,Design_Tech,B,0,1,0,0,0,1,0,1,0,1,1.59,4.01,2.33,2.61,3.6,5.0,Business Management & Entrepreneurship,Client-facing & Communicative,State University Degree (UGC Merit/District),2,3,Commerce
STU-SYN-00569,synthetic,Female,Hambantota,1AB Provincial School,Sinhala,A,A,B,A,A,A,Civics,A,Music,A,Health_Science,A,0,1,0,1,1,0,1,0,0,0,3.4,3.73,2.42,5.0,2.66,3.67,Public Health & Nutrition,Team-based & Project-driven,State University Technology/Applied Degree,3,5,Biological Science
STU-SYN-00651,synthetic,Male,Colombo,1AB Provincial School,Sinhala,C,B,A,A,B,A,ICT,C,Art,B,Home_Economics,S,0,1,1,0,0,0,0,0,0,1,2.72,3.0,1.91,2.58,4.65,5.0,"Accounting, Audit & Taxation",Client-facing & Communicative,State University Degree (UGC Merit/District),2,3,Commerce
STU-SYN-01001,synthetic,Female,Kegalle,1C School,Tamil,B,A,B,B,C,A,Civics,A,Music,B,Agriculture,A,0,1,0,0,1,0,1,0,0,0,3.39,4.86,2.09,4.45,3.41,2.63,Sustainable Agriculture & Forestry,Team-based & Project-driven,National Diploma / Vocational Higher Education (NVQ 5/6),2,3,Biological Science
STU-SYN-01166,synthetic,Male,Matale,1AB Provincial School,Sinhala,B,B,S,A,B,A,Civics,C,English Literature,B,Home_Economics,S,1,1,0,1,0,0,1,0,1,0,3.46,4.87,1.5,5.0,3.63,3.64,Medicine & Clinical Surgery,Independent Analytical & Research,Private/Foreign Affiliated University Degree,3,3,Biological Science
STU-SYN-00484,synthetic,Male,Anuradhapura,1C School,Sinhala,A,C,A,C,B,A,Commerce,A,Music,A,Design_Tech,A,1,0,0,0,1,0,1,1,0,1,1.6,3.76,2.83,3.63,4.38,4.6,"Accounting, Audit & Taxation",Hands-on Practical & Fieldwork,State University Technology/Applied Degree,3,4,Commerce
STU-SYN-00469,synthetic,Male,Batticaloa,Type 2 School,Tamil,W,B,A,A,S,C,ICT,B,Music,S,Health_Science,B,0,1,0,0,0,0,0,0,1,0,4.04,4.49,2.56,2.58,2.8,3.27,Quantitative Finance & Actuarial,Client-facing & Communicative,State University Degree (UGC Merit/District),4,1,Physical Science
STU-SYN-00025,synthetic,Female,Kalutara,1C School,Tamil,B,B,A,B,B,B,Entrepreneurship Studies,C,Art,A,Design_Tech,S,0,1,1,0,0,0,1,1,1,0,5.0,3.98,1.7,2.64,2.81,3.39,Applied Automotive & Mechanical Tech,Hands-on Practical & Fieldwork,State University Degree (UGC Merit/District),3,4,Technology
STU-SYN-00661,synthetic,Female,Colombo,1C School,Sinhala,C,C,A,B,A,B,Commerce,A,Art,C,Health_Science,B,0,1,0,0,1,0,0,1,1,0,2.18,3.13,3.44,3.35,5.0,4.84,Digital Marketing & Brand Strategy,Independent Analytical & Research,Private/Foreign Affiliated University Degree,4,3,Commerce
STU-SYN-00680,synthetic,Male,Gampaha,1AB Provincial School,Sinhala,C,B,A,C,B,A,Entrepreneurship Studies,C,Music,B,Design_Tech,S,1,1,0,1,0,0,1,1,1,1,2.18,2.64,2.77,4.48,5.0,4.09,"Accounting, Audit & Taxation",Hands-on Practical & Fieldwork,National Diploma / Vocational Higher Education (NVQ 5/6),1,4,Commerce
STU-SYN-00753,synthetic,Male,Jaffna,Private/Semi-Government,Sinhala,A,A,A,A,B,A,ICT,A,Art,C,Health_Science,B,0,1,0,0,0,0,1,0,0,1,4.1,4.1,2.35,2.33,3.15,4.34,Civil & Structural Engineering,Team-based & Project-driven,Professional Qualification (CA/CIMA/SLIIT/IESL/Attorney),5,4,Physical Science
STU-SYN-00994,synthetic,Female,Kandy,1AB Provincial School,Sinhala,C,B,A,B,C,B,ICT,A,Drama,B,Design_Tech,A,1,0,0,1,0,0,1,0,0,1,1.0,4.06,2.19,4.42,5.0,4.52,Business Management & Entrepreneurship,Team-based & Project-driven,Professional Qualification (CA/CIMA/SLIIT/IESL/Attorney),3,3,Commerce
STU-SYN-00367,synthetic,Male,Gampaha,1AB Provincial School,English,B,B,B,A,B,A,Second Language,B,Dancing,B,Health_Science,A,1,0,0,1,0,1,0,1,1,1,2.42,3.78,4.22,5.0,4.12,2.0,Psychology & Social Work,Client-facing & Communicative,State University Technology/Applied Degree,3,5,Arts
STU-SYN-00840,synthetic,Female,Hambantota,1AB National School,Sinhala,A,B,A,A,C,A,Commerce,C,English Literature,B,Agriculture,C,1,1,1,1,0,0,1,0,1,0,4.94,5.0,2.34,1.61,3.12,3.96,Civil & Structural Engineering,Independent Analytical & Research,State University Technology/Applied Degree,4,1,Physical Science
STU-SYN-01053,synthetic,Female,Mannar,1AB Provincial School,Tamil,A,C,A,A,S,A,Commerce,B,Art,A,Design_Tech,B,0,1,0,0,0,0,0,1,1,0,5.0,4.48,1.28,2.86,4.35,2.98,Data Science & Analytics,"Structured, Routine & Detail-focused",National Diploma / Vocational Higher Education (NVQ 5/6),5,4,Physical Science
STU-SYN-00384,synthetic,Male,Polonnaruwa,1C School,Sinhala,C,A,C,B,C,A,ICT,B,Drama,A,Design_Tech,A,1,1,1,0,0,0,0,0,0,1,3.75,3.14,3.12,2.29,2.58,3.19,Renewable Energy & Power Systems,Client-facing & Communicative,Professional Qualification (CA/CIMA/SLIIT/IESL/Attorney),5,1,Technology
STU-SYN-00455,synthetic,Female,Kalutara,1AB Provincial School,Sinhala,C,A,B,B,B,B,ICT,A,Drama,C,Agriculture,A,0,0,1,0,0,0,0,0,1,0,4.97,4.3,2.8,2.75,3.76,3.31,Applied Automotive & Mechanical Tech,Independent Analytical & Research,State University Technology/Applied Degree,5,2,Technology
STU-SYN-00265,synthetic,Female,Monaragala,1AB National School,Sinhala,A,B,A,A,S,A,Civics,A,Music,A,Agriculture,B,1,0,0,0,0,0,1,0,1,0,3.13,4.43,2.63,5.0,3.42,2.94,Veterinary Medicine,Client-facing & Communicative,National Diploma / Vocational Higher Education (NVQ 5/6),4,4,Biological Science
STU-SYN-00761,synthetic,Male,Matale,1AB Provincial School,Sinhala,B,A,C,A,C,A,Geography,A,Music,A,Health_Science,B,0,1,0,0,1,1,1,1,0,0,1.39,3.29,4.39,4.29,3.66,1.91,Journalism & Digital Mass Media,Client-facing & Communicative,National Diploma / Vocational Higher Education (NVQ 5/6),4,4,Arts
STU-SYN-00980,synthetic,Female,Ampara,1AB National School,Sinhala,A,A,B,A,S,B,ICT,A,Music,A,Design_Tech,C,0,0,0,1,1,0,0,0,1,0,4.23,5.0,2.28,2.42,2.91,4.28,Quantitative Finance & Actuarial,"Structured, Routine & Detail-focused",Private/Foreign Affiliated University Degree,3,2,Physical Science
STU-SYN-00445,synthetic,Male,Galle,1AB Provincial School,Sinhala,B,C,B,A,S,B,Commerce,S,Music,C,Design_Tech,C,1,1,0,0,0,0,1,0,0,1,2.81,3.25,2.44,4.09,4.21,3.89,Corporate Law & Compliance,Team-based & Project-driven,State University Technology/Applied Degree,4,3,Commerce
STU-SYN-00396,synthetic,Female,Galle,1AB National School,Sinhala,B,B,C,C,B,S,ICT,A,Art,A,Home_Economics,C,0,1,0,1,0,1,0,1,1,0,2.59,4.46,1.97,3.81,4.23,4.98,"Accounting, Audit & Taxation","Structured, Routine & Detail-focused",Private/Foreign Affiliated University Degree,2,3,Commerce
STU-SYN-00742,synthetic,Female,Gampaha,1C School,Sinhala,A,B,A,A,C,A,ICT,A,Art,A,Design_Tech,A,0,1,1,0,0,0,0,1,0,0,4.27,5.0,2.73,2.55,3.33,3.4,Quantitative Finance & Actuarial,Client-facing & Communicative,State University Degree (UGC Merit/District),4,1,Physical Science
STU-SYN-00177,synthetic,Female,Gampaha,1C School,Sinhala,A,C,B,B,W,B,Geography,B,Art,B,Design_Tech,A,0,1,0,1,0,1,1,0,1,1,4.28,3.68,2.96,2.37,2.8,3.78,Cloud Infrastructure & Cybersecurity,Team-based & Project-driven,National Diploma / Vocational Higher Education (NVQ 5/6),3,4,Technology
STU-SYN-00019,synthetic,Female,Colombo,1AB Provincial School,Sinhala,A,A,C,A,B,B,Entrepreneurship Studies,C,Art,B,Design_Tech,B,1,1,0,0,0,0,0,0,1,1,2.89,3.11,2.26,3.24,5.0,5.0,Digital Marketing & Brand Strategy,Client-facing & Communicative,State University Technology/Applied Degree,3,3,Commerce
STU-SYN-00949,synthetic,Female,Matara,1AB National School,Sinhala,B,B,B,B,S,A,Entrepreneurship Studies,B,Music,C,Design_Tech,B,1,1,0,0,0,1,0,1,0,1,1.67,3.57,2.51,3.51,4.18,4.94,Corporate Law & Compliance,Client-facing & Communicative,National Diploma / Vocational Higher Education (NVQ 5/6),1,3,Commerce
STU-SYN-00815,synthetic,Male,Kegalle,1AB Provincial School,Sinhala,B,B,B,A,B,B,ICT,C,Music,A,Home_Economics,A,1,0,0,0,1,0,0,0,0,0,3.78,4.6,3.41,4.35,3.02,4.51,Medicine & Clinical Surgery,Independent Analytical & Research,National Diploma / Vocational Higher Education (NVQ 5/6),2,3,Biological Science
STU-SYN-00596,synthetic,Male,Badulla,1AB Provincial School,Tamil,A,B,C,C,A,B,Commerce,C,Art,A,Design_Tech,A,0,1,1,0,0,0,0,0,1,0,3.94,5.0,1.76,2.28,3.03,3.4,Software Engineering & AI,"Structured, Routine & Detail-focused",National Diploma / Vocational Higher Education (NVQ 5/6),4,4,Physical Science
STU-SYN-00062,synthetic,Male,Ratnapura,1C School,Sinhala,C,A,A,B,A,A,Commerce,S,Art,A,Home_Economics,A,0,1,0,1,1,0,1,1,0,1,1.9,2.31,3.18,3.51,5.0,4.85,"Accounting, Audit & Taxation",Client-facing & Communicative,Private/Foreign Affiliated University Degree,4,4,Commerce
STU-SYN-00273,synthetic,Male,Gampaha,1AB Provincial School,Tamil,C,A,A,A,B,A,ICT,A,Music,C,Health_Science,A,0,1,0,0,0,0,0,1,0,0,3.69,3.71,1.62,2.11,2.66,3.75,Software Engineering & AI,Client-facing & Communicative,State University Degree (UGC Merit/District),1,5,Physical Science
STU-SYN-01126,synthetic,Female,Gampaha,1AB National School,Sinhala,A,B,B,A,A,A,ICT,A,English Literature,A,Health_Science,B,1,0,1,1,0,1,1,0,1,1,4.5,4.91,2.43,2.58,3.11,4.36,Software Engineering & AI,Hands-on Practical & Fieldwork,Professional Qualification (CA/CIMA/SLIIT/IESL/Attorney),4,3,Physical Science
STU-SYN-00279,synthetic,Male,Gampaha,1AB Provincial School,Sinhala,A,A,W,B,A,A,Entrepreneurship Studies,S,Music,B,Design_Tech,C,1,1,0,0,0,1,0,0,1,1,3.22,3.96,2.82,3.71,4.51,5.0,Business Management & Entrepreneurship,Team-based & Project-driven,National Diploma / Vocational Higher Education (NVQ 5/6),4,4,Commerce
STU-SYN-00842,synthetic,Female,Kalutara,1AB Provincial School,Sinhala,B,B,A,B,B,B,Second Language,B,Drama,A,Home_Economics,A,1,1,0,0,1,1,1,0,1,0,1.79,4.2,4.95,4.01,4.2,2.75,Psychology & Social Work,Hands-on Practical & Fieldwork,Private/Foreign Affiliated University Degree,5,2,Arts
STU-SYN-00369,synthetic,Female,Kandy,1AB National School,Tamil,C,B,A,A,A,A,Civics,C,Art,A,Agriculture,B,1,1,0,1,0,0,1,0,1,0,2.87,5.0,1.86,4.42,3.29,2.52,Veterinary Medicine,"Structured, Routine & Detail-focused",State University Technology/Applied Degree,2,5,Biological Science
STU-SYN-00887,synthetic,Female,Colombo,1AB National School,Tamil,A,A,A,A,A,A,Geography,B,Art,S,Health_Science,A,0,1,0,0,0,0,0,0,1,1,3.74,5.0,1.3,4.57,2.35,4.1,Sustainable Agriculture & Forestry,Client-facing & Communicative,National Diploma / Vocational Higher Education (NVQ 5/6),4,2,Biological Science
STU-SYN-01015,synthetic,Male,Gampaha,1C School,Sinhala,B,A,B,A,C,A,Civics,A,Music,S,Agriculture,A,0,1,0,0,1,1,0,1,1,0,3.53,4.18,1.72,3.71,3.13,3.44,Biomedical & Molecular Genetics,"Structured, Routine & Detail-focused",National Diploma / Vocational Higher Education (NVQ 5/6),2,1,Biological Science
STU-SYN-00860,synthetic,Male,Gampaha,Private/Semi-Government,Sinhala,S,A,A,A,A,B,Geography,A,Drama,C,Health_Science,A,0,0,0,1,1,0,1,0,1,1,1.74,2.91,4.35,4.37,3.95,2.06,"Law, Judiciary & Advocacy",Hands-on Practical & Fieldwork,State University Degree (UGC Merit/District),3,5,Arts
STU-SYN-00721,synthetic,Female,Galle,Type 2 School,Sinhala,C,B,B,A,C,B,ICT,B,Art,A,Agriculture,B,1,1,0,0,1,0,0,0,0,1,5.0,3.71,2.46,2.03,4.7,4.8,"Robotics, Mechatronics & Automation","Structured, Routine & Detail-focused",State University Technology/Applied Degree,4,2,Technology
STU-SYN-00826,synthetic,Male,Gampaha,1AB National School,Tamil,B,B,C,C,A,A,Civics,S,Dancing,B,Home_Economics,A,0,1,0,0,1,0,0,1,1,1,2.14,3.41,5.0,4.46,2.73,3.1,"Law, Judiciary & Advocacy",Hands-on Practical & Fieldwork,State University Technology/Applied Degree,4,3,Arts
STU-SYN-00548,synthetic,Male,Gampaha,1AB Provincial School,Sinhala,C,C,C,A,C,A,Geography,B,Drama,B,Home_Economics,A,0,1,1,1,0,1,0,0,1,0,1.83,4.19,4.0,3.0,3.72,2.42,Language Translation & Linguistics,Hands-on Practical & Fieldwork,State University Technology/Applied Degree,3,3,Arts
STU-SYN-00880,synthetic,Female,Anuradhapura,Type 2 School,Sinhala,B,B,B,B,A,A,Second Language,C,Music,A,Home_Economics,A,1,0,0,0,1,0,1,0,0,1,2.41,3.56,4.61,4.94,3.26,2.46,Psychology & Social Work,Team-based & Project-driven,National Diploma / Vocational Higher Education (NVQ 5/6),5,3,Arts
STU-SYN-00900,synthetic,Male,Kalutara,1AB National School,Sinhala,A,A,A,B,A,A,ICT,A,English Literature,A,Agriculture,B,1,1,1,0,0,0,0,1,1,0,3.43,5.0,1.89,2.3,4.0,4.41,Software Engineering & AI,Team-based & Project-driven,State University Degree (UGC Merit/District),4,4,Physical Science
STU-SYN-00457,synthetic,Female,Nuwara Eliya,1AB National School,Sinhala,A,B,A,B,B,A,Commerce,S,English Literature,A,Health_Science,A,1,1,0,0,0,0,0,0,1,0,4.18,4.44,2.34,3.43,2.92,4.06,Electronics & Embedded Systems,Hands-on Practical & Fieldwork,Private/Foreign Affiliated University Degree,3,5,Physical Science
STU-SYN-00394,synthetic,Female,Kurunegala,Type 2 School,Sinhala,C,B,C,A,A,A,Commerce,C,Drama,S,Home_Economics,B,0,1,1,1,0,0,0,1,0,1,1.31,3.78,1.92,3.53,4.41,5.0,Digital Marketing & Brand Strategy,Independent Analytical & Research,Professional Qualification (CA/CIMA/SLIIT/IESL/Attorney),4,1,Commerce
STU-SYN-00676,synthetic,Female,Monaragala,1AB Provincial School,Sinhala,A,B,A,A,A,A,Civics,B,English Literature,A,Home_Economics,A,0,0,0,0,0,0,1,0,1,0,3.85,4.45,1.61,4.61,3.48,4.55,Pharmaceutical & Drug Development,Team-based & Project-driven,National Diploma / Vocational Higher Education (NVQ 5/6),2,3,Biological Science
STU-SYN-00912,synthetic,Female,Colombo,1C School,Tamil,W,W,A,B,B,A,Civics,A,English Literature,C,Home_Economics,A,0,1,1,0,1,1,0,1,1,1,2.25,2.33,5.0,4.98,4.61,2.26,International Relations & Diplomacy,Team-based & Project-driven,National Diploma / Vocational Higher Education (NVQ 5/6),2,3,Arts
STU-SYN-00965,synthetic,Male,Ratnapura,1AB Provincial School,Tamil,A,S,A,B,A,B,Commerce,A,English Literature,B,Design_Tech,C,1,1,1,0,0,0,1,1,0,0,3.97,5.0,1.66,3.07,2.97,3.69,Mechanical & Aerospace Engineering,Client-facing & Communicative,State University Technology/Applied Degree,5,3,Physical Science
STU-SYN-00376,synthetic,Female,Polonnaruwa,1AB National School,Sinhala,B,B,S,A,C,B,Commerce,A,Art,B,Home_Economics,C,1,1,0,0,1,0,0,0,0,0,1.9,3.29,2.96,3.23,4.44,5.0,Banking & Investment Management,Hands-on Practical & Fieldwork,State University Technology/Applied Degree,3,5,Commerce
STU-SYN-00413,synthetic,Female,Colombo,1AB Provincial School,Sinhala,A,C,S,A,S,B,ICT,A,Art,B,Design_Tech,A,1,1,0,0,1,0,0,1,0,0,4.69,4.02,2.93,2.51,2.92,3.4,Quantitative Finance & Actuarial,"Structured, Routine & Detail-focused",Professional Qualification (CA/CIMA/SLIIT/IESL/Attorney),4,3,Physical Science
STU-SYN-00075,synthetic,Female,Ratnapura,1AB Provincial School,Sinhala,C,B,A,A,B,B,Second Language,A,Drama,A,Health_Science,B,0,0,0,0,1,1,0,1,1,0,2.16,4.19,4.14,4.65,3.78,2.91,International Relations & Diplomacy,Team-based & Project-driven,National Diploma / Vocational Higher Education (NVQ 5/6),5,4,Arts
STU-SYN-01122,synthetic,Male,Puttalam,1AB Provincial School,Sinhala,B,C,C,B,C,A,Geography,B,Drama,S,Design_Tech,A,1,1,1,0,1,0,1,0,0,0,4.58,4.16,1.6,2.86,4.0,2.57,Applied Automotive & Mechanical Tech,Hands-on Practical & Fieldwork,State University Technology/Applied Degree,4,2,Technology
STU-SYN-00863,synthetic,Female,Colombo,1C School,Tamil,B,A,B,C,C,A,ICT,A,English Literature,C,Design_Tech,B,0,1,1,0,0,1,0,0,1,0,4.56,4.2,1.43,2.18,3.52,3.19,Mechanical & Aerospace Engineering,"Structured, Routine & Detail-focused",State University Degree (UGC Merit/District),4,4,Physical Science
STU-SYN-00501,synthetic,Male,Monaragala,1C School,Sinhala,B,C,A,A,A,A,Civics,B,Dancing,B,Health_Science,A,0,0,0,1,0,1,0,0,0,0,1.38,3.28,5.0,4.79,3.79,3.16,"Law, Judiciary & Advocacy",Team-based & Project-driven,State University Degree (UGC Merit/District),3,3,Arts
STU-SYN-00942,synthetic,Female,Ampara,1AB National School,Sinhala,C,A,A,A,A,B,ICT,B,English Literature,B,Agriculture,A,0,1,0,0,1,0,0,0,1,1,3.71,3.37,2.26,2.82,3.52,3.13,Quantitative Finance & Actuarial,Client-facing & Communicative,Private/Foreign Affiliated University Degree,1,2,Physical Science
STU-SYN-00617,synthetic,Female,Gampaha,1C School,English,B,A,B,C,C,A,ICT,B,Art,B,Health_Science,A,1,1,1,0,1,0,1,1,1,0,3.81,4.3,2.39,4.3,3.55,3.53,Veterinary Medicine,Team-based & Project-driven,National Diploma / Vocational Higher Education (NVQ 5/6),2,4,Biological Science
STU-SYN-00115,synthetic,Female,Colombo,1AB National School,Tamil,B,B,A,C,A,B,Geography,S,Art,C,Agriculture,C,0,0,0,0,1,1,1,1,0,0,3.19,5.0,2.4,5.0,2.14,3.22,Public Health & Nutrition,Hands-on Practical & Fieldwork,State University Technology/Applied Degree,4,4,Biological Science
STU-SYN-00418,synthetic,Female,Mannar,1AB National School,Tamil,C,A,B,C,A,B,Geography,C,Music,S,Agriculture,A,1,1,0,0,0,0,0,0,1,1,2.91,4.85,1.47,5.0,3.08,3.52,Sustainable Agriculture & Forestry,Team-based & Project-driven,State University Degree (UGC Merit/District),4,4,Biological Science
STU-SYN-00602,synthetic,Male,Galle,1AB Provincial School,Sinhala,A,B,B,A,C,B,Commerce,A,Music,B,Design_Tech,S,1,1,1,1,1,0,0,1,1,1,2.18,2.58,2.57,3.43,3.24,4.41,Corporate Law & Compliance,"Structured, Routine & Detail-focused",National Diploma / Vocational Higher Education (NVQ 5/6),3,3,Commerce
STU-SYN-00605,synthetic,Male,Gampaha,1C School,Tamil,A,A,A,C,B,A,Geography,A,Art,A,Design_Tech,B,1,1,1,0,0,0,0,0,1,0,4.46,4.6,2.48,2.23,3.7,3.42,Data Science & Analytics,Independent Analytical & Research,Private/Foreign Affiliated University Degree,4,5,Physical Science
STU-SYN-00090,synthetic,Female,Matara,1AB Provincial School,Sinhala,B,C,A,A,C,A,Geography,S,Music,A,Health_Science,C,1,1,0,0,1,1,1,0,1,0,2.38,3.87,5.0,3.75,3.36,2.22,"Law, Judiciary & Advocacy",Hands-on Practical & Fieldwork,Private/Foreign Affiliated University Degree,3,2,Arts
STU-SYN-01149,synthetic,Female,Vavuniya,Type 2 School,Sinhala,A,A,A,B,A,A,ICT,A,Music,A,Health_Science,S,0,1,0,0,0,0,0,1,0,0,3.2,4.2,3.38,1.68,2.55,3.26,Electronics & Embedded Systems,Client-facing & Communicative,State University Technology/Applied Degree,4,3,Physical Science
STU-SYN-00499,synthetic,Male,Kurunegala,1AB National School,English,A,B,A,B,B,A,Commerce,B,Music,A,Design_Tech,C,1,0,0,0,1,1,0,1,1,1,2.83,4.52,1.9,3.92,5.0,4.17,International Trade & Logistics,Hands-on Practical & Fieldwork,State University Technology/Applied Degree,2,2,Commerce
STU-SYN-00876,synthetic,Female,Kalutara,1AB National School,Sinhala,A,W,B,B,C,A,Geography,A,English Literature,B,Health_Science,C,1,1,0,1,0,0,0,1,1,0,1.0,4.6,4.68,3.96,3.31,3.31,Language Translation & Linguistics,Client-facing & Communicative,State University Degree (UGC Merit/District),2,3,Arts
STU-SYN-00927,synthetic,Female,Kurunegala,1C School,Sinhala,A,A,A,C,C,A,ICT,A,English Literature,C,Health_Science,B,0,0,1,1,1,0,1,1,0,1,3.89,4.8,2.35,1.44,3.4,3.53,Quantitative Finance & Actuarial,Client-facing & Communicative,State University Degree (UGC Merit/District),4,3,Physical Science
STU-SYN-00999,synthetic,Female,Nuwara Eliya,1AB National School,Sinhala,B,S,C,B,B,A,Geography,A,English Literature,B,Agriculture,C,0,0,1,0,1,0,1,1,1,0,3.36,4.16,1.95,2.82,2.81,3.45,Electronics & Embedded Systems,Team-based & Project-driven,State University Degree (UGC Merit/District),2,3,Physical Science
STU-SYN-00012,synthetic,Female,Gampaha,Type 2 School,Sinhala,B,C,B,C,A,B,Commerce,A,Music,A,Design_Tech,B,1,0,0,0,0,0,0,1,1,1,5.0,3.84,2.42,1.93,3.46,3.63,Civil & Structural Engineering,Hands-on Practical & Fieldwork,Professional Qualification (CA/CIMA/SLIIT/IESL/Attorney),2,1,Physical Science
STU-SYN-00397,synthetic,Female,Kandy,1AB Provincial School,Sinhala,A,A,B,B,C,A,Commerce,A,Art,A,Home_Economics,A,1,1,0,0,1,0,0,1,0,1,2.78,4.38,2.68,3.17,4.51,4.47,Business Management & Entrepreneurship,Client-facing & Communicative,State University Degree (UGC Merit/District),4,5,Commerce
STU-SYN-00755,synthetic,Female,Nuwara Eliya,1AB Provincial School,Sinhala,C,C,A,B,A,A,Geography,C,Music,B,Health_Science,B,0,0,0,1,1,1,1,0,1,0,2.39,3.68,4.96,4.13,3.48,2.31,Journalism & Digital Mass Media,Client-facing & Communicative,Private/Foreign Affiliated University Degree,5,4,Arts
STU-SYN-00556,synthetic,Female,Galle,1AB Provincial School,Sinhala,A,C,A,A,B,A,Civics,A,Music,C,Home_Economics,C,0,1,0,1,0,1,0,0,1,0,1.16,3.87,4.77,3.85,2.57,2.74,Psychology & Social Work,"Structured, Routine & Detail-focused",State University Technology/Applied Degree,3,4,Arts
STU-SYN-00043,synthetic,Male,Kandy,1AB Provincial School,Sinhala,A,S,A,B,B,A,Geography,C,Art,C,Agriculture,A,1,1,0,0,0,0,1,0,0,1,3.3,3.91,2.22,3.07,1.98,3.89,Civil & Structural Engineering,Independent Analytical & Research,National Diploma / Vocational Higher Education (NVQ 5/6),4,1,Physical Science
STU-SYN-00168,synthetic,Female,Badulla,1C School,Tamil,B,B,A,C,S,A,Geography,B,Drama,B,Agriculture,B,0,1,1,0,0,1,0,1,0,0,5.0,4.4,2.77,1.13,3.36,4.95,Applied Automotive & Mechanical Tech,Independent Analytical & Research,State University Degree (UGC Merit/District),4,2,Technology
STU-SYN-00417,synthetic,Female,Kegalle,1AB Provincial School,Sinhala,B,B,A,A,C,A,Commerce,A,Music,S,Design_Tech,A,0,1,1,0,0,1,1,0,1,0,4.04,4.23,2.98,2.71,2.81,3.55,Mechanical & Aerospace Engineering,"Structured, Routine & Detail-focused",Professional Qualification (CA/CIMA/SLIIT/IESL/Attorney),5,1,Physical Science
STU-SYN-00577,synthetic,Female,Gampaha,1AB Provincial School,Tamil,C,C,B,B,A,A,ICT,B,English Literature,B,Agriculture,A,0,1,1,0,0,0,0,0,1,0,4.08,4.85,2.15,2.89,4.4,2.96,Mechanical & Aerospace Engineering,"Structured, Routine & Detail-focused",State University Degree (UGC Merit/District),4,4,Physical Science
STU-SYN-00268,synthetic,Male,Nuwara Eliya,1C School,Sinhala,A,B,A,B,B,A,Civics,B,English Literature,B,Health_Science,B,1,1,0,0,0,0,1,1,1,0,2.84,4.69,2.29,4.23,2.49,3.91,Medicine & Clinical Surgery,"Structured, Routine & Detail-focused",National Diploma / Vocational Higher Education (NVQ 5/6),2,3,Biological Science
STU-SYN-00808,synthetic,Male,Mullaitivu,1C School,Sinhala,B,A,A,B,A,C,ICT,A,Music,A,Aquatic_Resources,A,0,1,1,0,0,0,0,0,0,0,4.19,3.81,1.66,2.32,3.71,3.92,Applied Automotive & Mechanical Tech,Independent Analytical & Research,Professional Qualification (CA/CIMA/SLIIT/IESL/Attorney),4,2,Technology
STU-SYN-00427,synthetic,Female,Gampaha,1AB Provincial School,Sinhala,S,C,C,C,B,B,ICT,A,Art,B,Agriculture,A,1,1,0,0,0,0,0,0,0,0,4.15,4.51,2.63,3.1,3.12,3.37,Applied Automotive & Mechanical Tech,Team-based & Project-driven,National Diploma / Vocational Higher Education (NVQ 5/6),3,3,Technology
STU-SYN-00691,synthetic,Male,Badulla,Type 2 School,Sinhala,A,C,B,C,B,A,ICT,C,Art,B,Design_Tech,A,0,0,1,0,0,0,0,0,0,0,4.73,4.22,2.26,2.37,3.95,2.73,Applied Automotive & Mechanical Tech,Team-based & Project-driven,State University Technology/Applied Degree,5,2,Technology
STU-SYN-00545,synthetic,Male,Gampaha,Private/Semi-Government,Tamil,S,A,B,B,A,B,Entrepreneurship Studies,A,Drama,S,Agriculture,A,0,1,0,0,0,0,1,0,0,0,4.37,3.96,2.97,3.0,3.33,3.17,"Robotics, Mechatronics & Automation",Team-based & Project-driven,State University Technology/Applied Degree,5,4,Technology
STU-SYN-01123,synthetic,Female,Galle,1AB Provincial School,Sinhala,A,B,C,A,A,B,Commerce,B,Drama,A,Home_Economics,B,1,1,0,0,0,0,1,0,0,1,2.35,4.17,2.46,3.51,4.6,4.84,"Accounting, Audit & Taxation",Team-based & Project-driven,State University Degree (UGC Merit/District),1,2,Commerce
STU-SYN-00675,synthetic,Female,Nuwara Eliya,1AB Provincial School,Tamil,A,A,B,A,B,B,Second Language,B,Dancing,C,Home_Economics,B,1,1,0,1,1,0,1,1,0,0,1.67,3.65,5.0,3.87,3.92,2.36,UI/UX Design & Creative Direction,Client-facing & Communicative,National Diploma / Vocational Higher Education (NVQ 5/6),4,3,Arts
STU-SYN-00690,synthetic,Male,Colombo,1C School,Sinhala,B,A,A,B,C,B,ICT,A,Music,A,Home_Economics,S,0,1,0,0,0,0,1,0,1,1,2.39,2.95,2.13,3.75,5.0,5.0,"Accounting, Audit & Taxation",Independent Analytical & Research,National Diploma / Vocational Higher Education (NVQ 5/6),2,4,Commerce
STU-SYN-01055,synthetic,Male,Matale,1AB National School,Sinhala,A,C,B,S,B,B,Commerce,A,Art,B,Home_Economics,C,1,1,0,0,0,0,0,1,0,0,2.75,3.39,2.22,2.75,3.81,4.78,Digital Marketing & Brand Strategy,Hands-on Practical & Fieldwork,Private/Foreign Affiliated University Degree,5,3,Commerce
STU-SYN-01177,synthetic,Female,Kilinochchi,Type 2 School,Sinhala,C,C,A,B,C,S,Commerce,A,Art,A,Health_Science,A,0,1,0,0,0,1,0,1,1,1,1.44,3.04,2.74,3.83,4.26,4.52,Banking & Investment Management,Hands-on Practical & Fieldwork,Professional Qualification (CA/CIMA/SLIIT/IESL/Attorney),3,3,Commerce
STU-SYN-01033,synthetic,Male,Galle,Type 2 School,Sinhala,A,A,B,B,B,A,Civics,C,Music,A,Agriculture,C,1,0,0,0,0,0,0,0,0,1,3.33,4.06,1.89,5.0,3.46,3.31,Sustainable Agriculture & Forestry,Hands-on Practical & Fieldwork,State University Degree (UGC Merit/District),5,3,Biological Science
STU-SYN-01035,synthetic,Male,Galle,1AB National School,Tamil,A,C,A,A,B,A,Civics,A,Art,S,Home_Economics,B,0,1,0,1,0,1,0,0,0,1,1.66,3.18,4.42,3.94,3.55,2.04,"Law, Judiciary & Advocacy",Client-facing & Communicative,National Diploma / Vocational Higher Education (NVQ 5/6),3,2,Arts
STU-SYN-00258,synthetic,Female,Matale,1AB Provincial School,Sinhala,B,A,A,A,A,S,ICT,A,Art,A,Agriculture,A,1,1,0,0,1,0,1,0,0,0,4.77,3.87,2.69,2.08,2.87,4.0,"Robotics, Mechatronics & Automation",Team-based & Project-driven,National Diploma / Vocational Higher Education (NVQ 5/6),4,1,Technology
STU-SYN-00336,synthetic,Male,Ampara,1AB National School,Sinhala,B,A,B,S,B,A,ICT,B,Art,A,Design_Tech,C,0,0,0,0,0,0,0,0,1,1,3.86,3.84,1.55,2.35,2.5,3.87,Quantitative Finance & Actuarial,Hands-on Practical & Fieldwork,Private/Foreign Affiliated University Degree,5,2,Physical Science
STU-SYN-00016,synthetic,Male,Kandy,1AB Provincial School,Tamil,A,A,A,C,B,A,ICT,B,Art,A,Health_Science,A,0,1,0,0,0,1,1,0,0,1,1.71,3.5,1.7,4.23,5.0,4.56,Business Management & Entrepreneurship,Client-facing & Communicative,National Diploma / Vocational Higher Education (NVQ 5/6),4,5,Commerce
STU-SYN-00902,synthetic,Female,Kalutara,1AB Provincial School,Sinhala,B,B,A,A,C,A,ICT,B,Art,A,Home_Economics,B,0,0,0,0,1,0,0,0,0,1,1.71,4.32,2.91,3.07,4.88,3.94,"Accounting, Audit & Taxation",Client-facing & Communicative,Private/Foreign Affiliated University Degree,4,3,Commerce
STU-SYN-00325,synthetic,Male,Gampaha,1AB National School,Sinhala,C,A,A,A,S,B,Civics,B,Drama,B,Agriculture,B,0,1,0,1,1,1,0,1,1,0,2.51,3.89,5.0,4.25,3.63,2.49,International Relations & Diplomacy,Client-facing & Communicative,State University Degree (UGC Merit/District),5,2,Arts
STU-SYN-00608,synthetic,Female,Ampara,1C School,Tamil,B,B,B,B,C,B,Commerce,S,Art,B,Design_Tech,C,1,1,0,0,0,0,0,0,0,1,2.56,2.57,3.04,2.62,4.46,3.82,Business Management & Entrepreneurship,Hands-on Practical & Fieldwork,Private/Foreign Affiliated University Degree,3,5,Commerce
STU-SYN-01054,synthetic,Female,Kurunegala,1AB Provincial School,Tamil,A,W,B,C,B,C,Civics,B,Dancing,A,Health_Science,C,1,1,0,1,1,1,0,1,1,0,1.47,4.2,5.0,4.75,3.57,2.91,UI/UX Design & Creative Direction,Team-based & Project-driven,State University Technology/Applied Degree,5,4,Arts
STU-SYN-00791,synthetic,Female,Batticaloa,1AB Provincial School,Sinhala,A,C,C,S,A,A,ICT,C,Music,A,Home_Economics,B,1,1,1,0,0,0,0,1,1,0,3.36,4.66,3.21,5.0,3.19,4.21,Biomedical & Molecular Genetics,Hands-on Practical & Fieldwork,State University Degree (UGC Merit/District),4,4,Biological Science
STU-SYN-00223,synthetic,Male,Monaragala,1AB Provincial School,Sinhala,B,B,A,A,A,A,Geography,S,Art,B,Design_Tech,A,0,1,1,0,0,0,0,0,0,0,5.0,4.21,2.73,3.54,3.71,3.49,"Robotics, Mechatronics & Automation",Hands-on Practical & Fieldwork,Professional Qualification (CA/CIMA/SLIIT/IESL/Attorney),4,5,Technology
STU-SYN-00180,synthetic,Male,Kandy,1AB National School,Sinhala,A,A,S,B,A,B,ICT,C,Art,B,Health_Science,C,1,0,1,0,0,1,0,0,1,1,3.93,4.95,2.32,2.9,2.46,3.62,Mechanical & Aerospace Engineering,Hands-on Practical & Fieldwork,State University Technology/Applied Degree,3,3,Physical Science
STU-SYN-00100,synthetic,Female,Kurunegala,Private/Semi-Government,Sinhala,A,A,A,B,B,B,ICT,B,Music,A,Home_Economics,A,1,1,0,1,0,0,1,0,1,0,2.47,3.69,2.81,2.44,3.85,5.0,Corporate Law & Compliance,Independent Analytical & Research,State University Technology/Applied Degree,2,4,Commerce
STU-SYN-00522,synthetic,Female,Jaffna,Private/Semi-Government,Sinhala,A,A,B,S,A,B,Commerce,B,Art,S,Design_Tech,B,1,0,1,0,1,0,0,0,0,1,3.75,4.73,2.46,3.29,3.87,2.18,Quantitative Finance & Actuarial,Client-facing & Communicative,Professional Qualification (CA/CIMA/SLIIT/IESL/Attorney),3,3,Physical Science
STU-SYN-00023,synthetic,Female,Kurunegala,1AB Provincial School,English,C,A,A,B,C,A,ICT,B,English Literature,B,Health_Science,B,1,0,0,0,0,1,0,1,1,0,3.62,5.0,1.48,4.19,2.39,3.11,Veterinary Medicine,Team-based & Project-driven,State University Degree (UGC Merit/District),4,1,Biological Science
STU-SYN-00357,synthetic,Female,Ampara,1AB National School,Sinhala,W,B,B,A,S,A,Commerce,A,Drama,S,Design_Tech,S,1,1,0,1,0,0,1,1,1,0,2.5,4.11,3.06,2.35,4.13,4.0,Corporate Law & Compliance,Independent Analytical & Research,State University Technology/Applied Degree,2,4,Commerce
STU-SYN-00734,synthetic,Female,Gampaha,Private/Semi-Government,Sinhala,B,B,B,A,A,A,Commerce,A,Art,A,Home_Economics,A,0,0,0,1,0,0,1,0,1,0,2.79,3.35,2.91,3.0,5.0,5.0,Corporate Law & Compliance,Team-based & Project-driven,State University Degree (UGC Merit/District),1,3,Commerce
STU-SYN-01094,synthetic,Male,Puttalam,Type 2 School,English,C,C,A,B,A,A,ICT,C,Music,A,Agriculture,B,0,1,0,0,1,0,1,0,0,1,4.67,4.95,2.95,3.47,3.42,4.59,Biosystems & Industrial Food Tech,Hands-on Practical & Fieldwork,Professional Qualification (CA/CIMA/SLIIT/IESL/Attorney),4,3,Technology
STU-SYN-01112,synthetic,Male,Colombo,Type 2 School,Sinhala,C,A,A,B,B,A,ICT,B,English Literature,B,Health_Science,C,1,1,0,0,0,0,1,0,1,1,4.31,4.84,2.73,2.77,3.61,4.26,Mechanical & Aerospace Engineering,Client-facing & Communicative,State University Degree (UGC Merit/District),5,3,Physical Science
STU-SYN-00612,synthetic,Female,Matale,1AB National School,Sinhala,B,C,A,A,B,A,Geography,C,Music,B,Home_Economics,B,0,0,1,1,0,0,1,1,0,0,2.2,2.53,4.42,4.0,3.19,2.6,Language Translation & Linguistics,Independent Analytical & Research,State University Technology/Applied Degree,5,4,Arts
STU-SYN-01010,synthetic,Female,Gampaha,1AB National School,Sinhala,B,C,C,C,B,C,ICT,B,Music,B,Health_Science,B,1,1,1,0,0,0,1,1,0,0,4.23,4.96,2.05,3.64,2.93,4.44,Software Engineering & AI,Independent Analytical & Research,State University Degree (UGC Merit/District),5,3,Physical Science
STU-SYN-00341,synthetic,Female,Colombo,1AB Provincial School,Tamil,S,C,A,B,A,A,Commerce,A,Art,B,Design_Tech,B,0,0,0,1,0,0,1,1,1,1,2.78,4.17,2.68,4.44,4.65,5.0,Business Management & Entrepreneurship,Hands-on Practical & Fieldwork,State University Degree (UGC Merit/District),2,2,Commerce
STU-SYN-00432,synthetic,Female,Nuwara Eliya,1AB Provincial School,Tamil,A,A,A,B,A,A,ICT,C,English Literature,A,Health_Science,B,0,1,0,0,0,1,0,0,0,0,4.16,5.0,2.36,4.55,3.71,2.7,Veterinary Medicine,Hands-on Practical & Fieldwork,National Diploma / Vocational Higher Education (NVQ 5/6),4,1,Biological Science
STU-SYN-00962,synthetic,Male,Kurunegala,Private/Semi-Government,Tamil,A,A,B,B,C,A,ICT,C,Music,B,Agriculture,A,1,0,0,0,1,0,1,1,1,0,2.85,5.0,2.88,4.8,2.71,4.52,Public Health & Nutrition,Independent Analytical & Research,National Diploma / Vocational Higher Education (NVQ 5/6),3,4,Biological Science
STU-SYN-00218,synthetic,Female,Colombo,Type 2 School,Sinhala,C,S,B,B,A,A,Commerce,A,Drama,A,Home_Economics,S,1,0,1,1,0,0,0,0,0,1,2.25,2.96,2.4,2.57,4.82,3.77,Business Management & Entrepreneurship,"Structured, Routine & Detail-focused",Professional Qualification (CA/CIMA/SLIIT/IESL/Attorney),5,3,Commerce
STU-SYN-00204,synthetic,Male,Kalutara,1AB National School,Sinhala,A,C,B,A,B,A,Geography,W,Drama,A,Home_Economics,S,0,0,0,0,1,1,1,0,1,0,2.36,4.13,4.68,4.21,2.87,2.39,Journalism & Digital Mass Media,Hands-on Practical & Fieldwork,National Diploma / Vocational Higher Education (NVQ 5/6),5,3,Arts
STU-SYN-00906,synthetic,Male,Matara,1C School,Tamil,A,A,A,B,A,B,ICT,A,English Literature,A,Design_Tech,A,0,1,1,0,0,0,1,0,0,0,4.12,4.66,2.03,1.93,4.13,4.47,Software Engineering & AI,Hands-on Practical & Fieldwork,Professional Qualification (CA/CIMA/SLIIT/IESL/Attorney),4,3,Physical Science
STU-SYN-00923,synthetic,Female,Galle,1AB Provincial School,Tamil,C,A,B,C,C,B,Entrepreneurship Studies,A,Drama,A,Design_Tech,B,0,1,1,1,0,0,0,0,0,0,4.22,3.63,3.14,2.8,3.62,4.13,Cloud Infrastructure & Cybersecurity,Team-based & Project-driven,Professional Qualification (CA/CIMA/SLIIT/IESL/Attorney),2,3,Technology
STU-SYN-00094,synthetic,Female,Kurunegala,1AB Provincial School,Tamil,B,C,A,A,A,B,Second Language,B,Dancing,A,Agriculture,A,0,0,0,1,1,1,0,0,0,1,1.23,3.99,5.0,4.7,4.4,2.03,International Relations & Diplomacy,"Structured, Routine & Detail-focused",State University Degree (UGC Merit/District),3,4,Arts
STU-SYN-00911,synthetic,Male,Puttalam,1AB National School,Sinhala,C,A,B,B,B,A,ICT,S,Music,B,Health_Science,C,1,1,0,1,1,0,1,0,0,0,2.98,3.65,2.63,4.02,2.66,3.22,Medicine & Clinical Surgery,Hands-on Practical & Fieldwork,Professional Qualification (CA/CIMA/SLIIT/IESL/Attorney),5,3,Biological Science
STU-SYN-00069,synthetic,Female,Kurunegala,1AB Provincial School,Sinhala,C,A,A,A,B,A,Commerce,A,Music,B,Design_Tech,A,0,0,1,0,0,0,0,1,0,1,4.23,4.68,2.1,3.08,2.72,2.81,Data Science & Analytics,Hands-on Practical & Fieldwork,National Diploma / Vocational Higher Education (NVQ 5/6),5,3,Physical Science
STU-SYN-00895,synthetic,Male,Galle,Type 2 School,Sinhala,B,A,B,A,B,B,Civics,B,English Literature,B,Home_Economics,C,0,1,1,1,1,0,1,0,1,0,2.58,4.41,5.0,3.47,3.02,2.31,Language Translation & Linguistics,"Structured, Routine & Detail-focused",Private/Foreign Affiliated University Degree,5,1,Arts
STU-SYN-00285,synthetic,Female,Colombo,1AB National School,Sinhala,B,B,A,B,A,B,ICT,C,Drama,A,Health_Science,B,1,0,0,1,0,0,0,0,0,0,2.83,3.57,2.25,3.32,3.87,5.0,"Accounting, Audit & Taxation",Client-facing & Communicative,State University Degree (UGC Merit/District),4,4,Commerce
STU-SYN-00697,synthetic,Female,Galle,Type 2 School,Sinhala,S,C,A,B,A,A,Second Language,A,Music,B,Agriculture,C,0,1,0,1,1,0,1,0,1,0,2.42,3.24,4.39,3.92,4.09,2.05,"Law, Judiciary & Advocacy",Client-facing & Communicative,Professional Qualification (CA/CIMA/SLIIT/IESL/Attorney),5,2,Arts
STU-SYN-00086,synthetic,Male,Ratnapura,1AB Provincial School,Sinhala,B,A,C,B,A,B,ICT,B,Art,B,Health_Science,A,1,0,1,0,1,0,1,1,0,0,3.96,3.8,1.82,2.47,3.5,4.01,Quantitative Finance & Actuarial,Independent Analytical & Research,State University Technology/Applied Degree,3,4,Physical Science
STU-SYN-00435,synthetic,Male,Badulla,1AB Provincial School,Sinhala,S,B,A,C,A,A,Geography,C,Drama,B,Home_Economics,A,0,0,0,1,1,1,1,0,1,0,2.25,3.48,4.8,4.48,3.33,2.99,Journalism & Digital Mass Media,Client-facing & Communicative,National Diploma / Vocational Higher Education (NVQ 5/6),4,3,Arts
STU-SYN-00797,synthetic,Female,Puttalam,Type 2 School,Sinhala,B,S,A,A,A,B,Second Language,A,Music,A,Home_Economics,B,1,1,0,0,1,0,1,1,1,0,1.17,3.78,4.4,4.42,3.3,3.07,UI/UX Design & Creative Direction,"Structured, Routine & Detail-focused",State University Technology/Applied Degree,3,5,Arts
STU-SYN-00154,synthetic,Female,Colombo,1AB National School,Tamil,C,A,W,S,B,C,ICT,A,Art,B,Agriculture,C,0,0,1,0,1,0,1,1,0,0,4.92,3.31,2.83,2.93,3.1,3.71,"Robotics, Mechatronics & Automation",Team-based & Project-driven,State University Degree (UGC Merit/District),4,3,Technology
STU-SYN-00076,synthetic,Female,Galle,1AB National School,Tamil,B,A,A,B,A,A,Geography,A,English Literature,C,Agriculture,A,0,1,0,0,1,0,1,1,1,0,3.34,4.27,1.82,5.0,3.17,3.91,Public Health & Nutrition,Client-facing & Communicative,Private/Foreign Affiliated University Degree,3,2,Biological Science
STU-SYN-01043,synthetic,Male,Badulla,1AB National School,Tamil,B,B,S,C,A,A,ICT,A,Drama,A,Agriculture,B,1,0,1,0,0,0,1,0,0,1,4.3,4.05,1.69,2.86,4.17,3.83,Cloud Infrastructure & Cybersecurity,Hands-on Practical & Fieldwork,State University Technology/Applied Degree,3,5,Technology
STU-SYN-00581,synthetic,Male,Nuwara Eliya,1AB National School,Sinhala,A,B,B,C,A,A,ICT,A,English Literature,A,Agriculture,C,1,1,0,0,0,0,0,0,0,0,3.54,4.69,2.44,3.11,4.14,3.49,Mechanical & Aerospace Engineering,Team-based & Project-driven,State University Degree (UGC Merit/District),5,3,Physical Science
STU-SYN-00447,synthetic,Male,Colombo,1C School,Sinhala,B,A,B,A,S,C,Commerce,C,Art,B,Home_Economics,C,1,1,0,0,0,0,1,0,1,0,2.07,3.4,2.88,3.22,4.44,4.33,Business Management & Entrepreneurship,"Structured, Routine & Detail-focused",National Diploma / Vocational Higher Education (NVQ 5/6),5,1,Commerce
STU-SYN-00704,synthetic,Male,Colombo,1AB Provincial School,Tamil,A,B,B,B,C,B,Entrepreneurship Studies,C,Art,C,Home_Economics,B,0,0,1,0,0,0,1,0,1,0,1.94,4.03,2.21,2.05,4.52,5.0,International Trade & Logistics,Team-based & Project-driven,Professional Qualification (CA/CIMA/SLIIT/IESL/Attorney),3,2,Commerce
STU-SYN-00189,synthetic,Female,Puttalam,1C School,Sinhala,A,B,A,B,A,A,Entrepreneurship Studies,A,Music,B,Design_Tech,B,1,1,0,0,0,0,1,1,1,1,2.65,3.46,2.6,4.29,4.36,4.3,Business Management & Entrepreneurship,"Structured, Routine & Detail-focused",Private/Foreign Affiliated University Degree,3,3,Commerce
STU-SYN-00272,synthetic,Female,Galle,1C School,Sinhala,B,B,B,B,C,A,ICT,A,English Literature,A,Design_Tech,B,0,0,1,0,0,1,1,0,0,0,4.15,5.0,2.1,2.6,3.69,2.89,Electronics & Embedded Systems,Client-facing & Communicative,Private/Foreign Affiliated University Degree,3,1,Physical Science
STU-SYN-00237,synthetic,Male,Jaffna,1C School,Tamil,C,S,A,A,A,A,Geography,B,Music,B,Home_Economics,A,1,1,0,1,1,0,0,1,0,1,1.98,3.92,4.54,4.01,2.86,2.19,International Relations & Diplomacy,Client-facing & Communicative,State University Technology/Applied Degree,3,3,Arts
STU-SYN-00488,synthetic,Male,Kalutara,1AB Provincial School,Tamil,B,A,A,A,C,A,ICT,A,Art,A,Health_Science,A,0,1,0,0,0,1,1,0,1,0,3.62,3.72,1.0,3.57,3.76,2.97,Veterinary Medicine,"Structured, Routine & Detail-focused",State University Degree (UGC Merit/District),4,2,Biological Science
STU-SYN-01160,synthetic,Male,Colombo,1AB Provincial School,Sinhala,A,B,A,A,A,B,ICT,B,Music,B,Aquatic_Resources,B,1,0,1,0,0,1,1,1,0,1,4.4,4.25,1.7,2.87,3.98,3.98,Cloud Infrastructure & Cybersecurity,Hands-on Practical & Fieldwork,Professional Qualification (CA/CIMA/SLIIT/IESL/Attorney),4,1,Technology
STU-SYN-00560,synthetic,Male,Kurunegala,1AB Provincial School,Sinhala,S,C,A,A,B,A,Geography,B,Drama,A,Home_Economics,S,1,0,0,0,1,1,1,1,1,1,1.72,4.39,4.11,3.45,3.9,2.44,Psychology & Social Work,"Structured, Routine & Detail-focused",State University Degree (UGC Merit/District),2,3,Arts
STU-SYN-00118,synthetic,Female,Galle,1AB Provincial School,Sinhala,A,B,B,A,A,A,ICT,A,Art,A,Agriculture,C,1,0,1,0,1,1,0,1,1,0,5.0,3.13,3.41,1.94,4.24,4.36,Renewable Energy & Power Systems,Independent Analytical & Research,State University Technology/Applied Degree,3,1,Technology
STU-SYN-00638,synthetic,Female,Polonnaruwa,1AB National School,Sinhala,A,C,A,A,C,A,ICT,A,Art,C,Design_Tech,B,0,1,0,0,1,0,0,0,0,0,3.7,4.82,2.54,2.8,3.12,4.3,Data Science & Analytics,Client-facing & Communicative,State University Technology/Applied Degree,4,5,Physical Science
STU-SYN-01128,synthetic,Female,Matale,1AB National School,Sinhala,B,C,B,B,A,A,Geography,B,Art,C,Agriculture,C,1,1,0,0,0,1,1,1,0,1,4.27,3.61,3.03,3.48,2.89,2.41,Cloud Infrastructure & Cybersecurity,"Structured, Routine & Detail-focused",State University Technology/Applied Degree,4,1,Technology
STU-SYN-00751,synthetic,Male,Ampara,1AB Provincial School,Sinhala,A,A,B,B,C,B,ICT,A,Art,C,Design_Tech,A,1,0,0,0,0,0,0,0,0,1,4.73,4.94,2.12,2.1,2.45,3.52,Applied Automotive & Mechanical Tech,"Structured, Routine & Detail-focused",National Diploma / Vocational Higher Education (NVQ 5/6),3,2,Technology
STU-SYN-00513,synthetic,Male,Ratnapura,Private/Semi-Government,Sinhala,A,C,B,B,A,A,ICT,A,Art,C,Design_Tech,B,1,1,1,0,0,0,0,0,0,1,4.22,4.45,2.08,2.58,3.05,3.8,Civil & Structural Engineering,"Structured, Routine & Detail-focused",Private/Foreign Affiliated University Degree,5,4,Physical Science
STU-SYN-00634,synthetic,Female,Monaragala,1AB Provincial School,Sinhala,C,A,B,A,A,A,ICT,A,Art,A,Health_Science,B,0,1,1,0,0,0,1,0,1,0,3.68,4.2,2.05,4.6,3.53,4.61,Pharmaceutical & Drug Development,Hands-on Practical & Fieldwork,Professional Qualification (CA/CIMA/SLIIT/IESL/Attorney),5,1,Biological Science
STU-SYN-00786,synthetic,Female,Kalutara,1C School,English,C,C,C,A,A,C,Civics,B,Art,S,Health_Science,C,1,1,0,1,0,1,0,1,1,0,2.94,4.13,5.0,3.91,2.77,1.95,Journalism & Digital Mass Media,"Structured, Routine & Detail-focused",National Diploma / Vocational Higher Education (NVQ 5/6),5,5,Arts
STU-SYN-01007,synthetic,Male,Ratnapura,Type 2 School,Tamil,S,A,A,A,C,A,Commerce,A,English Literature,B,Design_Tech,B,1,1,0,0,0,1,0,0,0,0,4.37,4.33,2.22,2.04,4.01,2.98,Quantitative Finance & Actuarial,Client-facing & Communicative,State University Degree (UGC Merit/District),3,1,Physical Science
STU-SYN-00853,synthetic,Male,Gampaha,1AB Provincial School,Sinhala,B,A,B,C,B,B,ICT,A,Art,C,Design_Tech,C,0,1,0,0,0,0,0,1,1,1,4.18,4.56,2.13,2.38,3.19,3.89,Quantitative Finance & Actuarial,Client-facing & Communicative,State University Technology/Applied Degree,3,3,Physical Science
STU-SYN-00127,synthetic,Male,Gampaha,1C School,Sinhala,A,A,S,B,B,A,Commerce,B,Music,B,Design_Tech,A,0,1,1,0,0,0,0,0,1,0,4.33,4.35,2.28,2.45,2.72,3.74,Mechanical & Aerospace Engineering,Team-based & Project-driven,Private/Foreign Affiliated University Degree,2,2,Physical Science
STU-SYN-00117,synthetic,Male,Galle,1AB Provincial School,Sinhala,C,A,A,B,B,A,Geography,C,Music,B,Agriculture,B,0,1,1,0,1,0,1,1,1,0,2.53,4.22,2.8,4.44,3.05,3.46,Sustainable Agriculture & Forestry,Client-facing & Communicative,Professional Qualification (CA/CIMA/SLIIT/IESL/Attorney),1,2,Biological Science
STU-SYN-00474,synthetic,Female,Kurunegala,1AB National School,Sinhala,C,S,A,B,A,A,Civics,B,English Literature,B,Agriculture,B,0,0,0,1,1,1,1,1,1,1,1.83,3.78,4.75,4.33,4.0,2.31,International Relations & Diplomacy,Hands-on Practical & Fieldwork,Private/Foreign Affiliated University Degree,3,4,Arts
STU-SYN-00741,synthetic,Female,Ratnapura,1AB Provincial School,Tamil,B,B,A,B,C,A,Second Language,A,Drama,B,Home_Economics,A,0,0,0,1,1,1,0,1,1,0,3.01,4.35,4.94,4.06,3.73,2.37,Journalism & Digital Mass Media,Independent Analytical & Research,Private/Foreign Affiliated University Degree,3,1,Arts
STU-SYN-00993,synthetic,Male,Kalutara,Private/Semi-Government,Sinhala,A,A,A,C,B,B,ICT,B,English Literature,B,Design_Tech,A,1,1,1,0,0,0,1,0,1,0,4.92,3.95,3.04,3.22,3.32,2.3,Data Science & Analytics,Team-based & Project-driven,Professional Qualification (CA/CIMA/SLIIT/IESL/Attorney),4,4,Physical Science
STU-SYN-00058,synthetic,Female,Batticaloa,1AB National School,Tamil,B,B,A,B,A,A,Commerce,B,Music,B,Home_Economics,C,1,1,1,1,0,0,1,0,0,1,2.25,4.69,2.29,3.68,4.16,4.51,Corporate Law & Compliance,"Structured, Routine & Detail-focused",Private/Foreign Affiliated University Degree,2,4,Commerce
STU-SYN-00604,synthetic,Male,Ampara,1C School,Tamil,B,S,A,A,C,B,Commerce,B,Music,B,Health_Science,A,1,1,0,0,0,0,0,1,1,1,1.36,3.35,3.1,3.8,3.92,3.66,"Accounting, Audit & Taxation",Hands-on Practical & Fieldwork,Private/Foreign Affiliated University Degree,3,5,Commerce
STU-SYN-00787,synthetic,Male,Colombo,1AB Provincial School,Sinhala,S,A,C,B,B,A,Entrepreneurship Studies,B,Art,A,Design_Tech,B,0,1,1,0,0,0,0,1,0,0,4.36,4.09,2.28,2.93,3.39,4.59,Construction & Quantity Surveying Tech,Independent Analytical & Research,Professional Qualification (CA/CIMA/SLIIT/IESL/Attorney),4,3,Technology
STU-SYN-00971,synthetic,Male,Matara,1AB National School,Sinhala,S,B,C,B,C,A,ICT,S,Music,A,Agriculture,A,1,1,1,0,0,0,0,0,1,0,4.05,4.54,3.46,2.81,2.89,3.9,Biosystems & Industrial Food Tech,Team-based & Project-driven,State University Degree (UGC Merit/District),3,3,Technology
STU-SYN-00657,synthetic,Female,Kurunegala,1AB National School,Sinhala,A,B,A,A,A,B,Geography,S,Art,B,Health_Science,C,0,0,0,1,0,1,1,1,0,0,2.38,3.0,5.0,3.86,3.45,2.2,Language Translation & Linguistics,Client-facing & Communicative,Private/Foreign Affiliated University Degree,3,3,Arts
STU-SYN-00903,synthetic,Female,Batticaloa,Private/Semi-Government,Sinhala,B,A,C,A,A,B,ICT,B,Art,B,Agriculture,A,1,0,0,0,0,0,0,1,1,0,4.43,5.0,2.39,2.37,2.38,3.67,Civil & Structural Engineering,Client-facing & Communicative,State University Technology/Applied Degree,1,3,Physical Science
STU-SYN-00922,synthetic,Female,Monaragala,1AB National School,Sinhala,S,B,A,B,A,A,ICT,A,Art,B,Home_Economics,C,1,1,1,0,0,0,1,0,1,0,2.09,2.68,2.46,3.37,4.38,3.85,International Trade & Logistics,Hands-on Practical & Fieldwork,National Diploma / Vocational Higher Education (NVQ 5/6),3,1,Commerce
STU-SYN-00106,synthetic,Female,Colombo,1AB Provincial School,English,A,A,A,A,A,A,ICT,B,English Literature,A,Health_Science,A,1,1,1,0,1,0,1,0,1,0,3.43,3.82,1.0,1.92,3.55,2.82,Quantitative Finance & Actuarial,Team-based & Project-driven,National Diploma / Vocational Higher Education (NVQ 5/6),5,5,Physical Science
STU-SYN-00636,synthetic,Male,Colombo,1AB National School,Sinhala,A,B,A,C,B,A,ICT,A,Music,B,Agriculture,C,0,0,1,0,0,0,1,0,1,0,4.79,3.09,2.61,3.2,3.28,3.83,Construction & Quantity Surveying Tech,"Structured, Routine & Detail-focused",Professional Qualification (CA/CIMA/SLIIT/IESL/Attorney),3,3,Technology
STU-SYN-00370,synthetic,Male,Badulla,Type 2 School,Sinhala,C,A,C,A,S,B,Geography,A,Music,B,Health_Science,A,0,0,0,1,1,0,1,0,1,0,1.65,3.62,4.82,3.87,4.69,2.35,Language Translation & Linguistics,Team-based & Project-driven,Private/Foreign Affiliated University Degree,3,3,Arts
STU-SYN-00269,synthetic,Male,Batticaloa,1AB National School,Sinhala,B,B,A,A,C,A,ICT,A,Drama,S,Design_Tech,B,0,0,1,0,0,0,1,1,0,0,3.84,3.79,3.19,2.02,2.99,3.81,Biosystems & Industrial Food Tech,Team-based & Project-driven,State University Technology/Applied Degree,1,5,Technology
STU-SYN-00656,synthetic,Female,Kegalle,Private/Semi-Government,Sinhala,B,A,B,C,C,C,Commerce,A,Drama,A,Health_Science,A,1,1,0,0,0,1,0,1,0,1,1.78,3.2,1.94,4.58,4.34,5.0,Banking & Investment Management,"Structured, Routine & Detail-focused",Professional Qualification (CA/CIMA/SLIIT/IESL/Attorney),3,3,Commerce
STU-SYN-00047,synthetic,Female,Gampaha,1AB Provincial School,Sinhala,A,S,C,C,A,A,Civics,A,Art,A,Agriculture,A,0,1,0,0,0,1,0,0,1,0,3.04,5.0,2.72,4.45,2.28,3.31,Medicine & Clinical Surgery,Client-facing & Communicative,State University Degree (UGC Merit/District),5,3,Biological Science
STU-SYN-00350,synthetic,Female,Kalutara,1C School,Sinhala,A,C,A,A,A,B,ICT,A,English Literature,A,Agriculture,B,0,1,1,0,0,0,0,0,0,0,3.68,4.02,1.03,1.65,4.29,3.34,Quantitative Finance & Actuarial,Independent Analytical & Research,National Diploma / Vocational Higher Education (NVQ 5/6),3,2,Physical Science
STU-SYN-00774,synthetic,Male,Ratnapura,Type 2 School,Sinhala,A,A,S,B,C,A,ICT,C,English Literature,C,Design_Tech,B,1,0,0,1,0,0,0,0,1,0,2.58,4.6,2.32,2.41,2.36,3.62,Mechanical & Aerospace Engineering,Client-facing & Communicative,State University Technology/Applied Degree,3,4,Physical Science
STU-SYN-00196,synthetic,Female,Colombo,1AB Provincial School,Sinhala,C,C,A,A,A,B,Commerce,C,Music,C,Design_Tech,A,0,1,0,1,0,1,1,0,0,0,1.67,3.02,3.19,3.19,4.5,4.14,International Trade & Logistics,"Structured, Routine & Detail-focused",National Diploma / Vocational Higher Education (NVQ 5/6),3,3,Commerce
STU-SYN-00103,synthetic,Female,Batticaloa,1C School,English,B,A,B,A,S,A,Entrepreneurship Studies,B,Music,A,Design_Tech,B,1,1,0,1,0,0,0,1,0,1,2.41,2.38,1.98,4.24,5.0,4.03,International Trade & Logistics,Hands-on Practical & Fieldwork,State University Technology/Applied Degree,5,1,Commerce
STU-SYN-00005,synthetic,Male,Anuradhapura,Type 2 School,Sinhala,C,A,B,A,S,A,ICT,A,Art,B,Health_Science,W,1,0,0,1,1,0,1,0,0,0,4.19,5.0,2.29,2.43,3.36,4.42,Software Engineering & AI,Client-facing & Communicative,State University Technology/Applied Degree,3,1,Physical Science
STU-SYN-00620,synthetic,Female,Kegalle,1AB Provincial School,Sinhala,A,A,B,A,A,B,Commerce,A,Art,A,Health_Science,W,0,1,0,0,1,0,0,0,1,0,3.34,4.4,2.2,2.51,2.89,3.37,Data Science & Analytics,Client-facing & Communicative,Private/Foreign Affiliated University Degree,3,3,Physical Science
STU-SYN-00991,synthetic,Male,Kurunegala,1C School,Sinhala,A,B,A,A,C,B,ICT,B,Music,A,Health_Science,B,1,1,1,0,1,0,0,1,1,0,2.91,5.0,1.78,4.86,3.07,3.96,Veterinary Medicine,"Structured, Routine & Detail-focused",Professional Qualification (CA/CIMA/SLIIT/IESL/Attorney),4,5,Biological Science
STU-SYN-00053,synthetic,Female,Jaffna,1AB National School,Sinhala,B,S,A,A,C,A,Civics,B,Drama,S,Home_Economics,A,0,1,0,1,1,1,0,0,1,0,1.11,3.19,4.3,3.82,4.7,2.53,"Law, Judiciary & Advocacy",Independent Analytical & Research,Private/Foreign Affiliated University Degree,4,3,Arts
STU-SYN-00264,synthetic,Female,Matara,1AB Provincial School,Sinhala,C,A,A,C,B,A,Second Language,C,Art,B,Health_Science,A,1,1,0,1,1,1,1,0,1,0,1.81,4.37,5.0,4.28,3.9,2.64,Journalism & Digital Mass Media,Team-based & Project-driven,State University Technology/Applied Degree,4,4,Arts
STU-SYN-01093,synthetic,Male,Kandy,1AB National School,Sinhala,B,A,A,B,A,A,Geography,C,Drama,B,Home_Economics,B,0,0,0,1,1,0,1,0,1,0,2.95,3.11,5.0,4.75,3.5,2.0,"Law, Judiciary & Advocacy",Client-facing & Communicative,National Diploma / Vocational Higher Education (NVQ 5/6),4,3,Arts
STU-SYN-00444,synthetic,Male,Ratnapura,1C School,Tamil,C,A,A,A,C,C,Geography,A,Music,A,Agriculture,A,0,0,0,1,0,0,1,0,1,1,3.23,3.63,1.87,3.82,3.5,3.83,Medicine & Clinical Surgery,Hands-on Practical & Fieldwork,Private/Foreign Affiliated University Degree,2,3,Biological Science
STU-SYN-00972,synthetic,Female,Kandy,1AB Provincial School,English,A,C,A,A,C,A,Commerce,A,Art,B,Home_Economics,B,0,1,0,0,1,0,1,1,1,1,2.38,4.07,2.33,4.15,3.7,4.36,Business Management & Entrepreneurship,Team-based & Project-driven,State University Degree (UGC Merit/District),3,3,Commerce
STU-SYN-00783,synthetic,Male,Ratnapura,1AB National School,Sinhala,C,B,C,S,C,B,ICT,A,Drama,B,Design_Tech,A,0,1,0,0,0,0,1,1,1,0,4.8,4.31,3.09,2.39,2.63,2.92,Biosystems & Industrial Food Tech,Client-facing & Communicative,State University Technology/Applied Degree,4,3,Technology
STU-SYN-00847,synthetic,Female,Hambantota,1AB Provincial School,Sinhala,A,A,B,A,A,A,Geography,A,Music,B,Agriculture,S,0,0,1,0,1,0,0,0,0,1,2.69,4.68,1.24,4.2,3.58,3.79,Sustainable Agriculture & Forestry,Independent Analytical & Research,State University Technology/Applied Degree,4,3,Biological Science
STU-SYN-00692,synthetic,Male,Kurunegala,1AB Provincial School,Tamil,A,A,A,B,B,A,Commerce,A,Music,A,Design_Tech,B,0,1,0,0,0,0,0,1,0,1,4.48,5.0,2.23,3.42,3.36,3.34,Civil & Structural Engineering,"Structured, Routine & Detail-focused",State University Technology/Applied Degree,3,5,Physical Science
STU-SYN-00305,synthetic,Male,Colombo,1AB National School,Tamil,B,A,C,B,B,A,Geography,C,English Literature,C,Home_Economics,A,1,0,0,1,1,1,0,1,1,0,2.61,5.0,2.52,4.94,2.96,3.95,Public Health & Nutrition,"Structured, Routine & Detail-focused",Professional Qualification (CA/CIMA/SLIIT/IESL/Attorney),4,3,Biological Science
STU-SYN-00342,synthetic,Male,Colombo,Private/Semi-Government,Sinhala,S,B,A,A,C,B,ICT,B,Drama,C,Design_Tech,A,0,1,1,0,1,0,0,0,1,1,4.54,3.31,2.44,2.74,3.25,3.93,"Robotics, Mechatronics & Automation",Hands-on Practical & Fieldwork,State University Degree (UGC Merit/District),5,2,Technology
STU-SYN-00867,synthetic,Male,Colombo,1AB National School,Sinhala,S,B,A,B,C,A,ICT,A,Drama,A,Design_Tech,A,1,0,0,0,1,0,0,0,1,1,2.24,4.14,3.04,4.29,4.28,5.0,Corporate Law & Compliance,Hands-on Practical & Fieldwork,State University Degree (UGC Merit/District),5,2,Commerce
STU-SYN-00314,synthetic,Male,Trincomalee,1AB Provincial School,Sinhala,B,B,B,B,B,A,ICT,A,Art,C,Agriculture,S,1,0,0,0,0,0,1,1,0,0,4.4,5.0,2.83,5.0,3.11,3.78,Medicine & Clinical Surgery,Independent Analytical & Research,State University Technology/Applied Degree,1,3,Biological Science
STU-SYN-00150,synthetic,Female,Trincomalee,1AB National School,Sinhala,A,B,A,A,B,A,Commerce,A,Art,B,Health_Science,A,1,1,0,1,0,0,1,0,0,0,1.68,3.12,1.83,3.59,4.83,4.92,"Accounting, Audit & Taxation",Team-based & Project-driven,State University Technology/Applied Degree,4,2,Commerce
STU-SYN-00125,synthetic,Female,Puttalam,1AB Provincial School,Sinhala,A,A,B,C,C,A,ICT,A,English Literature,B,Health_Science,C,1,1,1,1,0,0,1,0,0,0,3.91,5.0,2.28,3.21,3.04,3.96,Data Science & Analytics,"Structured, Routine & Detail-focused",National Diploma / Vocational Higher Education (NVQ 5/6),3,3,Physical Science
STU-SYN-01063,synthetic,Male,Kandy,1AB Provincial School,Sinhala,B,B,B,B,C,A,Civics,A,Art,A,Agriculture,B,1,1,0,0,1,0,1,0,0,0,3.49,4.17,2.22,3.69,2.92,3.57,Public Health & Nutrition,"Structured, Routine & Detail-focused",State University Technology/Applied Degree,3,3,Biological Science
STU-SYN-00575,synthetic,Male,Jaffna,Type 2 School,Sinhala,B,B,B,C,A,A,ICT,S,Drama,C,Design_Tech,A,1,1,0,1,1,0,1,0,1,1,5.0,3.7,2.49,1.84,2.86,3.82,Biosystems & Industrial Food Tech,Client-facing & Communicative,State University Technology/Applied Degree,3,2,Technology
STU-SYN-00698,synthetic,Male,Colombo,1C School,Sinhala,B,A,A,A,A,A,Commerce,B,Art,C,Design_Tech,A,1,1,0,0,0,0,0,1,1,1,1.75,3.28,1.77,3.59,4.43,4.83,"Accounting, Audit & Taxation",Hands-on Practical & Fieldwork,Private/Foreign Affiliated University Degree,3,3,Commerce
STU-SYN-00665,synthetic,Male,Batticaloa,1C School,Sinhala,B,A,C,B,C,A,ICT,A,Art,C,Design_Tech,A,1,0,1,1,0,0,0,0,0,0,4.28,4.1,2.08,3.71,2.78,3.97,Renewable Energy & Power Systems,"Structured, Routine & Detail-focused",Private/Foreign Affiliated University Degree,4,3,Technology
STU-SYN-00051,synthetic,Male,Gampaha,Type 2 School,Sinhala,C,A,B,B,A,A,Geography,C,Music,B,Home_Economics,A,1,1,0,1,1,1,0,1,1,0,2.58,3.29,4.46,3.64,3.01,1.49,International Relations & Diplomacy,Independent Analytical & Research,National Diploma / Vocational Higher Education (NVQ 5/6),3,2,Arts
STU-SYN-00727,synthetic,Female,Kalutara,1C School,Tamil,B,A,C,B,B,C,ICT,S,Art,C,Agriculture,C,0,1,0,0,0,0,0,0,0,0,4.32,3.67,2.08,3.64,3.19,3.98,"Robotics, Mechatronics & Automation",Hands-on Practical & Fieldwork,Professional Qualification (CA/CIMA/SLIIT/IESL/Attorney),3,4,Technology
STU-SYN-00800,synthetic,Male,Kandy,1AB National School,Sinhala,A,A,B,B,A,A,Geography,B,English Literature,C,Agriculture,B,1,1,0,1,0,0,1,1,1,0,4.3,5.0,1.66,4.32,2.84,3.9,Civil & Structural Engineering,Client-facing & Communicative,National Diploma / Vocational Higher Education (NVQ 5/6),5,3,Physical Science
STU-SYN-00354,synthetic,Female,Kegalle,1C School,Sinhala,A,B,B,B,A,B,ICT,A,Art,A,Design_Tech,A,0,1,1,0,0,0,0,1,0,1,4.47,4.67,2.59,2.01,3.31,3.87,Quantitative Finance & Actuarial,Client-facing & Communicative,National Diploma / Vocational Higher Education (NVQ 5/6),4,3,Physical Science
STU-SYN-01153,synthetic,Male,Gampaha,1AB Provincial School,Sinhala,B,A,B,A,B,C,Civics,A,English Literature,A,Health_Science,A,0,1,0,0,1,1,0,1,0,1,3.95,4.58,1.46,3.75,2.97,3.76,Medicine & Clinical Surgery,Hands-on Practical & Fieldwork,Professional Qualification (CA/CIMA/SLIIT/IESL/Attorney),3,1,Biological Science
STU-SYN-00143,synthetic,Male,Badulla,1AB Provincial School,Sinhala,A,B,C,B,C,A,Civics,C,Art,C,Agriculture,A,0,0,0,0,0,1,1,1,0,0,2.18,5.0,5.0,4.48,3.12,2.45,Language Translation & Linguistics,Client-facing & Communicative,State University Degree (UGC Merit/District),4,2,Arts
STU-SYN-00471,synthetic,Female,Colombo,1AB National School,Sinhala,B,S,B,S,B,B,Commerce,B,Drama,B,Home_Economics,B,0,0,0,1,1,0,1,1,1,0,1.43,4.33,3.23,3.4,4.81,4.92,"Accounting, Audit & Taxation",Independent Analytical & Research,Private/Foreign Affiliated University Degree,3,5,Commerce
STU-SYN-00654,synthetic,Male,Gampaha,1AB National School,Sinhala,C,B,B,B,C,A,Geography,A,Music,A,Agriculture,A,0,0,0,1,1,1,1,0,1,0,2.89,3.65,2.66,4.31,3.11,3.63,Medicine & Clinical Surgery,Client-facing & Communicative,Private/Foreign Affiliated University Degree,2,2,Biological Science
STU-SYN-00400,synthetic,Female,Colombo,1AB Provincial School,Tamil,A,C,B,A,B,A,Second Language,B,Dancing,B,Home_Economics,C,0,0,0,0,1,1,1,0,1,0,2.28,3.34,4.69,4.94,4.38,1.83,Psychology & Social Work,"Structured, Routine & Detail-focused",Private/Foreign Affiliated University Degree,4,4,Arts
STU-SYN-01154,synthetic,Male,Hambantota,1AB Provincial School,Sinhala,B,B,S,B,C,A,Entrepreneurship Studies,A,Drama,A,Design_Tech,B,0,0,0,0,0,0,1,0,0,1,4.3,3.5,2.85,2.81,3.57,2.74,"Robotics, Mechatronics & Automation",Hands-on Practical & Fieldwork,Private/Foreign Affiliated University Degree,4,4,Technology
STU-SYN-00938,synthetic,Male,Kalutara,Type 2 School,Sinhala,C,C,A,A,B,A,Geography,A,Drama,A,Health_Science,S,1,0,0,1,1,1,1,1,1,0,1.73,4.07,5.0,3.96,3.33,2.55,Journalism & Digital Mass Media,Team-based & Project-driven,National Diploma / Vocational Higher Education (NVQ 5/6),2,4,Arts
STU-SYN-00321,synthetic,Male,Trincomalee,1AB Provincial School,Sinhala,B,C,A,C,A,B,Geography,B,Art,A,Home_Economics,A,0,1,0,0,1,1,1,0,1,0,1.93,3.33,4.07,4.73,4.3,2.48,International Relations & Diplomacy,Independent Analytical & Research,Private/Foreign Affiliated University Degree,5,3,Arts
STU-SYN-00020,synthetic,Male,Colombo,Private/Semi-Government,Sinhala,A,C,A,B,B,A,Geography,A,Art,C,Health_Science,C,1,1,1,1,0,1,1,1,1,1,3.35,5.0,1.0,3.58,2.29,4.4,Public Health & Nutrition,Client-facing & Communicative,State University Technology/Applied Degree,5,1,Biological Science
STU-SYN-00685,synthetic,Male,Colombo,1AB National School,Sinhala,A,W,B,A,B,A,Entrepreneurship Studies,C,Drama,A,Health_Science,C,1,1,1,1,0,0,0,0,1,0,2.63,2.48,2.32,2.87,4.13,5.0,Banking & Investment Management,Team-based & Project-driven,State University Technology/Applied Degree,4,4,Commerce
STU-SYN-00036,synthetic,Female,Puttalam,1AB Provincial School,Sinhala,B,B,S,B,B,A,Commerce,A,Drama,A,Home_Economics,C,0,0,0,0,1,0,0,1,1,0,1.83,3.62,2.81,4.51,4.49,4.91,Digital Marketing & Brand Strategy,Hands-on Practical & Fieldwork,Private/Foreign Affiliated University Degree,4,2,Commerce
STU-SYN-00825,synthetic,Male,Kurunegala,Type 2 School,English,C,B,A,B,C,B,ICT,C,Art,S,Health_Science,B,1,1,1,1,0,0,0,0,1,0,3.63,4.31,1.86,4.13,2.27,2.69,Veterinary Medicine,Client-facing & Communicative,State University Technology/Applied Degree,4,5,Biological Science
STU-SYN-00506,synthetic,Female,Kalutara,1AB Provincial School,Tamil,B,B,C,B,A,A,Entrepreneurship Studies,A,Music,C,Home_Economics,B,0,1,0,0,0,0,1,1,0,1,2.16,3.03,2.96,2.85,4.73,4.71,"Accounting, Audit & Taxation",Hands-on Practical & Fieldwork,State University Degree (UGC Merit/District),4,4,Commerce
STU-SYN-00828,synthetic,Male,Colombo,Private/Semi-Government,Sinhala,B,A,A,A,A,B,Commerce,A,Drama,C,Design_Tech,A,1,1,0,0,0,0,1,1,0,1,1.98,3.75,2.69,2.89,4.66,4.84,"Accounting, Audit & Taxation","Structured, Routine & Detail-focused",State University Technology/Applied Degree,2,3,Commerce
STU-SYN-01071,synthetic,Female,Polonnaruwa,1AB National School,Sinhala,B,B,B,A,B,A,Geography,A,Drama,B,Health_Science,B,1,0,0,0,0,1,0,1,0,1,3.08,3.41,4.66,4.59,3.26,3.99,Journalism & Digital Mass Media,Team-based & Project-driven,National Diploma / Vocational Higher Education (NVQ 5/6),3,4,Arts
STU-SYN-00408,synthetic,Male,Colombo,Type 2 School,Sinhala,A,A,B,S,B,A,ICT,B,Music,A,Health_Science,A,0,1,1,1,0,0,0,0,1,0,3.67,4.79,1.36,2.99,3.4,3.73,Mechanical & Aerospace Engineering,Hands-on Practical & Fieldwork,State University Technology/Applied Degree,4,2,Physical Science
STU-SYN-00818,synthetic,Female,Kandy,1AB National School,English,B,A,C,C,A,A,Commerce,A,Art,C,Home_Economics,A,1,1,1,1,0,0,1,0,1,1,2.2,3.23,1.93,3.23,4.88,4.37,Business Management & Entrepreneurship,Client-facing & Communicative,State University Degree (UGC Merit/District),3,3,Commerce
STU-SYN-00538,synthetic,Female,Puttalam,Private/Semi-Government,Sinhala,C,C,B,C,A,A,Entrepreneurship Studies,A,Music,C,Health_Science,B,1,0,0,0,0,0,1,0,1,0,2.74,2.53,3.26,4.21,5.0,5.0,Corporate Law & Compliance,Team-based & Project-driven,Private/Foreign Affiliated University Degree,4,2,Commerce
STU-SYN-00759,synthetic,Male,Colombo,1AB Provincial School,Tamil,A,C,S,B,B,B,ICT,B,English Literature,B,Agriculture,S,1,0,1,0,0,1,0,1,1,1,3.6,4.55,2.18,1.75,3.39,4.0,Quantitative Finance & Actuarial,Client-facing & Communicative,Private/Foreign Affiliated University Degree,5,4,Physical Science
STU-SYN-01069,synthetic,Female,Gampaha,1AB Provincial School,Sinhala,B,B,A,A,B,B,Entrepreneurship Studies,A,Music,S,Design_Tech,B,1,1,1,0,1,0,1,1,0,1,2.28,4.0,2.24,3.55,5.0,4.2,Corporate Law & Compliance,Independent Analytical & Research,Professional Qualification (CA/CIMA/SLIIT/IESL/Attorney),5,1,Commerce
STU-SYN-00893,synthetic,Female,Gampaha,1C School,Sinhala,C,S,A,A,B,A,Civics,A,English Literature,B,Home_Economics,C,1,1,0,1,1,1,1,1,1,0,1.83,2.91,5.0,4.88,3.5,3.02,"Law, Judiciary & Advocacy",Hands-on Practical & Fieldwork,State University Technology/Applied Degree,4,3,Arts
STU-SYN-00039,synthetic,Female,Gampaha,1AB Provincial School,English,A,A,A,C,A,B,ICT,B,Music,A,Health_Science,A,0,1,0,0,1,0,1,0,0,0,3.5,4.2,2.55,4.91,3.16,4.01,Sustainable Agriculture & Forestry,"Structured, Routine & Detail-focused",Professional Qualification (CA/CIMA/SLIIT/IESL/Attorney),2,3,Biological Science
STU-SYN-00176,synthetic,Female,Ampara,1AB Provincial School,English,B,A,A,A,S,A,ICT,A,Music,C,Health_Science,A,1,1,1,1,0,1,0,1,1,1,3.57,4.52,2.28,4.39,2.43,3.67,Public Health & Nutrition,Independent Analytical & Research,National Diploma / Vocational Higher Education (NVQ 5/6),4,3,Biological Science
STU-SYN-00246,synthetic,Female,Anuradhapura,Private/Semi-Government,Tamil,A,B,A,A,B,B,Civics,A,Art,A,Home_Economics,B,1,1,1,0,0,0,1,0,1,0,3.71,5.0,1.47,4.12,2.85,3.5,Pharmaceutical & Drug Development,Client-facing & Communicative,Private/Foreign Affiliated University Degree,5,2,Biological Science
STU-SYN-00811,synthetic,Female,Kalutara,1AB National School,Sinhala,B,A,B,A,A,A,Civics,A,Art,A,Health_Science,B,0,0,0,0,0,0,1,0,0,0,3.08,4.34,1.99,4.27,2.87,3.15,Public Health & Nutrition,Client-facing & Communicative,National Diploma / Vocational Higher Education (NVQ 5/6),4,2,Biological Science
STU-SYN-01085,synthetic,Female,Matara,1AB Provincial School,Tamil,B,A,B,A,B,A,Geography,A,Music,A,Agriculture,B,0,1,1,0,0,0,1,0,0,0,4.44,4.38,2.11,2.56,3.25,3.81,Construction & Quantity Surveying Tech,Independent Analytical & Research,State University Technology/Applied Degree,2,5,Technology
STU-SYN-01078,synthetic,Female,Kegalle,1AB National School,Sinhala,A,B,C,B,B,B,ICT,B,Music,A,Agriculture,A,1,0,0,0,0,0,1,0,0,0,5.0,4.22,3.46,3.39,3.32,4.64,Biosystems & Industrial Food Tech,Team-based & Project-driven,State University Degree (UGC Merit/District),3,3,Technology
STU-SYN-00785,synthetic,Female,Galle,1AB National School,Sinhala,C,A,A,B,C,A,ICT,S,Music,B,Health_Science,C,0,1,0,0,0,1,1,0,1,0,3.83,5.0,2.44,4.82,1.79,3.0,Medicine & Clinical Surgery,Team-based & Project-driven,State University Degree (UGC Merit/District),3,4,Biological Science
STU-SYN-01185,synthetic,Female,Gampaha,1C School,Sinhala,S,B,A,A,S,A,Entrepreneurship Studies,C,Music,A,Agriculture,A,0,0,0,0,1,0,1,0,0,0,4.81,2.2,1.87,2.97,2.86,4.08,Biosystems & Industrial Food Tech,Team-based & Project-driven,State University Degree (UGC Merit/District),3,4,Technology
STU-SYN-00490,synthetic,Female,Colombo,1AB National School,Sinhala,B,B,B,A,S,C,Commerce,B,Drama,B,Home_Economics,B,1,1,0,0,1,0,0,1,0,1,1.49,3.59,2.97,4.04,3.86,3.86,Business Management & Entrepreneurship,"Structured, Routine & Detail-focused",National Diploma / Vocational Higher Education (NVQ 5/6),3,2,Commerce
STU-SYN-00155,synthetic,Female,Matara,Type 2 School,Sinhala,C,A,A,A,B,B,Civics,C,Art,B,Health_Science,A,0,0,0,1,0,0,1,0,0,0,4.15,5.0,1.61,5.0,2.61,3.45,Pharmaceutical & Drug Development,Client-facing & Communicative,National Diploma / Vocational Higher Education (NVQ 5/6),3,3,Biological Science
STU-SYN-00639,synthetic,Male,Kandy,Private/Semi-Government,Sinhala,B,B,C,B,B,A,ICT,A,Art,C,Design_Tech,C,1,1,0,0,0,0,1,0,0,0,5.0,5.0,2.98,2.49,3.65,4.58,Construction & Quantity Surveying Tech,Team-based & Project-driven,Private/Foreign Affiliated University Degree,2,3,Technology
STU-SYN-00663,synthetic,Female,Kandy,1AB Provincial School,Sinhala,S,B,A,C,S,B,Commerce,B,Music,C,Design_Tech,B,1,1,1,1,0,0,1,0,1,1,2.99,2.94,2.67,3.6,4.63,4.09,Corporate Law & Compliance,Team-based & Project-driven,Professional Qualification (CA/CIMA/SLIIT/IESL/Attorney),3,5,Commerce
STU-SYN-00854,synthetic,Male,Gampaha,1AB National School,Sinhala,B,S,A,C,B,B,Geography,A,Drama,A,Health_Science,C,0,1,0,1,1,1,1,0,1,0,1.26,3.63,4.27,4.38,1.87,2.61,Psychology & Social Work,Client-facing & Communicative,Private/Foreign Affiliated University Degree,2,3,Arts
STU-SYN-00288,synthetic,Male,Jaffna,1AB National School,Sinhala,A,B,C,B,C,A,ICT,C,Art,A,Agriculture,A,1,0,1,0,0,0,0,1,1,0,5.0,3.79,3.24,3.32,3.77,3.34,Applied Automotive & Mechanical Tech,"Structured, Routine & Detail-focused",Professional Qualification (CA/CIMA/SLIIT/IESL/Attorney),4,3,Technology
STU-SYN-00626,synthetic,Female,Kegalle,1AB Provincial School,Sinhala,C,C,B,A,C,B,Entrepreneurship Studies,A,Drama,A,Home_Economics,C,0,0,0,1,1,0,0,0,1,0,2.46,3.81,1.76,4.42,4.87,4.31,International Trade & Logistics,Team-based & Project-driven,State University Degree (UGC Merit/District),3,2,Commerce
STU-SYN-01200,synthetic,Male,Galle,1AB Provincial School,Sinhala,B,A,A,B,A,B,ICT,B,Music,C,Design_Tech,A,0,1,1,0,0,1,0,1,0,0,4.68,4.23,1.56,2.28,2.6,3.45,Electronics & Embedded Systems,Independent Analytical & Research,National Diploma / Vocational Higher Education (NVQ 5/6),2,3,Physical Science
STU-SYN-00686,synthetic,Female,Kalutara,Type 2 School,Tamil,B,W,A,A,S,B,Geography,C,Art,C,Health_Science,B,1,0,0,0,0,0,0,1,0,0,4.18,4.4,2.22,2.81,3.45,3.8,Electronics & Embedded Systems,Hands-on Practical & Fieldwork,State University Degree (UGC Merit/District),4,4,Physical Science
STU-SYN-00873,synthetic,Female,Colombo,1AB Provincial School,Sinhala,A,B,A,S,A,A,ICT,B,Art,B,Design_Tech,B,1,1,1,0,0,0,0,1,0,0,4.89,4.21,1.92,2.72,2.71,3.16,Electronics & Embedded Systems,Team-based & Project-driven,National Diploma / Vocational Higher Education (NVQ 5/6),3,3,Physical Science
STU-SYN-00570,synthetic,Female,Nuwara Eliya,1AB Provincial School,Tamil,S,W,A,B,B,A,Second Language,A,Drama,A,Health_Science,C,0,0,0,0,1,1,0,1,1,1,1.17,3.58,4.81,3.27,3.21,2.46,"Law, Judiciary & Advocacy","Structured, Routine & Detail-focused",State University Degree (UGC Merit/District),4,4,Arts
STU-SYN-01144,synthetic,Male,Polonnaruwa,Type 2 School,Sinhala,A,C,B,B,A,A,Civics,B,Art,C,Agriculture,B,0,1,0,1,1,1,0,0,0,0,1.25,3.31,5.0,3.95,3.16,2.47,UI/UX Design & Creative Direction,Team-based & Project-driven,State University Technology/Applied Degree,3,2,Arts
STU-SYN-00735,synthetic,Female,Matale,1AB Provincial School,Sinhala,C,A,C,B,C,B,ICT,B,Music,B,Health_Science,B,1,1,1,0,0,0,0,1,1,0,4.22,3.93,2.73,2.56,3.34,3.48,Electronics & Embedded Systems,Client-facing & Communicative,State University Technology/Applied Degree,3,2,Physical Science
STU-SYN-00793,synthetic,Male,Ampara,1AB Provincial School,Sinhala,C,B,B,A,A,B,Civics,B,Art,C,Health_Science,A,0,1,0,0,0,0,1,0,1,0,3.22,4.18,1.37,4.66,3.02,3.74,Biomedical & Molecular Genetics,Hands-on Practical & Fieldwork,State University Degree (UGC Merit/District),2,1,Biological Science
STU-SYN-00018,synthetic,Female,Gampaha,1AB Provincial School,Sinhala,A,A,A,B,C,S,Commerce,A,Art,B,Health_Science,A,1,0,0,1,0,0,0,1,1,0,2.54,2.45,2.59,3.29,5.0,4.6,Business Management & Entrepreneurship,Team-based & Project-driven,State University Technology/Applied Degree,2,2,Commerce
STU-SYN-00128,synthetic,Female,Batticaloa,1AB Provincial School,Tamil,C,C,A,A,A,A,ICT,C,Music,B,Home_Economics,A,0,1,1,1,1,0,1,1,1,1,1.87,4.01,2.66,3.65,4.19,4.63,Digital Marketing & Brand Strategy,Independent Analytical & Research,National Diploma / Vocational Higher Education (NVQ 5/6),3,1,Commerce
STU-SYN-00323,synthetic,Male,Matale,1C School,English,C,B,B,C,A,A,ICT,A,Music,B,Design_Tech,C,0,1,0,0,0,0,0,0,0,0,5.0,3.94,2.54,2.43,3.65,3.59,Applied Automotive & Mechanical Tech,Client-facing & Communicative,Professional Qualification (CA/CIMA/SLIIT/IESL/Attorney),4,4,Technology
STU-SYN-00256,synthetic,Male,Ampara,1AB Provincial School,English,B,S,B,C,C,A,ICT,A,Music,S,Health_Science,B,0,1,0,1,0,1,1,0,0,1,1.88,2.56,3.62,2.95,4.49,4.58,International Trade & Logistics,"Structured, Routine & Detail-focused",Private/Foreign Affiliated University Degree,4,3,Commerce
STU-SYN-00944,synthetic,Female,Gampaha,1AB Provincial School,Sinhala,B,A,A,A,C,A,Commerce,B,Art,A,Health_Science,A,1,1,1,0,0,0,0,0,1,0,2.68,2.91,1.9,3.93,4.44,5.0,Digital Marketing & Brand Strategy,"Structured, Routine & Detail-focused",State University Degree (UGC Merit/District),3,3,Commerce
STU-SYN-01180,synthetic,Female,Puttalam,1AB National School,Sinhala,A,S,A,B,A,B,Commerce,A,Music,B,Home_Economics,A,1,0,0,0,1,1,0,0,1,1,1.39,3.98,3.49,2.55,4.61,4.97,International Trade & Logistics,Independent Analytical & Research,Private/Foreign Affiliated University Degree,2,4,Commerce
STU-SYN-00191,synthetic,Female,Kurunegala,Type 2 School,Sinhala,A,A,A,S,S,A,ICT,A,Art,B,Health_Science,B,1,0,0,1,0,1,0,0,0,0,3.22,3.73,2.02,2.4,2.4,3.37,Electronics & Embedded Systems,Client-facing & Communicative,State University Technology/Applied Degree,3,3,Physical Science
STU-SYN-00116,synthetic,Female,Ratnapura,1AB National School,Sinhala,B,C,A,A,C,A,Commerce,C,Music,B,Design_Tech,S,0,1,0,1,0,0,0,0,0,0,2.74,2.44,3.11,4.33,4.4,4.86,"Accounting, Audit & Taxation","Structured, Routine & Detail-focused",National Diploma / Vocational Higher Education (NVQ 5/6),4,2,Commerce
STU-SYN-01174,synthetic,Female,Ratnapura,1C School,Sinhala,A,B,C,C,C,B,Entrepreneurship Studies,C,Drama,B,Aquatic_Resources,C,1,0,1,0,0,0,0,1,1,0,4.88,3.41,2.69,2.8,3.38,2.47,"Robotics, Mechatronics & Automation",Hands-on Practical & Fieldwork,State University Technology/Applied Degree,4,3,Technology
STU-SYN-00889,synthetic,Male,Puttalam,1AB Provincial School,Sinhala,B,S,A,B,S,B,ICT,S,Drama,B,Design_Tech,B,1,0,0,0,1,1,1,0,0,1,4.51,3.93,2.68,2.31,4.28,4.68,Cloud Infrastructure & Cybersecurity,Client-facing & Communicative,State University Degree (UGC Merit/District),3,2,Technology
STU-SYN-00607,synthetic,Female,Kandy,Private/Semi-Government,Sinhala,B,C,B,A,B,A,Entrepreneurship Studies,C,Art,B,Home_Economics,A,1,1,0,0,0,0,1,0,0,0,2.43,3.77,2.72,3.54,4.76,4.05,Business Management & Entrepreneurship,"Structured, Routine & Detail-focused",State University Technology/Applied Degree,4,3,Commerce
STU-SYN-00181,synthetic,Male,Kandy,1C School,Sinhala,A,B,A,B,C,A,Entrepreneurship Studies,A,Art,C,Home_Economics,C,0,0,0,1,0,0,0,0,0,0,2.31,3.81,2.89,3.8,4.47,4.39,"Accounting, Audit & Taxation",Independent Analytical & Research,State University Degree (UGC Merit/District),3,2,Commerce
STU-SYN-00302,synthetic,Male,Ratnapura,1AB Provincial School,Sinhala,A,A,A,A,B,A,ICT,B,Art,C,Design_Tech,A,1,1,1,1,0,0,0,1,1,0,5.0,5.0,2.7,2.42,2.86,3.71,Mechanical & Aerospace Engineering,Client-facing & Communicative,National Diploma / Vocational Higher Education (NVQ 5/6),2,4,Physical Science
STU-SYN-00497,synthetic,Female,Matara,1AB National School,Sinhala,C,A,A,B,B,A,Entrepreneurship Studies,A,Music,A,Home_Economics,B,1,0,0,1,0,0,0,0,1,1,1.58,3.82,2.76,3.58,4.43,3.58,Corporate Law & Compliance,Hands-on Practical & Fieldwork,State University Technology/Applied Degree,4,5,Commerce
STU-SYN-00349,synthetic,Male,Colombo,1AB National School,Sinhala,B,A,A,A,S,C,Civics,A,Music,B,Agriculture,B,1,1,1,1,1,1,0,0,0,0,3.85,3.94,2.25,4.83,1.79,3.45,Biomedical & Molecular Genetics,Team-based & Project-driven,Private/Foreign Affiliated University Degree,2,2,Biological Science
STU-SYN-01036,synthetic,Male,Gampaha,1AB Provincial School,Sinhala,B,A,A,B,C,C,Civics,B,Art,A,Health_Science,B,0,0,0,1,1,0,0,1,1,0,2.96,4.45,3.91,4.68,3.18,3.96,Medicine & Clinical Surgery,Hands-on Practical & Fieldwork,State University Degree (UGC Merit/District),4,5,Biological Science
STU-SYN-00983,synthetic,Female,Kandy,1AB Provincial School,Sinhala,C,S,B,A,A,A,Geography,A,Music,A,Health_Science,A,0,0,0,1,0,1,0,0,1,0,2.36,4.14,5.0,4.55,3.31,2.11,Language Translation & Linguistics,"Structured, Routine & Detail-focused",State University Technology/Applied Degree,5,3,Arts
STU-SYN-00745,synthetic,Male,Colombo,1AB National School,Sinhala,S,C,A,A,B,B,Civics,B,Music,A,Agriculture,A,0,1,0,0,1,1,0,0,1,0,1.32,3.61,5.0,4.82,3.61,3.91,Journalism & Digital Mass Media,Hands-on Practical & Fieldwork,National Diploma / Vocational Higher Education (NVQ 5/6),4,5,Arts
STU-SYN-01152,synthetic,Male,Kandy,1AB National School,Sinhala,B,A,B,A,B,A,Geography,W,Dancing,A,Home_Economics,S,0,1,0,1,0,0,0,1,1,0,2.43,3.23,4.61,4.52,4.17,2.35,Psychology & Social Work,Team-based & Project-driven,National Diploma / Vocational Higher Education (NVQ 5/6),5,3,Arts
STU-SYN-00518,synthetic,Female,Badulla,1AB Provincial School,Sinhala,A,C,B,B,A,A,Civics,C,Art,A,Health_Science,W,0,1,1,0,0,0,1,0,1,1,2.61,4.19,2.86,4.67,2.46,3.53,Sustainable Agriculture & Forestry,Hands-on Practical & Fieldwork,National Diploma / Vocational Higher Education (NVQ 5/6),3,4,Biological Science
STU-SYN-00373,synthetic,Female,Gampaha,1AB National School,Tamil,C,B,B,B,B,B,ICT,B,Drama,C,Design_Tech,A,0,0,0,0,0,1,0,0,0,1,4.86,3.57,1.62,1.84,4.13,3.26,Renewable Energy & Power Systems,Independent Analytical & Research,State University Degree (UGC Merit/District),3,3,Technology
STU-SYN-00046,synthetic,Female,Kurunegala,Type 2 School,Sinhala,B,C,A,A,C,B,ICT,B,Music,A,Home_Economics,A,1,0,0,1,0,0,1,0,1,1,1.9,3.54,2.42,3.98,4.31,3.84,Banking & Investment Management,Hands-on Practical & Fieldwork,National Diploma / Vocational Higher Education (NVQ 5/6),4,4,Commerce
STU-SYN-00477,synthetic,Male,Nuwara Eliya,1AB Provincial School,Sinhala,A,A,A,B,B,B,Civics,B,English Literature,A,Health_Science,A,1,1,0,0,0,0,1,1,1,0,4.73,4.41,3.0,5.0,3.08,2.54,Sustainable Agriculture & Forestry,"Structured, Routine & Detail-focused",Private/Foreign Affiliated University Degree,4,1,Biological Science
STU-SYN-00158,synthetic,Male,Gampaha,Private/Semi-Government,Sinhala,C,A,S,A,A,A,Geography,A,English Literature,B,Agriculture,A,1,1,0,1,0,0,1,1,0,0,3.63,4.44,1.33,4.79,3.41,3.43,Veterinary Medicine,Independent Analytical & Research,National Diploma / Vocational Higher Education (NVQ 5/6),1,2,Biological Science
STU-SYN-01047,synthetic,Male,Gampaha,Type 2 School,Tamil,S,C,A,A,A,B,Geography,A,Music,B,Health_Science,A,1,1,0,1,1,1,1,0,1,1,2.62,3.39,3.83,2.95,4.7,2.4,Language Translation & Linguistics,"Structured, Routine & Detail-focused",State University Degree (UGC Merit/District),5,5,Arts
STU-SYN-00172,synthetic,Female,Monaragala,1C School,Sinhala,A,B,B,A,B,C,ICT,A,Art,B,Health_Science,S,1,1,1,1,0,0,0,0,1,0,3.13,4.41,2.9,1.7,3.51,4.37,Quantitative Finance & Actuarial,Team-based & Project-driven,State University Degree (UGC Merit/District),4,3,Physical Science
STU-SYN-00017,synthetic,Male,Kurunegala,Type 2 School,Tamil,S,B,B,A,B,B,Entrepreneurship Studies,C,Drama,C,Health_Science,A,0,0,0,1,1,1,0,1,0,1,1.27,3.7,1.93,3.63,3.82,4.95,"Accounting, Audit & Taxation","Structured, Routine & Detail-focused",Professional Qualification (CA/CIMA/SLIIT/IESL/Attorney),4,1,Commerce
STU-SYN-00512,synthetic,Female,Kurunegala,1AB National School,Tamil,B,C,A,B,A,B,ICT,A,Music,A,Home_Economics,A,1,0,0,0,0,0,0,0,1,1,1.81,3.3,2.88,4.07,4.52,4.19,International Trade & Logistics,"Structured, Routine & Detail-focused",Professional Qualification (CA/CIMA/SLIIT/IESL/Attorney),3,1,Commerce
STU-SYN-00049,synthetic,Female,Kurunegala,1AB National School,Sinhala,W,C,A,A,A,A,Civics,A,Drama,C,Agriculture,B,0,0,0,0,1,1,1,0,1,0,1.92,3.42,4.72,3.99,3.36,2.48,Journalism & Digital Mass Media,Independent Analytical & Research,State University Technology/Applied Degree,3,4,Arts
STU-SYN-00192,synthetic,Female,Matara,1C School,Sinhala,B,B,C,A,C,B,ICT,A,Art,A,Design_Tech,A,0,0,1,0,0,1,1,0,0,0,5.0,3.87,2.48,2.91,3.8,3.95,Applied Automotive & Mechanical Tech,Independent Analytical & Research,State University Technology/Applied Degree,2,5,Technology
STU-SYN-00547,synthetic,Male,Badulla,1C School,Sinhala,C,B,W,C,A,B,Entrepreneurship Studies,B,Drama,B,Design_Tech,S,1,1,0,1,0,1,0,0,1,0,1.48,2.67,1.46,3.76,4.93,5.0,Business Management & Entrepreneurship,Independent Analytical & Research,Private/Foreign Affiliated University Degree,2,3,Commerce
STU-SYN-00516,synthetic,Male,Mullaitivu,1C School,Tamil,A,B,A,B,C,B,ICT,B,English Literature,B,Agriculture,C,1,1,0,0,1,0,1,1,0,0,2.51,5.0,2.11,4.93,2.37,3.65,Pharmaceutical & Drug Development,Hands-on Practical & Fieldwork,State University Technology/Applied Degree,4,3,Biological Science
STU-SYN-00978,synthetic,Female,Kilinochchi,1AB National School,Sinhala,C,B,C,C,C,B,Commerce,A,Drama,B,Design_Tech,C,1,0,1,0,0,0,1,0,1,1,3.34,3.73,3.02,4.04,4.37,5.0,Banking & Investment Management,Team-based & Project-driven,National Diploma / Vocational Higher Education (NVQ 5/6),1,3,Commerce
STU-SYN-00939,synthetic,Female,Kalutara,Private/Semi-Government,Tamil,B,B,S,A,B,C,Commerce,C,Music,B,Home_Economics,A,1,1,1,0,0,0,1,1,0,1,1.99,2.74,2.54,3.03,4.28,5.0,Banking & Investment Management,"Structured, Routine & Detail-focused",National Diploma / Vocational Higher Education (NVQ 5/6),5,3,Commerce
STU-SYN-00829,synthetic,Male,Galle,1AB Provincial School,Sinhala,B,C,S,A,B,B,ICT,C,Music,C,Agriculture,B,1,0,0,0,0,1,1,1,0,0,3.77,4.33,1.74,5.0,2.34,4.38,Sustainable Agriculture & Forestry,Hands-on Practical & Fieldwork,National Diploma / Vocational Higher Education (NVQ 5/6),5,3,Biological Science
STU-SYN-00984,synthetic,Female,Puttalam,1AB Provincial School,Sinhala,A,A,A,B,B,C,ICT,A,English Literature,S,Design_Tech,A,0,0,1,1,1,1,0,0,0,0,3.06,4.43,2.47,2.28,2.42,3.55,Quantitative Finance & Actuarial,Hands-on Practical & Fieldwork,Professional Qualification (CA/CIMA/SLIIT/IESL/Attorney),4,4,Physical Science
STU-SYN-00481,synthetic,Female,Kurunegala,1AB National School,Tamil,S,A,A,C,B,A,Civics,C,Music,B,Health_Science,A,0,1,0,0,1,0,0,0,0,0,3.28,4.94,2.1,3.62,2.65,3.34,Medicine & Clinical Surgery,Hands-on Practical & Fieldwork,State University Degree (UGC Merit/District),4,2,Biological Science
STU-SYN-01129,synthetic,Male,Colombo,1C School,Sinhala,A,S,A,B,B,B,ICT,B,Art,A,Design_Tech,A,0,1,1,0,1,0,0,0,1,0,3.83,5.0,2.91,2.32,3.35,4.4,Data Science & Analytics,Team-based & Project-driven,National Diploma / Vocational Higher Education (NVQ 5/6),2,4,Physical Science
STU-SYN-00284,synthetic,Female,Kalutara,1C School,Sinhala,S,B,B,B,A,A,Entrepreneurship Studies,B,Drama,C,Health_Science,C,0,1,0,1,1,1,1,0,1,0,1.85,2.87,2.25,3.84,5.0,3.75,Business Management & Entrepreneurship,Independent Analytical & Research,National Diploma / Vocational Higher Education (NVQ 5/6),5,3,Commerce
STU-SYN-01030,synthetic,Female,Gampaha,1AB National School,Sinhala,A,C,C,A,B,B,Geography,A,Music,A,Home_Economics,C,1,1,0,0,1,0,1,0,1,0,1.9,3.57,4.43,4.49,3.85,2.13,UI/UX Design & Creative Direction,Client-facing & Communicative,State University Degree (UGC Merit/District),3,5,Arts
STU-SYN-00798,synthetic,Female,Galle,1AB Provincial School,Tamil,B,C,A,B,B,A,ICT,A,Music,B,Design_Tech,B,0,1,0,1,0,1,0,1,0,0,2.44,4.04,3.11,2.67,4.24,4.75,Business Management & Entrepreneurship,"Structured, Routine & Detail-focused",State University Technology/Applied Degree,5,5,Commerce
STU-SYN-00940,synthetic,Male,Kegalle,1C School,Sinhala,A,A,A,C,A,A,ICT,B,Art,B,Agriculture,A,0,0,1,0,1,0,0,1,1,0,4.87,4.89,2.7,2.17,2.49,3.78,Software Engineering & AI,Client-facing & Communicative,National Diploma / Vocational Higher Education (NVQ 5/6),3,3,Physical Science
STU-SYN-00226,synthetic,Female,Kalutara,1AB National School,Sinhala,C,A,A,A,C,A,ICT,A,Music,A,Agriculture,C,0,0,0,0,1,0,0,1,0,0,3.16,5.0,1.77,4.71,2.97,2.83,Sustainable Agriculture & Forestry,Independent Analytical & Research,National Diploma / Vocational Higher Education (NVQ 5/6),5,2,Biological Science
STU-SYN-00027,synthetic,Male,Gampaha,Type 2 School,Sinhala,A,A,A,C,A,B,Geography,B,English Literature,B,Agriculture,B,0,1,0,0,1,0,1,1,1,1,3.64,4.95,1.26,4.53,3.2,3.81,Veterinary Medicine,Team-based & Project-driven,National Diploma / Vocational Higher Education (NVQ 5/6),5,4,Biological Science
STU-SYN-00283,synthetic,Female,Ampara,Private/Semi-Government,Sinhala,S,S,B,A,C,B,Commerce,C,Art,S,Home_Economics,B,1,0,0,0,1,0,0,0,0,1,2.64,2.54,1.91,3.35,3.81,4.48,Banking & Investment Management,Hands-on Practical & Fieldwork,State University Technology/Applied Degree,2,3,Commerce
STU-SYN-01150,synthetic,Male,Kandy,1AB National School,Sinhala,C,B,A,B,S,C,ICT,B,Art,B,Design_Tech,A,0,0,0,0,0,0,0,1,1,0,5.0,3.98,2.15,2.37,3.83,3.29,Applied Automotive & Mechanical Tech,Hands-on Practical & Fieldwork,State University Technology/Applied Degree,3,3,Technology
STU-SYN-00438,synthetic,Male,Kurunegala,1C School,Sinhala,A,A,C,A,S,A,Commerce,C,Music,C,Agriculture,B,1,0,1,1,1,0,0,0,0,0,3.72,5.0,1.94,2.88,3.64,4.38,Software Engineering & AI,Independent Analytical & Research,National Diploma / Vocational Higher Education (NVQ 5/6),5,3,Physical Science
STU-SYN-01168,synthetic,Male,Colombo,Private/Semi-Government,Sinhala,A,A,B,B,C,A,Civics,C,Art,A,Health_Science,C,1,1,0,0,0,0,0,0,0,0,2.78,5.0,3.22,4.86,2.59,3.48,Veterinary Medicine,Hands-on Practical & Fieldwork,Professional Qualification (CA/CIMA/SLIIT/IESL/Attorney),3,3,Biological Science
STU-SYN-00365,synthetic,Female,Matara,1AB National School,Sinhala,B,C,C,S,B,B,Commerce,A,Music,C,Home_Economics,B,1,0,0,1,0,0,0,1,0,1,1.84,3.61,2.47,3.95,5.0,4.56,Digital Marketing & Brand Strategy,Independent Analytical & Research,State University Technology/Applied Degree,4,3,Commerce
STU-SYN-00230,synthetic,Male,Kandy,1AB National School,Tamil,A,A,A,B,A,A,Geography,B,Art,A,Health_Science,S,1,1,0,1,0,0,1,1,0,1,4.17,5.0,1.37,5.0,3.39,3.32,Veterinary Medicine,Team-based & Project-driven,Private/Foreign Affiliated University Degree,3,2,Biological Science
STU-SYN-00038,synthetic,Male,Matale,1AB Provincial School,English,C,C,B,B,B,A,ICT,A,English Literature,A,Health_Science,A,0,0,0,0,0,0,1,0,1,0,2.8,4.89,1.6,4.03,3.61,3.3,Veterinary Medicine,Independent Analytical & Research,State University Degree (UGC Merit/District),3,5,Biological Science
STU-SYN-00670,synthetic,Male,Matara,1AB National School,Sinhala,B,B,C,A,A,A,Commerce,C,Music,B,Health_Science,B,1,0,0,0,1,1,1,1,0,0,3.09,3.52,2.55,3.17,4.87,4.59,Corporate Law & Compliance,Team-based & Project-driven,State University Degree (UGC Merit/District),5,3,Commerce
STU-SYN-00750,synthetic,Female,Nuwara Eliya,1AB National School,Sinhala,A,B,A,B,C,C,Second Language,C,Drama,A,Health_Science,A,0,1,0,1,0,0,1,0,1,0,1.92,3.04,4.95,5.0,3.75,2.07,"Law, Judiciary & Advocacy",Independent Analytical & Research,Professional Qualification (CA/CIMA/SLIIT/IESL/Attorney),4,2,Arts
STU-SYN-01181,synthetic,Female,Kandy,1C School,Tamil,C,B,A,C,A,A,Geography,C,Music,B,Home_Economics,A,0,1,0,0,1,1,1,1,1,0,1.77,2.6,4.21,5.0,3.64,3.3,UI/UX Design & Creative Direction,Team-based & Project-driven,National Diploma / Vocational Higher Education (NVQ 5/6),3,5,Arts
STU-SYN-00375,synthetic,Female,Nuwara Eliya,1AB Provincial School,Sinhala,A,C,A,A,A,C,Geography,W,Music,C,Health_Science,A,0,1,1,0,0,0,1,1,1,0,3.34,5.0,2.2,5.0,3.4,3.26,Veterinary Medicine,Hands-on Practical & Fieldwork,Private/Foreign Affiliated University Degree,3,1,Biological Science
STU-SYN-00470,synthetic,Female,Anuradhapura,1AB National School,Sinhala,A,A,B,A,C,A,ICT,B,Music,B,Health_Science,C,0,1,1,1,1,0,1,0,1,0,3.26,4.5,1.95,3.81,3.15,3.75,Medicine & Clinical Surgery,Hands-on Practical & Fieldwork,State University Technology/Applied Degree,4,2,Biological Science
STU-SYN-00883,synthetic,Male,Kalutara,1AB Provincial School,Sinhala,S,A,A,B,C,A,Commerce,B,Art,B,Agriculture,A,1,1,1,0,0,0,1,1,1,1,4.66,4.65,2.66,2.59,3.77,3.71,Civil & Structural Engineering,"Structured, Routine & Detail-focused",Private/Foreign Affiliated University Degree,3,5,Physical Science
STU-SYN-01182,synthetic,Female,Gampaha,1AB Provincial School,Sinhala,A,A,B,C,A,C,Geography,A,Music,B,Health_Science,B,0,0,0,0,0,0,1,0,1,0,3.5,4.15,2.94,4.61,2.92,3.38,Veterinary Medicine,"Structured, Routine & Detail-focused",Professional Qualification (CA/CIMA/SLIIT/IESL/Attorney),3,1,Biological Science
STU-SYN-00688,synthetic,Female,Kurunegala,1C School,Sinhala,A,B,C,B,A,S,Commerce,A,Art,B,Design_Tech,C,0,1,0,1,0,0,0,1,0,0,2.3,4.17,2.28,4.96,5.0,3.4,Corporate Law & Compliance,Team-based & Project-driven,State University Technology/Applied Degree,3,2,Commerce
STU-SYN-00033,synthetic,Female,Kurunegala,1C School,Sinhala,A,A,B,A,B,A,ICT,A,Art,A,Agriculture,A,1,1,1,0,0,1,0,0,1,0,3.63,4.64,1.74,4.03,2.41,3.12,Veterinary Medicine,Independent Analytical & Research,State University Technology/Applied Degree,4,2,Biological Science
STU-SYN-01011,synthetic,Female,Batticaloa,1AB Provincial School,Sinhala,B,A,C,C,B,C,ICT,S,Art,C,Health_Science,B,0,1,0,0,0,0,1,1,1,1,3.82,5.0,2.87,4.7,2.8,4.42,Pharmaceutical & Drug Development,Client-facing & Communicative,Private/Foreign Affiliated University Degree,1,2,Biological Science
STU-SYN-01176,synthetic,Male,Mullaitivu,1C School,Sinhala,A,A,B,A,A,A,Entrepreneurship Studies,B,Art,B,Health_Science,A,0,1,0,0,1,0,1,0,0,1,1.43,3.28,2.13,3.07,4.47,4.96,"Accounting, Audit & Taxation",Team-based & Project-driven,State University Degree (UGC Merit/District),4,3,Commerce
STU-SYN-00195,synthetic,Female,Galle,1AB National School,Sinhala,B,A,C,A,A,A,ICT,A,Art,C,Agriculture,A,1,0,0,0,0,0,1,1,1,0,3.87,4.82,2.24,4.48,2.11,3.55,Sustainable Agriculture & Forestry,"Structured, Routine & Detail-focused",State University Degree (UGC Merit/District),3,4,Biological Science
STU-SYN-01106,synthetic,Female,Kalutara,Type 2 School,Sinhala,A,B,B,S,B,A,ICT,C,Art,A,Aquatic_Resources,C,0,1,1,0,0,0,1,1,1,1,4.43,4.54,2.93,2.87,4.01,4.48,"Robotics, Mechatronics & Automation","Structured, Routine & Detail-focused",State University Technology/Applied Degree,4,1,Technology
STU-SYN-01114,synthetic,Female,Ratnapura,1AB Provincial School,Sinhala,B,A,S,C,A,A,Commerce,A,Art,A,Design_Tech,A,0,1,1,0,1,0,0,1,0,1,1.95,4.34,1.96,3.32,5.0,4.1,Digital Marketing & Brand Strategy,"Structured, Routine & Detail-focused",Professional Qualification (CA/CIMA/SLIIT/IESL/Attorney),5,4,Commerce
STU-SYN-01064,synthetic,Male,Kalutara,1AB National School,Sinhala,B,A,C,B,A,A,ICT,A,Music,S,Agriculture,A,1,1,1,0,1,0,0,0,1,0,4.62,4.74,2.61,2.99,3.3,3.74,Renewable Energy & Power Systems,Client-facing & Communicative,Professional Qualification (CA/CIMA/SLIIT/IESL/Attorney),2,3,Technology
STU-SYN-00504,synthetic,Female,Kurunegala,1AB Provincial School,Sinhala,A,B,B,C,B,C,Entrepreneurship Studies,A,Art,B,Design_Tech,C,1,0,0,1,1,0,0,1,0,1,1.68,3.49,2.01,3.94,4.93,4.28,Banking & Investment Management,Team-based & Project-driven,Professional Qualification (CA/CIMA/SLIIT/IESL/Attorney),2,3,Commerce
STU-SYN-00916,synthetic,Female,Kandy,Type 2 School,Sinhala,A,A,A,A,A,A,ICT,A,English Literature,A,Health_Science,B,1,0,0,0,0,0,1,0,1,1,3.93,4.92,2.03,1.67,2.83,3.66,Civil & Structural Engineering,Client-facing & Communicative,State University Degree (UGC Merit/District),5,5,Physical Science
STU-SYN-00977,synthetic,Female,Polonnaruwa,1AB National School,Sinhala,B,A,B,A,A,A,Geography,B,Drama,B,Health_Science,B,1,0,0,0,0,1,0,0,1,1,1.93,3.39,4.27,4.55,3.33,2.78,"Law, Judiciary & Advocacy",Team-based & Project-driven,Professional Qualification (CA/CIMA/SLIIT/IESL/Attorney),4,3,Arts
STU-SYN-01183,synthetic,Female,Kandy,1AB Provincial School,Tamil,A,B,A,A,A,A,Civics,A,Music,S,Health_Science,A,1,1,0,0,1,0,1,0,1,1,3.51,5.0,1.5,4.47,2.55,3.8,Sustainable Agriculture & Forestry,"Structured, Routine & Detail-focused",Private/Foreign Affiliated University Degree,2,1,Biological Science
STU-SYN-01088,synthetic,Female,Galle,Type 2 School,Tamil,C,A,B,B,A,A,Civics,C,Music,C,Health_Science,A,1,1,0,1,1,0,1,1,1,0,3.04,3.83,2.46,4.22,2.11,4.05,Public Health & Nutrition,Client-facing & Communicative,State University Technology/Applied Degree,5,3,Biological Science
STU-SYN-00801,synthetic,Female,Gampaha,Type 2 School,English,A,B,C,B,C,B,Commerce,A,Art,A,Home_Economics,B,1,1,1,1,0,0,0,0,0,0,1.81,4.6,3.6,3.74,5.0,4.53,Banking & Investment Management,Hands-on Practical & Fieldwork,State University Technology/Applied Degree,3,5,Commerce
STU-SYN-00580,synthetic,Female,Gampaha,1AB Provincial School,English,B,A,B,B,B,B,Entrepreneurship Studies,A,Drama,C,Home_Economics,B,0,0,1,1,0,0,0,0,1,1,2.25,3.97,3.09,3.21,4.09,3.33,Business Management & Entrepreneurship,Team-based & Project-driven,State University Degree (UGC Merit/District),4,2,Commerce
STU-SYN-00161,synthetic,Female,Badulla,1AB National School,Tamil,B,A,C,S,B,A,ICT,A,Drama,A,Design_Tech,A,1,1,1,1,0,0,0,1,1,0,4.73,3.62,2.79,3.35,4.29,3.91,Biosystems & Industrial Food Tech,Team-based & Project-driven,National Diploma / Vocational Higher Education (NVQ 5/6),4,4,Technology
STU-SYN-00681,synthetic,Female,Hambantota,1AB National School,Sinhala,S,W,B,C,B,C,Commerce,B,Music,S,Home_Economics,W,0,0,0,0,1,0,0,1,0,0,2.79,4.44,2.12,2.63,4.57,5.0,Banking & Investment Management,Independent Analytical & Research,State University Technology/Applied Degree,4,1,Commerce
STU-SYN-01198,synthetic,Female,Anuradhapura,1AB Provincial School,Sinhala,W,A,B,A,A,B,Geography,A,Music,B,Health_Science,B,0,0,0,1,1,1,0,1,0,0,2.35,2.75,5.0,4.14,3.69,2.68,UI/UX Design & Creative Direction,Team-based & Project-driven,Professional Qualification (CA/CIMA/SLIIT/IESL/Attorney),4,1,Arts
STU-SYN-00163,synthetic,Female,Colombo,1AB Provincial School,Sinhala,C,B,A,C,A,A,Entrepreneurship Studies,A,Drama,B,Home_Economics,A,0,1,0,1,0,1,1,1,0,1,1.79,4.22,2.39,3.89,3.24,5.0,Banking & Investment Management,Client-facing & Communicative,State University Technology/Applied Degree,3,3,Commerce
STU-SYN-00822,synthetic,Male,Gampaha,1AB National School,Tamil,W,B,A,A,S,C,Geography,A,English Literature,A,Agriculture,S,1,1,0,1,0,0,1,1,0,1,3.44,5.0,1.96,4.89,3.14,4.23,Biomedical & Molecular Genetics,"Structured, Routine & Detail-focused",Professional Qualification (CA/CIMA/SLIIT/IESL/Attorney),3,3,Biological Science
STU-SYN-00706,synthetic,Female,Ampara,1AB National School,Sinhala,B,A,B,B,B,C,Geography,A,Music,A,Home_Economics,B,0,1,0,0,0,0,1,1,1,0,2.74,5.0,2.85,3.28,3.4,3.46,Biomedical & Molecular Genetics,"Structured, Routine & Detail-focused",State University Technology/Applied Degree,3,3,Biological Science
STU-SYN-01009,synthetic,Male,Puttalam,Private/Semi-Government,Sinhala,C,C,B,C,B,C,Commerce,B,Music,C,Health_Science,C,1,1,0,1,1,0,0,1,1,1,1.11,3.06,2.87,3.43,5.0,4.74,International Trade & Logistics,Hands-on Practical & Fieldwork,Private/Foreign Affiliated University Degree,5,1,Commerce
STU-SYN-00878,synthetic,Male,Kandy,1C School,English,A,A,A,B,C,A,ICT,C,English Literature,C,Health_Science,C,1,1,0,0,1,0,0,0,1,0,4.81,4.15,1.62,2.65,2.58,2.63,Software Engineering & AI,Independent Analytical & Research,Professional Qualification (CA/CIMA/SLIIT/IESL/Attorney),5,2,Physical Science
STU-SYN-00896,synthetic,Male,Hambantota,1AB National School,Sinhala,W,C,C,B,A,A,Civics,A,Dancing,A,Health_Science,A,0,0,0,1,1,1,0,1,1,0,1.44,3.28,3.76,4.66,2.67,1.84,International Relations & Diplomacy,"Structured, Routine & Detail-focused",National Diploma / Vocational Higher Education (NVQ 5/6),5,4,Arts
STU-SYN-00914,synthetic,Male,Ratnapura,1C School,Tamil,B,A,A,A,A,C,Geography,A,Art,A,Home_Economics,B,1,0,0,0,0,0,1,0,1,0,3.53,4.38,1.39,5.0,2.63,3.98,Public Health & Nutrition,"Structured, Routine & Detail-focused",State University Degree (UGC Merit/District),5,3,Biological Science
STU-SYN-01199,synthetic,Female,Badulla,1C School,Tamil,C,A,A,C,A,A,ICT,C,Art,A,Design_Tech,S,0,1,1,0,0,1,0,1,1,0,3.41,4.68,2.29,2.52,2.94,4.13,Quantitative Finance & Actuarial,Hands-on Practical & Fieldwork,Professional Qualification (CA/CIMA/SLIIT/IESL/Attorney),4,3,Physical Science
STU-SYN-00153,synthetic,Female,Colombo,1AB National School,Tamil,C,B,C,C,C,A,ICT,A,Drama,S,Design_Tech,S,0,0,1,0,1,0,0,0,0,1,5.0,3.89,2.34,2.54,3.42,4.06,Cloud Infrastructure & Cybersecurity,Client-facing & Communicative,State University Technology/Applied Degree,3,2,Technology
STU-SYN-00979,synthetic,Male,Matara,1C School,Sinhala,B,B,A,C,B,A,ICT,S,Art,B,Home_Economics,B,1,1,0,1,0,0,0,1,0,1,1.69,3.01,2.71,2.94,5.0,3.88,Business Management & Entrepreneurship,Team-based & Project-driven,State University Degree (UGC Merit/District),1,2,Commerce
STU-SYN-01003,synthetic,Male,Colombo,1AB Provincial School,Tamil,B,C,A,C,B,B,ICT,C,Art,B,Design_Tech,B,1,1,1,0,0,0,1,0,0,1,4.11,4.0,2.01,3.21,3.45,3.53,Cloud Infrastructure & Cybersecurity,Client-facing & Communicative,State University Degree (UGC Merit/District),3,3,Technology
STU-SYN-00510,synthetic,Female,Mullaitivu,Private/Semi-Government,Sinhala,B,B,C,A,B,A,Civics,C,Drama,A,Health_Science,B,1,0,0,1,0,1,0,0,0,0,2.67,4.01,3.55,4.32,3.53,2.88,UI/UX Design & Creative Direction,"Structured, Routine & Detail-focused",Professional Qualification (CA/CIMA/SLIIT/IESL/Attorney),4,3,Arts
STU-SYN-00112,synthetic,Male,Monaragala,1C School,Sinhala,A,A,A,C,A,B,Entrepreneurship Studies,B,Music,C,Design_Tech,A,1,1,1,0,0,0,1,1,1,0,2.51,3.05,2.8,3.06,4.27,5.0,International Trade & Logistics,Independent Analytical & Research,State University Degree (UGC Merit/District),4,2,Commerce
STU-SYN-00227,synthetic,Female,Matara,1AB Provincial School,Sinhala,B,A,A,C,C,A,Commerce,A,Art,S,Design_Tech,A,1,0,0,1,1,0,0,0,0,1,2.15,4.04,2.45,2.65,5.0,5.0,International Trade & Logistics,Hands-on Practical & Fieldwork,National Diploma / Vocational Higher Education (NVQ 5/6),4,4,Commerce
STU-SYN-00986,synthetic,Female,Mullaitivu,1C School,Sinhala,B,C,A,A,B,A,Geography,B,Art,B,Health_Science,A,0,1,0,0,1,1,0,0,1,0,1.95,3.88,5.0,4.22,2.99,2.16,Journalism & Digital Mass Media,Independent Analytical & Research,National Diploma / Vocational Higher Education (NVQ 5/6),4,3,Arts
STU-SYN-00852,synthetic,Female,Puttalam,1C School,Tamil,C,A,C,C,S,B,Commerce,B,Art,A,Design_Tech,A,1,1,0,1,1,0,1,1,1,1,1.91,3.03,2.19,3.85,4.67,5.0,Digital Marketing & Brand Strategy,"Structured, Routine & Detail-focused",State University Degree (UGC Merit/District),1,2,Commerce
STU-SYN-00104,synthetic,Female,Nuwara Eliya,1C School,Sinhala,A,A,A,C,C,B,Commerce,A,Drama,B,Health_Science,C,1,1,0,0,0,0,0,0,1,1,2.17,3.5,3.36,3.33,5.0,5.0,"Accounting, Audit & Taxation",Independent Analytical & Research,State University Technology/Applied Degree,3,3,Commerce
STU-SYN-00422,synthetic,Male,Kegalle,Private/Semi-Government,Sinhala,A,C,C,A,C,A,Second Language,B,English Literature,S,Health_Science,B,0,0,1,1,0,1,0,0,1,0,2.28,2.99,4.64,4.59,3.72,2.71,Journalism & Digital Mass Media,"Structured, Routine & Detail-focused",State University Technology/Applied Degree,4,3,Arts
STU-SYN-00420,synthetic,Female,Colombo,1AB Provincial School,Sinhala,S,A,B,B,A,B,ICT,A,Art,C,Design_Tech,B,1,1,1,1,0,0,0,0,0,0,4.11,3.93,3.05,3.69,2.85,3.39,Construction & Quantity Surveying Tech,Team-based & Project-driven,State University Degree (UGC Merit/District),2,2,Technology
STU-SYN-00625,synthetic,Female,Gampaha,1C School,Sinhala,C,B,B,B,C,C,ICT,B,Drama,B,Design_Tech,A,1,1,1,0,0,0,0,1,0,0,4.21,4.1,3.19,2.68,2.81,5.0,Cloud Infrastructure & Cybersecurity,Hands-on Practical & Fieldwork,State University Technology/Applied Degree,3,3,Technology
STU-SYN-00587,synthetic,Female,Kurunegala,Private/Semi-Government,Sinhala,C,A,A,B,A,B,ICT,B,Music,B,Health_Science,B,0,0,0,1,1,0,1,0,0,0,1.8,4.13,1.97,2.98,3.98,5.0,Banking & Investment Management,"Structured, Routine & Detail-focused",National Diploma / Vocational Higher Education (NVQ 5/6),3,3,Commerce
STU-SYN-01061,synthetic,Male,Kandy,Type 2 School,Sinhala,C,B,B,B,A,A,Entrepreneurship Studies,A,Drama,C,Agriculture,A,0,1,0,0,0,0,0,0,1,1,3.27,3.41,1.66,2.23,3.54,4.37,Renewable Energy & Power Systems,"Structured, Routine & Detail-focused",State University Technology/Applied Degree,4,4,Technology
STU-SYN-00920,synthetic,Male,Kalutara,1C School,Sinhala,W,B,A,A,A,A,Geography,A,Art,A,Health_Science,A,0,0,0,1,1,0,1,1,1,1,2.33,3.47,5.0,4.53,3.3,1.98,International Relations & Diplomacy,Team-based & Project-driven,State University Degree (UGC Merit/District),3,2,Arts
STU-SYN-00673,synthetic,Female,Colombo,1C School,English,B,B,C,C,B,A,Civics,A,Art,B,Health_Science,A,1,1,1,0,0,0,1,1,0,0,3.22,4.91,2.24,3.78,2.54,3.8,Sustainable Agriculture & Forestry,Client-facing & Communicative,State University Technology/Applied Degree,4,3,Biological Science
STU-SYN-00120,synthetic,Female,Kegalle,1AB Provincial School,Tamil,C,B,A,B,B,A,ICT,A,English Literature,A,Health_Science,A,0,1,0,0,0,1,1,1,1,0,4.25,4.65,2.8,4.11,2.93,3.57,Veterinary Medicine,"Structured, Routine & Detail-focused",State University Degree (UGC Merit/District),2,3,Biological Science
STU-SYN-00054,synthetic,Female,Anuradhapura,1AB Provincial School,Sinhala,A,B,A,A,A,A,ICT,A,English Literature,C,Design_Tech,A,1,1,0,1,0,0,0,1,1,0,3.96,4.17,2.04,2.61,2.78,3.26,Data Science & Analytics,Client-facing & Communicative,State University Degree (UGC Merit/District),4,5,Physical Science
STU-SYN-00152,synthetic,Male,Nuwara Eliya,1AB National School,Sinhala,S,C,A,C,B,A,Civics,B,Art,C,Health_Science,B,0,1,0,1,0,0,1,0,1,1,1.84,3.13,5.0,4.51,3.87,3.33,UI/UX Design & Creative Direction,Team-based & Project-driven,State University Degree (UGC Merit/District),2,4,Arts
STU-SYN-00404,synthetic,Male,Matale,1C School,Tamil,A,A,A,A,A,B,ICT,C,English Literature,S,Health_Science,A,1,0,1,0,0,0,0,1,0,1,4.02,5.0,1.55,3.37,3.97,3.47,Electronics & Embedded Systems,Independent Analytical & Research,Professional Qualification (CA/CIMA/SLIIT/IESL/Attorney),5,3,Physical Science
STU-SYN-01189,synthetic,Male,Kurunegala,1AB Provincial School,Sinhala,B,C,W,A,S,B,ICT,B,Art,S,Design_Tech,B,1,0,1,0,0,0,0,0,1,0,4.63,4.44,1.63,2.85,3.62,3.18,Applied Automotive & Mechanical Tech,Team-based & Project-driven,National Diploma / Vocational Higher Education (NVQ 5/6),4,4,Technology
STU-SYN-00208,synthetic,Female,Kurunegala,1AB National School,Sinhala,B,A,B,B,S,A,Civics,B,Music,B,Health_Science,A,0,0,0,0,0,1,1,0,0,0,3.38,5.0,2.46,4.17,2.93,3.41,Biomedical & Molecular Genetics,Hands-on Practical & Fieldwork,State University Degree (UGC Merit/District),5,3,Biological Science
STU-SYN-01135,synthetic,Female,Colombo,1AB Provincial School,Sinhala,A,B,C,C,B,B,Commerce,B,English Literature,A,Design_Tech,S,0,1,0,0,0,0,0,0,1,0,4.07,4.99,1.6,1.78,3.19,3.47,Quantitative Finance & Actuarial,Client-facing & Communicative,National Diploma / Vocational Higher Education (NVQ 5/6),4,4,Physical Science
STU-SYN-00659,synthetic,Female,Ratnapura,1AB National School,Sinhala,A,A,B,A,B,B,Geography,A,Art,A,Design_Tech,A,1,1,0,1,0,1,1,0,0,1,4.07,4.7,2.62,1.72,2.87,4.6,Civil & Structural Engineering,Client-facing & Communicative,State University Technology/Applied Degree,4,2,Physical Science
STU-SYN-01097,synthetic,Female,Polonnaruwa,1AB National School,Sinhala,B,A,C,B,B,A,Civics,A,Drama,B,Agriculture,B,1,0,0,0,1,0,0,0,1,0,2.95,3.61,5.0,4.1,3.69,2.62,"Law, Judiciary & Advocacy","Structured, Routine & Detail-focused",State University Technology/Applied Degree,1,5,Arts
STU-SYN-00233,synthetic,Female,Matara,1AB Provincial School,Sinhala,A,A,A,A,A,B,ICT,A,Art,A,Health_Science,B,0,0,1,0,0,0,0,0,0,1,4.03,4.33,2.76,3.11,2.95,3.82,Quantitative Finance & Actuarial,Team-based & Project-driven,State University Technology/Applied Degree,4,4,Physical Science
STU-SYN-00009,synthetic,Female,Matara,1AB Provincial School,Sinhala,B,A,A,C,B,B,ICT,B,Music,B,Health_Science,A,1,1,0,0,1,0,1,1,0,0,3.94,4.05,2.53,4.3,3.44,4.01,Veterinary Medicine,Client-facing & Communicative,Private/Foreign Affiliated University Degree,5,2,Biological Science
STU-SYN-00160,synthetic,Male,Batticaloa,1AB Provincial School,Sinhala,A,A,B,B,C,B,ICT,C,Music,C,Aquatic_Resources,B,0,1,0,0,0,0,0,0,1,0,4.8,4.11,1.7,3.21,3.12,3.44,Applied Automotive & Mechanical Tech,Hands-on Practical & Fieldwork,Professional Qualification (CA/CIMA/SLIIT/IESL/Attorney),5,5,Technology
STU-SYN-00037,synthetic,Female,Batticaloa,1AB Provincial School,Sinhala,B,B,A,B,W,C,Commerce,A,Music,B,Design_Tech,A,1,0,0,1,0,0,1,0,0,1,2.14,3.26,2.81,2.79,4.79,5.0,Corporate Law & Compliance,Team-based & Project-driven,Professional Qualification (CA/CIMA/SLIIT/IESL/Attorney),5,3,Commerce
STU-SYN-00453,synthetic,Female,Kegalle,1AB Provincial School,Sinhala,A,C,A,A,B,C,Civics,A,Music,A,Health_Science,B,1,0,1,1,1,0,1,0,0,0,1.4,3.32,4.77,4.03,3.45,2.11,Psychology & Social Work,Team-based & Project-driven,National Diploma / Vocational Higher Education (NVQ 5/6),3,1,Arts
STU-SYN-00652,synthetic,Female,Gampaha,1C School,Tamil,C,C,A,A,C,C,Entrepreneurship Studies,C,Music,B,Design_Tech,A,1,0,0,0,0,0,0,1,0,0,4.81,3.91,2.48,3.13,3.25,2.64,Cloud Infrastructure & Cybersecurity,"Structured, Routine & Detail-focused",National Diploma / Vocational Higher Education (NVQ 5/6),4,2,Technology
STU-SYN-00254,synthetic,Female,Matara,1AB National School,Sinhala,A,C,B,B,A,C,ICT,A,Art,B,Health_Science,A,0,1,0,0,1,0,0,1,0,1,1.97,3.57,1.89,3.59,4.48,4.34,International Trade & Logistics,Client-facing & Communicative,Professional Qualification (CA/CIMA/SLIIT/IESL/Attorney),2,1,Commerce
STU-SYN-00304,synthetic,Female,Ampara,1AB Provincial School,Sinhala,B,C,A,A,C,A,Commerce,A,Art,B,Agriculture,C,0,1,0,0,0,0,1,0,1,1,4.28,5.0,1.38,2.09,3.23,4.05,Civil & Structural Engineering,Independent Analytical & Research,State University Technology/Applied Degree,3,2,Physical Science
STU-SYN-00897,synthetic,Male,Kandy,1AB Provincial School,Tamil,B,A,A,A,A,C,ICT,A,Music,B,Design_Tech,S,0,1,0,0,0,0,1,0,1,0,4.97,4.76,1.0,3.57,2.74,3.79,Civil & Structural Engineering,"Structured, Routine & Detail-focused",National Diploma / Vocational Higher Education (NVQ 5/6),4,4,Physical Science
STU-SYN-01049,synthetic,Male,Colombo,1AB Provincial School,Sinhala,C,C,A,A,A,A,Civics,A,Drama,A,Home_Economics,S,0,0,0,1,0,0,1,0,1,0,2.89,4.03,4.65,3.15,3.5,1.49,"Law, Judiciary & Advocacy",Independent Analytical & Research,Private/Foreign Affiliated University Degree,4,3,Arts
STU-SYN-00881,synthetic,Female,Galle,1AB National School,Sinhala,A,C,B,A,B,A,Entrepreneurship Studies,B,Music,A,Home_Economics,B,1,1,1,0,0,0,1,1,1,0,2.88,3.41,2.99,4.26,4.09,5.0,Corporate Law & Compliance,Team-based & Project-driven,Professional Qualification (CA/CIMA/SLIIT/IESL/Attorney),3,4,Commerce
STU-SYN-00572,synthetic,Female,Vavuniya,1C School,Sinhala,B,A,B,B,C,C,ICT,S,Drama,B,Aquatic_Resources,C,1,0,1,0,0,0,1,0,0,0,4.59,3.69,2.66,2.7,3.62,4.19,Cloud Infrastructure & Cybersecurity,Team-based & Project-driven,National Diploma / Vocational Higher Education (NVQ 5/6),5,5,Technology
STU-SYN-00624,synthetic,Male,Jaffna,1C School,Sinhala,S,C,A,A,S,C,Geography,A,Music,A,Health_Science,A,0,1,0,0,1,0,1,0,1,0,2.63,3.69,4.17,3.88,3.63,1.84,Journalism & Digital Mass Media,"Structured, Routine & Detail-focused",State University Technology/Applied Degree,3,3,Arts
STU-SYN-01145,synthetic,Male,Kandy,1C School,Sinhala,B,B,C,A,A,A,Geography,B,Dancing,A,Home_Economics,A,1,1,0,1,0,1,0,0,1,0,2.4,3.41,4.91,3.71,3.59,2.68,Journalism & Digital Mass Media,Hands-on Practical & Fieldwork,Professional Qualification (CA/CIMA/SLIIT/IESL/Attorney),3,4,Arts
STU-SYN-01031,synthetic,Female,Kurunegala,1AB National School,Sinhala,S,C,C,B,C,C,ICT,A,Art,C,Health_Science,A,0,1,0,1,0,1,1,1,0,0,2.75,4.85,3.25,3.93,2.6,3.66,Public Health & Nutrition,Client-facing & Communicative,Professional Qualification (CA/CIMA/SLIIT/IESL/Attorney),4,3,Biological Science
STU-SYN-01146,synthetic,Female,Anuradhapura,1AB Provincial School,Sinhala,A,A,A,C,C,A,Geography,B,English Literature,A,Design_Tech,A,1,1,1,0,1,1,1,0,1,1,3.47,3.92,1.57,1.91,3.25,4.74,Quantitative Finance & Actuarial,Team-based & Project-driven,Private/Foreign Affiliated University Degree,4,2,Physical Science
STU-SYN-00263,synthetic,Female,Nuwara Eliya,1AB National School,Sinhala,A,C,C,C,A,C,Geography,B,Music,B,Design_Tech,A,1,0,1,0,1,0,1,1,0,1,4.55,3.81,2.1,2.75,2.97,4.32,Cloud Infrastructure & Cybersecurity,"Structured, Routine & Detail-focused",State University Degree (UGC Merit/District),3,4,Technology
STU-SYN-00611,synthetic,Female,Gampaha,1AB Provincial School,Sinhala,A,A,A,A,S,B,ICT,C,English Literature,B,Health_Science,C,1,1,1,0,1,0,0,1,0,0,4.14,4.22,2.64,2.35,2.36,3.59,Mechanical & Aerospace Engineering,Independent Analytical & Research,Private/Foreign Affiliated University Degree,1,4,Physical Science
STU-SYN-00298,synthetic,Female,Colombo,1AB Provincial School,Sinhala,B,A,B,A,A,A,Geography,B,Music,B,Health_Science,C,1,0,0,0,0,0,1,1,1,1,3.44,5.0,1.97,5.0,3.42,3.25,Public Health & Nutrition,"Structured, Routine & Detail-focused",State University Degree (UGC Merit/District),5,3,Biological Science
STU-SYN-00990,synthetic,Male,Anuradhapura,Private/Semi-Government,Sinhala,A,A,A,B,B,A,Geography,A,Art,B,Agriculture,A,1,1,0,0,0,0,1,1,0,0,2.07,5.0,1.79,4.35,2.75,3.06,Biomedical & Molecular Genetics,Independent Analytical & Research,State University Degree (UGC Merit/District),2,2,Biological Science
STU-SYN-00415,synthetic,Male,Vavuniya,1AB National School,Sinhala,C,C,A,A,A,A,Geography,A,Drama,B,Health_Science,B,1,1,0,1,0,0,1,1,1,1,2.27,4.55,4.8,3.67,4.23,3.19,Psychology & Social Work,Independent Analytical & Research,State University Technology/Applied Degree,3,3,Arts
STU-SYN-00151,synthetic,Male,Jaffna,1AB National School,Sinhala,C,A,C,B,C,B,ICT,C,Art,A,Design_Tech,B,0,0,1,1,0,0,1,0,1,1,4.77,4.3,2.73,1.94,3.36,4.72,Construction & Quantity Surveying Tech,"Structured, Routine & Detail-focused",Private/Foreign Affiliated University Degree,2,3,Technology
STU-SYN-00946,synthetic,Female,Hambantota,1AB Provincial School,Sinhala,C,A,S,B,B,A,Commerce,S,Art,A,Agriculture,B,0,1,0,0,0,0,1,1,1,1,3.53,4.34,2.78,2.08,2.7,3.82,Quantitative Finance & Actuarial,Independent Analytical & Research,State University Technology/Applied Degree,1,4,Physical Science
STU-SYN-00473,synthetic,Female,Kandy,1AB Provincial School,Sinhala,B,A,A,A,C,A,Commerce,C,Art,A,Design_Tech,A,1,1,0,1,1,0,1,0,1,0,2.12,3.06,2.34,3.07,3.87,5.0,"Accounting, Audit & Taxation",Client-facing & Communicative,State University Technology/Applied Degree,4,3,Commerce
STU-SYN-00953,synthetic,Female,Nuwara Eliya,1AB National School,Sinhala,A,A,B,A,A,A,Civics,C,Music,B,Agriculture,B,0,1,0,0,1,0,1,0,1,0,3.55,4.02,2.54,4.19,2.21,3.4,Medicine & Clinical Surgery,Team-based & Project-driven,State University Technology/Applied Degree,3,3,Biological Science
STU-SYN-00988,synthetic,Male,Colombo,Type 2 School,Sinhala,B,A,B,B,A,A,Geography,B,English Literature,C,Agriculture,A,0,0,0,0,0,0,1,0,1,0,3.7,4.93,2.86,4.59,2.45,3.67,Medicine & Clinical Surgery,Client-facing & Communicative,State University Technology/Applied Degree,2,3,Biological Science
STU-SYN-00779,synthetic,Male,Galle,1AB Provincial School,Sinhala,A,B,B,A,A,B,Geography,A,Art,A,Agriculture,S,1,1,0,0,1,0,1,0,1,0,3.32,4.79,1.5,4.63,2.53,3.71,Pharmaceutical & Drug Development,Independent Analytical & Research,Professional Qualification (CA/CIMA/SLIIT/IESL/Attorney),5,1,Biological Science
STU-SYN-00641,synthetic,Male,Kandy,1C School,Sinhala,B,A,A,B,A,A,Geography,A,Art,C,Health_Science,A,0,1,0,0,0,0,1,0,1,0,3.78,4.88,2.9,4.82,2.77,3.06,Medicine & Clinical Surgery,Team-based & Project-driven,State University Degree (UGC Merit/District),3,5,Biological Science
STU-SYN-01190,synthetic,Male,Colombo,1AB National School,English,B,B,A,C,C,A,Commerce,C,Music,A,Home_Economics,B,0,1,0,1,0,0,1,1,0,1,2.08,3.84,2.78,3.55,5.0,4.28,International Trade & Logistics,Client-facing & Communicative,National Diploma / Vocational Higher Education (NVQ 5/6),2,3,Commerce
STU-SYN-01143,synthetic,Female,Kurunegala,1C School,Sinhala,B,A,A,S,S,A,ICT,A,Art,A,Home_Economics,A,0,1,0,0,0,0,0,0,1,0,2.81,4.95,2.6,4.02,1.37,3.68,Biomedical & Molecular Genetics,"Structured, Routine & Detail-focused",Professional Qualification (CA/CIMA/SLIIT/IESL/Attorney),3,1,Biological Science
STU-SYN-00551,synthetic,Female,Kalutara,Type 2 School,Sinhala,B,A,B,B,A,A,Civics,C,Art,W,Home_Economics,A,0,1,0,0,0,0,1,0,0,0,3.5,3.79,1.63,4.65,2.62,3.94,Medicine & Clinical Surgery,Hands-on Practical & Fieldwork,Professional Qualification (CA/CIMA/SLIIT/IESL/Attorney),5,3,Biological Science
STU-SYN-00640,synthetic,Female,Kalutara,1AB National School,Sinhala,A,B,B,B,A,B,ICT,A,English Literature,B,Design_Tech,B,0,1,1,0,0,0,0,0,0,1,3.44,3.36,2.29,1.24,3.02,4.08,Quantitative Finance & Actuarial,Team-based & Project-driven,State University Degree (UGC Merit/District),3,3,Physical Science
STU-SYN-00936,synthetic,Male,Puttalam,1AB Provincial School,Sinhala,A,A,A,A,B,A,Geography,B,Music,B,Health_Science,B,0,1,0,0,0,0,1,0,0,0,3.02,4.15,1.97,4.59,3.49,2.94,Sustainable Agriculture & Forestry,Independent Analytical & Research,State University Degree (UGC Merit/District),4,3,Biological Science
STU-SYN-00929,synthetic,Male,Colombo,1C School,Sinhala,C,C,A,A,B,C,Second Language,B,Dancing,B,Home_Economics,A,0,0,0,1,0,1,0,0,1,0,1.5,3.65,4.8,3.83,3.98,2.07,International Relations & Diplomacy,Independent Analytical & Research,Private/Foreign Affiliated University Degree,3,2,Arts
STU-SYN-00489,synthetic,Female,Kandy,Private/Semi-Government,Sinhala,B,A,C,A,C,B,ICT,A,English Literature,A,Health_Science,A,0,0,1,0,0,0,1,1,1,0,3.94,5.0,2.44,5.0,2.2,3.51,Veterinary Medicine,Hands-on Practical & Fieldwork,National Diploma / Vocational Higher Education (NVQ 5/6),3,2,Biological Science
STU-SYN-00820,synthetic,Female,Ratnapura,Private/Semi-Government,Tamil,S,B,A,C,A,C,ICT,A,Music,A,Design_Tech,A,1,1,0,0,0,0,0,0,1,0,4.08,4.86,2.56,3.32,3.24,3.31,Civil & Structural Engineering,Hands-on Practical & Fieldwork,State University Degree (UGC Merit/District),4,3,Physical Science
STU-SYN-00711,synthetic,Female,Colombo,Type 2 School,English,B,B,W,A,B,B,ICT,A,English Literature,B,Design_Tech,B,1,0,1,1,0,0,1,0,0,0,3.59,4.77,1.86,3.08,3.23,3.28,Quantitative Finance & Actuarial,"Structured, Routine & Detail-focused",Professional Qualification (CA/CIMA/SLIIT/IESL/Attorney),3,2,Physical Science
STU-SYN-01081,synthetic,Male,Kegalle,1AB National School,Tamil,A,B,A,B,B,C,ICT,A,Music,C,Design_Tech,B,1,1,1,0,1,0,1,0,0,0,4.25,4.09,2.57,2.44,3.79,3.98,Construction & Quantity Surveying Tech,Team-based & Project-driven,State University Degree (UGC Merit/District),3,5,Technology
STU-SYN-00148,synthetic,Male,Anuradhapura,1C School,Sinhala,A,B,C,A,A,B,Civics,A,Art,C,Agriculture,A,0,1,0,0,0,0,1,1,1,0,2.57,4.87,1.5,4.96,2.28,3.23,Public Health & Nutrition,Client-facing & Communicative,State University Degree (UGC Merit/District),5,2,Biological Science
STU-SYN-00147,synthetic,Male,Kandy,Type 2 School,English,B,A,A,S,A,A,ICT,A,Music,B,Health_Science,A,0,0,1,0,1,0,0,0,1,0,2.51,4.24,2.26,4.74,3.04,4.25,Sustainable Agriculture & Forestry,Independent Analytical & Research,Private/Foreign Affiliated University Degree,3,3,Biological Science
STU-SYN-01175,synthetic,Female,Kurunegala,1C School,English,A,A,A,C,C,A,ICT,B,Music,B,Design_Tech,A,0,0,1,0,1,0,0,0,1,0,4.65,4.89,2.33,2.78,2.44,3.43,Electronics & Embedded Systems,"Structured, Routine & Detail-focused",Professional Qualification (CA/CIMA/SLIIT/IESL/Attorney),4,2,Physical Science
STU-SYN-00963,synthetic,Female,Kegalle,1AB National School,Sinhala,C,C,A,A,C,A,Civics,A,Art,A,Health_Science,C,1,0,0,1,1,0,1,0,1,0,1.98,2.46,4.85,4.63,3.57,2.07,"Law, Judiciary & Advocacy",Independent Analytical & Research,State University Technology/Applied Degree,3,3,Arts
STU-SYN-00346,synthetic,Male,Vavuniya,1AB National School,Sinhala,B,B,A,B,B,S,Civics,A,Music,A,Agriculture,A,0,1,0,0,0,0,1,1,1,0,2.71,4.31,1.98,5.0,2.65,3.13,Sustainable Agriculture & Forestry,"Structured, Routine & Detail-focused",Professional Qualification (CA/CIMA/SLIIT/IESL/Attorney),2,2,Biological Science
STU-SYN-00403,synthetic,Female,Puttalam,1AB National School,Sinhala,S,A,S,C,A,B,Commerce,C,Music,A,Health_Science,A,0,0,0,1,0,0,1,0,0,1,2.17,3.32,2.15,2.2,4.64,4.31,Banking & Investment Management,Team-based & Project-driven,State University Degree (UGC Merit/District),2,3,Commerce
STU-SYN-00932,synthetic,Male,Kurunegala,Type 2 School,Sinhala,A,B,A,A,B,A,Civics,B,Music,A,Health_Science,B,1,1,0,0,1,0,0,1,1,1,2.55,3.56,3.85,4.4,3.83,3.39,"Law, Judiciary & Advocacy","Structured, Routine & Detail-focused",Private/Foreign Affiliated University Degree,3,3,Arts
STU-SYN-00955,synthetic,Male,Gampaha,1C School,Sinhala,C,S,A,A,C,A,Geography,A,Dancing,A,Agriculture,B,0,0,0,1,1,1,1,1,0,1,2.25,3.27,4.7,3.68,3.81,2.46,"Law, Judiciary & Advocacy",Client-facing & Communicative,Professional Qualification (CA/CIMA/SLIIT/IESL/Attorney),4,3,Arts
STU-SYN-01125,synthetic,Female,Batticaloa,1AB National School,Tamil,S,S,A,A,C,A,Civics,A,Music,A,Agriculture,A,1,1,0,1,1,0,0,1,1,0,1.32,3.97,4.22,5.0,5.0,2.37,Language Translation & Linguistics,Team-based & Project-driven,State University Degree (UGC Merit/District),2,5,Arts
STU-SYN-00660,synthetic,Male,Colombo,1AB Provincial School,Sinhala,A,W,B,A,C,A,Civics,C,Art,B,Health_Science,A,1,0,0,1,0,0,0,1,1,0,3.64,4.4,1.59,3.98,2.71,4.1,Biomedical & Molecular Genetics,Team-based & Project-driven,State University Technology/Applied Degree,2,3,Biological Science
STU-SYN-00464,synthetic,Female,Galle,1AB National School,Sinhala,A,A,A,B,A,A,ICT,A,English Literature,S,Design_Tech,A,1,1,0,1,0,1,1,0,0,0,4.01,4.06,3.17,1.78,3.09,2.64,Software Engineering & AI,"Structured, Routine & Detail-focused",National Diploma / Vocational Higher Education (NVQ 5/6),3,5,Physical Science
STU-SYN-00187,synthetic,Female,Badulla,1AB Provincial School,Sinhala,A,A,B,B,A,B,ICT,C,Music,A,Design_Tech,A,1,0,0,0,1,1,0,0,0,0,5.0,5.0,2.46,2.49,2.49,4.55,Civil & Structural Engineering,"Structured, Routine & Detail-focused",State University Technology/Applied Degree,4,2,Physical Science
STU-SYN-00609,synthetic,Male,Kandy,1AB National School,Sinhala,A,A,C,B,B,B,Commerce,A,English Literature,A,Health_Science,A,0,1,1,0,0,0,1,1,1,1,3.95,5.0,2.34,2.41,2.42,4.22,Quantitative Finance & Actuarial,"Structured, Routine & Detail-focused",State University Technology/Applied Degree,2,2,Physical Science
STU-SYN-00144,synthetic,Male,Ampara,1C School,Sinhala,C,B,A,A,A,B,Geography,A,Music,A,Agriculture,A,0,0,0,1,1,1,1,1,1,1,2.6,3.76,5.0,3.78,3.18,3.01,Journalism & Digital Mass Media,Independent Analytical & Research,Private/Foreign Affiliated University Degree,1,5,Arts
STU-SYN-00752,synthetic,Male,Gampaha,Private/Semi-Government,Tamil,S,A,A,A,A,A,ICT,A,English Literature,B,Design_Tech,B,0,1,0,1,0,0,0,0,0,0,3.87,3.99,1.82,2.68,3.39,4.13,Civil & Structural Engineering,Hands-on Practical & Fieldwork,Private/Foreign Affiliated University Degree,5,2,Physical Science
STU-SYN-00982,synthetic,Female,Galle,1AB Provincial School,Tamil,A,A,S,B,B,A,ICT,A,Music,A,Health_Science,A,1,1,1,0,0,0,0,0,0,0,3.71,4.73,1.95,3.03,3.12,3.47,Data Science & Analytics,"Structured, Routine & Detail-focused",State University Degree (UGC Merit/District),5,3,Physical Science
STU-SYN-00198,synthetic,Male,Galle,1AB National School,Sinhala,A,A,C,C,C,B,Geography,A,Music,A,Home_Economics,B,0,0,1,0,0,0,1,1,1,1,3.1,5.0,3.12,4.66,3.11,3.97,Public Health & Nutrition,Client-facing & Communicative,National Diploma / Vocational Higher Education (NVQ 5/6),3,4,Biological Science
STU-SYN-00884,synthetic,Male,Polonnaruwa,1C School,Sinhala,B,C,A,S,B,A,ICT,A,Art,A,Agriculture,A,0,0,1,0,0,0,1,0,0,0,5.0,4.64,3.19,3.46,3.46,3.39,Renewable Energy & Power Systems,Team-based & Project-driven,State University Degree (UGC Merit/District),2,3,Technology
STU-SYN-00280,synthetic,Male,Kurunegala,1AB Provincial School,Sinhala,S,C,C,B,A,A,Civics,B,Art,A,Home_Economics,A,1,1,0,0,1,0,0,0,1,0,1.89,3.91,5.0,4.85,3.46,2.6,Journalism & Digital Mass Media,Hands-on Practical & Fieldwork,National Diploma / Vocational Higher Education (NVQ 5/6),5,3,Arts
STU-SYN-00294,synthetic,Female,Kalutara,Private/Semi-Government,Tamil,A,B,C,B,B,B,ICT,A,Music,A,Agriculture,S,1,0,0,0,0,0,0,0,0,1,4.42,3.79,2.14,1.9,3.26,3.6,Biosystems & Industrial Food Tech,Team-based & Project-driven,State University Technology/Applied Degree,5,3,Technology
STU-SYN-01089,synthetic,Male,Ampara,1AB Provincial School,English,A,A,B,B,B,A,ICT,A,English Literature,A,Health_Science,A,1,0,0,0,0,0,1,1,0,0,4.4,5.0,1.09,4.94,2.23,3.06,Veterinary Medicine,Client-facing & Communicative,Private/Foreign Affiliated University Degree,2,4,Biological Science
STU-SYN-00401,synthetic,Female,Badulla,1C School,Tamil,A,B,B,B,B,A,Geography,A,Art,B,Design_Tech,A,0,0,1,0,1,0,1,0,1,0,4.22,5.0,2.67,2.61,3.06,3.47,Software Engineering & AI,Hands-on Practical & Fieldwork,Private/Foreign Affiliated University Degree,4,2,Physical Science
STU-SYN-00123,synthetic,Male,Matara,1C School,Sinhala,C,A,C,B,B,A,ICT,A,Art,B,Design_Tech,A,0,0,0,0,0,0,0,1,1,0,4.75,4.63,2.85,2.51,3.24,2.84,Applied Automotive & Mechanical Tech,Client-facing & Communicative,State University Technology/Applied Degree,3,2,Technology
STU-SYN-00203,synthetic,Female,Colombo,1AB Provincial School,Tamil,S,S,A,B,A,B,Geography,C,Music,B,Agriculture,A,0,0,0,0,1,0,1,1,1,1,2.1,2.31,4.19,4.72,2.75,2.32,Language Translation & Linguistics,"Structured, Routine & Detail-focused",State University Degree (UGC Merit/District),4,3,Arts
STU-SYN-00836,synthetic,Female,Kalutara,1C School,Sinhala,S,C,C,A,A,A,Second Language,A,Music,B,Agriculture,A,1,0,0,0,1,1,0,1,1,0,2.35,3.43,4.88,4.24,2.97,3.56,UI/UX Design & Creative Direction,Hands-on Practical & Fieldwork,Professional Qualification (CA/CIMA/SLIIT/IESL/Attorney),5,5,Arts
STU-SYN-00247,synthetic,Male,Trincomalee,Type 2 School,Sinhala,W,B,A,B,A,C,ICT,B,Drama,B,Design_Tech,A,0,0,0,0,1,0,1,1,0,0,1.91,3.13,2.12,3.09,4.45,4.54,Business Management & Entrepreneurship,Team-based & Project-driven,Professional Qualification (CA/CIMA/SLIIT/IESL/Attorney),4,1,Commerce
STU-SYN-01140,synthetic,Male,Puttalam,1AB National School,Sinhala,S,B,C,A,A,C,Second Language,A,Music,C,Agriculture,B,1,1,0,1,1,1,0,0,0,0,2.04,3.9,4.45,4.03,3.9,2.9,Journalism & Digital Mass Media,Hands-on Practical & Fieldwork,Professional Qualification (CA/CIMA/SLIIT/IESL/Attorney),2,2,Arts
STU-SYN-00385,synthetic,Male,Jaffna,1C School,Sinhala,A,A,A,B,B,B,ICT,A,Art,B,Agriculture,C,1,0,0,0,1,1,1,0,1,1,3.1,5.0,2.27,4.41,2.29,4.01,Pharmaceutical & Drug Development,"Structured, Routine & Detail-focused",National Diploma / Vocational Higher Education (NVQ 5/6),2,4,Biological Science
STU-SYN-00855,synthetic,Male,Colombo,1AB National School,Sinhala,B,C,A,B,B,A,Entrepreneurship Studies,A,Art,S,Home_Economics,A,1,1,0,0,1,0,1,1,0,0,1.97,3.56,2.34,2.94,4.6,4.65,Digital Marketing & Brand Strategy,Hands-on Practical & Fieldwork,State University Degree (UGC Merit/District),3,2,Commerce
STU-SYN-00220,synthetic,Male,Colombo,1AB Provincial School,Tamil,C,B,A,A,C,B,Geography,A,Dancing,A,Home_Economics,A,0,1,0,1,0,0,0,0,0,1,3.46,3.2,4.26,4.97,2.94,2.39,"Law, Judiciary & Advocacy",Team-based & Project-driven,Private/Foreign Affiliated University Degree,2,2,Arts
STU-SYN-00642,synthetic,Male,Anuradhapura,1AB National School,Sinhala,A,A,B,A,B,A,Civics,B,Music,A,Agriculture,A,0,1,1,1,0,0,0,0,0,0,2.3,4.18,1.63,4.42,1.67,4.26,Medicine & Clinical Surgery,"Structured, Routine & Detail-focused",Professional Qualification (CA/CIMA/SLIIT/IESL/Attorney),4,2,Biological Science
STU-SYN-00002,synthetic,Male,Gampaha,1C School,Tamil,C,B,A,B,A,A,Second Language,C,Dancing,B,Home_Economics,B,0,1,0,1,1,0,0,0,0,0,2.49,4.04,4.61,4.05,4.07,2.39,Journalism & Digital Mass Media,"Structured, Routine & Detail-focused",National Diploma / Vocational Higher Education (NVQ 5/6),3,1,Arts
STU-SYN-00113,synthetic,Female,Ampara,1AB National School,Sinhala,A,B,C,B,B,B,ICT,C,English Literature,B,Design_Tech,B,0,1,0,0,0,0,1,0,0,1,5.0,4.54,1.25,2.28,4.0,3.91,Civil & Structural Engineering,Independent Analytical & Research,State University Technology/Applied Degree,2,3,Physical Science
STU-SYN-00699,synthetic,Female,Kegalle,Type 2 School,Tamil,A,A,B,A,C,A,ICT,A,English Literature,A,Agriculture,A,0,1,0,0,0,1,0,1,0,0,4.14,5.0,2.77,2.99,3.31,4.95,Civil & Structural Engineering,Team-based & Project-driven,State University Technology/Applied Degree,1,1,Physical Science
STU-SYN-00952,synthetic,Female,Ratnapura,1C School,Sinhala,A,C,A,A,B,A,Commerce,A,Art,C,Design_Tech,B,1,0,1,0,1,0,1,0,0,1,3.94,4.91,1.95,2.09,2.84,3.34,Mechanical & Aerospace Engineering,"Structured, Routine & Detail-focused",National Diploma / Vocational Higher Education (NVQ 5/6),4,3,Physical Science
STU-SYN-01079,synthetic,Female,Gampaha,1C School,Sinhala,A,B,A,A,A,B,Civics,C,English Literature,C,Home_Economics,B,0,1,0,1,0,0,0,0,0,0,3.93,3.94,1.58,4.95,3.11,3.65,Biomedical & Molecular Genetics,"Structured, Routine & Detail-focused",Private/Foreign Affiliated University Degree,1,3,Biological Science
STU-SYN-00442,synthetic,Male,Kandy,1AB National School,Sinhala,C,C,B,B,C,A,ICT,B,Music,A,Design_Tech,B,1,1,0,1,0,0,0,0,0,1,3.71,3.16,2.4,3.3,4.45,4.74,Banking & Investment Management,"Structured, Routine & Detail-focused",Private/Foreign Affiliated University Degree,3,5,Commerce
STU-SYN-00664,synthetic,Female,Colombo,1AB National School,Sinhala,S,B,A,A,C,A,Civics,A,Art,C,Home_Economics,B,1,1,0,1,0,1,0,0,1,0,2.04,3.6,4.43,3.75,3.53,2.52,"Law, Judiciary & Advocacy",Hands-on Practical & Fieldwork,Private/Foreign Affiliated University Degree,5,3,Arts
STU-SYN-01197,synthetic,Male,Kandy,Type 2 School,Sinhala,A,B,C,C,A,B,ICT,A,Music,A,Aquatic_Resources,C,1,1,1,0,0,0,0,0,1,0,4.99,3.56,1.81,2.35,3.59,4.37,"Robotics, Mechatronics & Automation",Hands-on Practical & Fieldwork,National Diploma / Vocational Higher Education (NVQ 5/6),3,4,Technology
STU-SYN-00318,synthetic,Female,Mullaitivu,Type 2 School,Tamil,A,W,C,B,C,A,Geography,C,Music,A,Design_Tech,B,1,1,1,0,1,0,0,0,0,0,4.81,4.08,1.7,2.63,2.36,3.48,Renewable Energy & Power Systems,"Structured, Routine & Detail-focused",State University Technology/Applied Degree,3,3,Technology
STU-SYN-00649,synthetic,Male,Kandy,1C School,Sinhala,A,A,A,C,C,B,ICT,A,English Literature,C,Health_Science,B,1,1,0,0,0,0,1,1,0,0,3.19,4.64,2.85,4.08,4.04,3.25,Public Health & Nutrition,"Structured, Routine & Detail-focused",Professional Qualification (CA/CIMA/SLIIT/IESL/Attorney),3,3,Biological Science
STU-SYN-00710,synthetic,Female,Ratnapura,1AB National School,Sinhala,C,A,A,B,A,B,Geography,W,English Literature,B,Health_Science,B,1,1,0,0,0,0,0,1,1,0,3.87,3.95,1.16,4.94,2.92,4.13,Sustainable Agriculture & Forestry,Independent Analytical & Research,Private/Foreign Affiliated University Degree,3,4,Biological Science
STU-SYN-00973,synthetic,Male,Galle,1AB National School,Sinhala,B,A,C,A,S,A,Geography,B,Music,B,Agriculture,A,1,1,0,0,0,0,1,0,1,0,4.17,5.0,2.28,4.59,3.54,2.73,Public Health & Nutrition,Hands-on Practical & Fieldwork,Professional Qualification (CA/CIMA/SLIIT/IESL/Attorney),3,3,Biological Science
STU-SYN-00628,synthetic,Female,Galle,Private/Semi-Government,Sinhala,B,B,A,A,A,A,ICT,A,Art,C,Health_Science,A,0,0,0,1,0,0,0,0,1,0,3.93,5.0,2.26,4.46,2.19,4.47,Veterinary Medicine,Client-facing & Communicative,State University Technology/Applied Degree,3,4,Biological Science
STU-SYN-00633,synthetic,Male,Matara,Private/Semi-Government,Sinhala,B,S,A,A,C,A,Civics,C,Art,A,Home_Economics,A,0,0,0,1,1,0,1,0,1,0,2.01,3.3,3.9,4.15,3.88,2.92,Journalism & Digital Mass Media,Hands-on Practical & Fieldwork,Private/Foreign Affiliated University Degree,3,1,Arts
STU-SYN-01172,synthetic,Female,Colombo,1C School,Sinhala,A,A,B,B,A,B,ICT,A,Music,C,Home_Economics,B,0,1,1,0,1,1,1,0,1,0,3.1,4.52,2.77,4.98,3.0,3.68,Veterinary Medicine,Team-based & Project-driven,Professional Qualification (CA/CIMA/SLIIT/IESL/Attorney),3,3,Biological Science
STU-SYN-01107,synthetic,Female,Galle,1AB National School,Sinhala,B,A,A,A,B,B,Geography,A,English Literature,B,Health_Science,A,1,1,0,0,1,0,1,1,0,0,3.53,5.0,1.65,4.04,2.7,3.1,Veterinary Medicine,Hands-on Practical & Fieldwork,State University Technology/Applied Degree,2,1,Biological Science
STU-SYN-00796,synthetic,Female,Jaffna,1AB National School,Sinhala,B,A,B,C,A,A,ICT,A,Music,C,Agriculture,A,1,0,1,0,0,0,1,0,0,1,3.77,4.34,2.63,2.56,3.26,2.65,Software Engineering & AI,Team-based & Project-driven,Private/Foreign Affiliated University Degree,2,1,Physical Science
STU-SYN-00646,synthetic,Female,Matara,1C School,Sinhala,B,B,B,B,C,A,ICT,B,Art,B,Agriculture,A,1,1,1,0,0,0,1,0,1,1,5.0,4.34,2.01,2.79,2.89,3.94,Cloud Infrastructure & Cybersecurity,Team-based & Project-driven,National Diploma / Vocational Higher Education (NVQ 5/6),4,4,Technology
STU-SYN-01013,synthetic,Female,Matara,1AB Provincial School,Tamil,B,C,A,B,B,C,Commerce,C,Music,A,Health_Science,B,1,1,0,1,1,0,1,1,0,1,2.39,2.75,2.38,4.76,4.38,4.5,Digital Marketing & Brand Strategy,Team-based & Project-driven,State University Technology/Applied Degree,5,4,Commerce
STU-SYN-00557,synthetic,Male,Colombo,1AB National School,Sinhala,A,C,B,A,C,B,ICT,S,Art,C,Agriculture,C,0,1,1,1,0,0,0,0,1,0,4.44,4.48,2.15,2.25,3.78,2.91,Civil & Structural Engineering,"Structured, Routine & Detail-focused",Professional Qualification (CA/CIMA/SLIIT/IESL/Attorney),2,2,Physical Science
STU-SYN-00682,synthetic,Male,Nuwara Eliya,1C School,Sinhala,A,B,A,B,B,B,ICT,C,Music,A,Health_Science,A,0,1,0,1,0,0,0,1,1,0,3.55,4.76,2.24,1.84,3.11,3.68,Civil & Structural Engineering,"Structured, Routine & Detail-focused",State University Degree (UGC Merit/District),4,3,Physical Science
STU-SYN-00578,synthetic,Male,Anuradhapura,1AB Provincial School,Tamil,B,C,C,A,C,B,Commerce,A,Art,A,Home_Economics,A,1,1,0,0,1,1,0,0,0,1,1.94,3.03,2.11,3.5,4.85,3.92,Banking & Investment Management,Team-based & Project-driven,National Diploma / Vocational Higher Education (NVQ 5/6),3,4,Commerce
STU-SYN-00525,synthetic,Male,Monaragala,Private/Semi-Government,Sinhala,C,W,A,A,A,B,Geography,A,Art,A,Health_Science,A,1,1,0,0,1,1,1,0,1,0,2.05,3.46,5.0,4.66,3.62,2.78,Psychology & Social Work,Client-facing & Communicative,State University Degree (UGC Merit/District),5,3,Arts
STU-SYN-01060,synthetic,Male,Kandy,1AB National School,Sinhala,C,A,A,A,A,A,Second Language,B,Drama,B,Health_Science,A,0,1,0,1,1,1,0,0,1,0,1.91,3.84,3.62,3.43,3.87,2.86,"Law, Judiciary & Advocacy",Client-facing & Communicative,Private/Foreign Affiliated University Degree,4,2,Arts
STU-SYN-00541,synthetic,Male,Jaffna,1AB Provincial School,Sinhala,B,A,B,A,B,B,ICT,C,Drama,A,Agriculture,C,0,0,1,0,1,1,0,1,1,0,4.87,4.95,1.95,3.97,3.15,4.9,Construction & Quantity Surveying Tech,Hands-on Practical & Fieldwork,State University Technology/Applied Degree,2,1,Technology
STU-SYN-00749,synthetic,Male,Matara,1AB Provincial School,Sinhala,A,B,A,A,A,A,ICT,A,Music,B,Home_Economics,A,1,0,0,1,1,1,1,0,0,1,2.29,3.1,1.86,3.75,4.74,3.81,International Trade & Logistics,Client-facing & Communicative,Private/Foreign Affiliated University Degree,3,5,Commerce
STU-SYN-01110,synthetic,Female,Kandy,Private/Semi-Government,English,C,S,B,A,B,A,Civics,A,Art,A,Health_Science,B,0,1,0,1,0,0,1,1,0,0,1.77,4.31,5.0,4.38,3.02,3.19,UI/UX Design & Creative Direction,Client-facing & Communicative,State University Technology/Applied Degree,4,1,Arts
STU-SYN-00485,synthetic,Male,Badulla,1C School,Sinhala,B,A,B,B,A,A,Civics,A,Music,A,Agriculture,B,0,1,0,0,1,0,1,1,0,0,2.29,4.33,2.01,4.12,2.42,3.91,Medicine & Clinical Surgery,Independent Analytical & Research,Professional Qualification (CA/CIMA/SLIIT/IESL/Attorney),2,3,Biological Science
STU-SYN-00096,synthetic,Female,Colombo,1C School,Sinhala,W,C,A,A,A,A,Second Language,S,Music,A,Health_Science,A,1,0,0,1,0,1,1,0,0,0,1.23,3.09,5.0,4.51,2.87,1.65,Language Translation & Linguistics,Team-based & Project-driven,National Diploma / Vocational Higher Education (NVQ 5/6),4,3,Arts
STU-SYN-01021,synthetic,Female,Badulla,1AB Provincial School,Sinhala,A,B,A,A,A,B,ICT,C,Music,A,Health_Science,A,0,1,0,1,1,0,1,0,0,0,3.57,4.77,2.73,4.62,2.04,4.75,Medicine & Clinical Surgery,Team-based & Project-driven,State University Technology/Applied Degree,2,3,Biological Science
STU-SYN-00564,synthetic,Male,Colombo,1AB Provincial School,Tamil,C,B,S,B,A,B,Geography,B,Drama,A,Agriculture,B,1,1,1,0,1,0,0,0,1,1,5.0,4.07,2.47,2.59,2.23,2.7,Applied Automotive & Mechanical Tech,Hands-on Practical & Fieldwork,Professional Qualification (CA/CIMA/SLIIT/IESL/Attorney),4,3,Technology
STU-SYN-00743,synthetic,Female,Kandy,1C School,Tamil,B,C,A,A,A,A,Commerce,C,Music,B,Design_Tech,B,0,1,0,1,1,0,1,1,0,1,1.66,3.43,2.53,4.0,5.0,5.0,Banking & Investment Management,Client-facing & Communicative,State University Technology/Applied Degree,3,2,Commerce
STU-SYN-00864,synthetic,Male,Kalutara,1AB Provincial School,Sinhala,A,B,A,C,C,B,Commerce,S,English Literature,C,Design_Tech,C,0,0,0,1,1,0,1,0,1,0,3.32,4.02,1.66,2.47,3.96,4.46,Mechanical & Aerospace Engineering,Client-facing & Communicative,Professional Qualification (CA/CIMA/SLIIT/IESL/Attorney),5,2,Physical Science
STU-SYN-00892,synthetic,Female,Hambantota,1AB National School,Sinhala,B,B,C,A,C,A,ICT,C,Music,B,Design_Tech,B,1,1,0,0,0,0,0,0,1,0,4.27,3.82,2.23,3.02,3.16,4.42,Quantitative Finance & Actuarial,"Structured, Routine & Detail-focused",National Diploma / Vocational Higher Education (NVQ 5/6),2,1,Physical Science
STU-SYN-01039,synthetic,Female,Colombo,1C School,Sinhala,B,A,A,A,A,A,ICT,A,English Literature,C,Agriculture,C,1,1,0,0,0,0,0,1,0,0,3.78,5.0,1.42,1.58,3.46,3.36,Software Engineering & AI,"Structured, Routine & Detail-focused",Professional Qualification (CA/CIMA/SLIIT/IESL/Attorney),3,3,Physical Science
STU-SYN-00207,synthetic,Female,Colombo,1AB Provincial School,Sinhala,A,C,A,B,C,A,ICT,B,Music,A,Design_Tech,A,1,0,0,0,1,1,1,0,0,0,4.1,3.88,2.91,2.74,2.58,4.27,"Robotics, Mechatronics & Automation",Hands-on Practical & Fieldwork,National Diploma / Vocational Higher Education (NVQ 5/6),3,3,Technology
STU-SYN-00393,synthetic,Female,Badulla,Type 2 School,Sinhala,B,A,C,A,C,A,ICT,C,Art,A,Design_Tech,B,1,1,0,0,1,0,1,1,1,0,3.53,3.32,1.99,2.11,3.56,4.25,"Robotics, Mechatronics & Automation","Structured, Routine & Detail-focused",State University Degree (UGC Merit/District),4,4,Technology
STU-SYN-00795,synthetic,Female,Matara,1AB National School,Sinhala,C,A,B,B,C,A,ICT,A,English Literature,B,Health_Science,A,0,0,0,0,0,0,0,1,1,0,3.66,3.26,1.48,4.12,3.17,3.08,Sustainable Agriculture & Forestry,Independent Analytical & Research,National Diploma / Vocational Higher Education (NVQ 5/6),4,3,Biological Science
STU-SYN-00871,synthetic,Male,Ratnapura,1C School,Tamil,B,A,C,A,B,A,Geography,A,Art,A,Health_Science,C,0,0,0,0,0,0,1,1,0,0,3.44,5.0,1.37,3.34,3.21,3.64,Sustainable Agriculture & Forestry,Client-facing & Communicative,Private/Foreign Affiliated University Degree,4,4,Biological Science
STU-SYN-00398,synthetic,Female,Batticaloa,1AB National School,Sinhala,A,A,S,B,C,B,Commerce,A,Art,C,Health_Science,S,1,1,0,0,0,1,1,0,1,1,3.5,4.08,2.53,2.26,2.4,4.44,Civil & Structural Engineering,Client-facing & Communicative,Private/Foreign Affiliated University Degree,5,3,Physical Science
STU-SYN-00767,synthetic,Female,Ratnapura,1AB Provincial School,Tamil,A,A,C,B,S,C,ICT,B,Drama,A,Design_Tech,S,0,1,1,0,1,1,0,0,0,1,2.26,3.89,2.92,3.89,4.92,4.0,Business Management & Entrepreneurship,Client-facing & Communicative,Professional Qualification (CA/CIMA/SLIIT/IESL/Attorney),3,3,Commerce
STU-SYN-01100,synthetic,Female,Gampaha,1C School,Tamil,A,A,A,A,S,A,Commerce,C,Art,C,Design_Tech,C,1,0,0,0,0,0,1,0,0,1,2.04,4.36,2.2,2.53,3.81,4.96,Business Management & Entrepreneurship,Hands-on Practical & Fieldwork,Private/Foreign Affiliated University Degree,3,5,Commerce
STU-SYN-01029,synthetic,Male,Kalutara,1C School,Sinhala,C,B,C,A,A,A,ICT,B,Music,B,Health_Science,B,0,0,0,1,1,1,1,1,1,0,4.14,4.64,2.55,3.5,2.46,3.65,Sustainable Agriculture & Forestry,Independent Analytical & Research,Private/Foreign Affiliated University Degree,5,5,Biological Science
STU-SYN-00643,synthetic,Male,Kalutara,1AB National School,Sinhala,S,A,A,C,A,A,Commerce,S,English Literature,B,Health_Science,C,1,1,1,1,1,1,1,0,0,0,4.16,4.44,2.84,1.9,3.09,3.82,Electronics & Embedded Systems,Client-facing & Communicative,Private/Foreign Affiliated University Degree,5,1,Physical Science
STU-SYN-00613,synthetic,Female,Colombo,1AB National School,Sinhala,W,C,C,B,B,A,ICT,B,Art,A,Design_Tech,C,1,0,1,0,0,1,0,0,0,1,4.75,4.9,3.02,2.47,2.54,3.68,Biosystems & Industrial Food Tech,Team-based & Project-driven,State University Technology/Applied Degree,4,5,Technology
STU-SYN-00961,synthetic,Female,Matale,1AB National School,Tamil,A,B,B,C,B,A,Commerce,A,Art,C,Home_Economics,B,1,1,0,1,0,1,0,0,0,0,2.44,3.79,2.49,3.01,4.24,4.33,Business Management & Entrepreneurship,Independent Analytical & Research,National Diploma / Vocational Higher Education (NVQ 5/6),5,4,Commerce
STU-SYN-00726,synthetic,Male,Nuwara Eliya,1AB National School,Sinhala,B,A,A,A,B,A,Civics,A,Music,A,Health_Science,A,1,1,0,0,0,0,1,0,0,0,3.78,4.59,1.75,4.77,3.65,4.21,Veterinary Medicine,"Structured, Routine & Detail-focused",Private/Foreign Affiliated University Degree,5,3,Biological Science
STU-SYN-00684,synthetic,Male,Kurunegala,1AB National School,English,C,B,B,C,A,A,ICT,B,Music,C,Agriculture,C,1,0,1,0,1,0,0,1,0,1,4.14,4.45,3.27,3.23,3.85,3.42,Mechanical & Aerospace Engineering,Independent Analytical & Research,Private/Foreign Affiliated University Degree,3,4,Physical Science
STU-SYN-00099,synthetic,Female,Jaffna,1AB National School,Tamil,C,C,W,B,C,B,Commerce,B,Music,C,Home_Economics,S,1,1,0,0,1,1,1,0,0,0,1.84,3.33,2.41,2.79,4.46,5.0,Business Management & Entrepreneurship,Client-facing & Communicative,National Diploma / Vocational Higher Education (NVQ 5/6),3,4,Commerce
STU-SYN-00805,synthetic,Female,Ratnapura,1AB National School,Tamil,B,B,A,B,B,B,ICT,B,Music,C,Home_Economics,A,1,0,1,0,0,1,0,1,0,1,2.35,3.09,1.07,3.87,4.92,4.81,Banking & Investment Management,Independent Analytical & Research,State University Degree (UGC Merit/District),4,3,Commerce
STU-SYN-00407,synthetic,Female,Gampaha,1AB National School,Sinhala,B,B,B,A,B,B,Civics,A,Art,B,Health_Science,C,0,1,0,1,1,1,0,1,1,0,1.0,2.72,4.23,3.94,3.7,1.91,Journalism & Digital Mass Media,Team-based & Project-driven,National Diploma / Vocational Higher Education (NVQ 5/6),4,3,Arts
STU-SYN-00503,synthetic,Female,Colombo,1AB Provincial School,Sinhala,B,A,B,S,C,B,Geography,A,Drama,A,Aquatic_Resources,B,0,1,0,0,0,0,0,1,1,1,4.79,4.31,2.63,1.89,3.57,4.3,Renewable Energy & Power Systems,Team-based & Project-driven,State University Technology/Applied Degree,5,3,Technology
STU-SYN-01072,synthetic,Female,Kurunegala,1AB National School,Sinhala,C,S,A,B,A,A,Geography,B,Dancing,A,Home_Economics,A,0,0,0,0,1,1,0,0,1,1,2.08,3.48,5.0,4.36,3.94,2.68,Journalism & Digital Mass Media,Independent Analytical & Research,Professional Qualification (CA/CIMA/SLIIT/IESL/Attorney),4,1,Arts
STU-SYN-01057,synthetic,Female,Matale,1AB Provincial School,Tamil,A,A,B,A,C,A,ICT,A,English Literature,S,Design_Tech,A,0,0,0,0,0,1,1,1,0,0,4.03,4.51,1.03,2.93,2.69,4.07,Data Science & Analytics,Team-based & Project-driven,State University Degree (UGC Merit/District),3,5,Physical Science
STU-SYN-00930,synthetic,Male,Colombo,1AB Provincial School,English,A,A,B,B,C,C,Geography,A,Music,C,Aquatic_Resources,B,1,1,0,0,0,0,0,0,0,0,5.0,4.14,2.71,1.37,3.22,4.32,Biosystems & Industrial Food Tech,Client-facing & Communicative,State University Degree (UGC Merit/District),3,3,Technology
STU-SYN-00780,synthetic,Female,Kurunegala,1AB Provincial School,Sinhala,C,A,B,A,A,A,ICT,C,Art,A,Aquatic_Resources,A,0,0,1,0,1,0,0,0,0,0,4.98,3.76,2.08,2.44,3.0,3.12,Cloud Infrastructure & Cybersecurity,"Structured, Routine & Detail-focused",State University Technology/Applied Degree,2,3,Technology
STU-SYN-00201,synthetic,Male,Matale,1AB National School,English,B,B,A,B,S,A,Commerce,A,Music,C,Health_Science,C,0,0,0,0,0,0,1,1,1,0,1.8,2.81,1.47,2.76,4.46,4.66,Corporate Law & Compliance,Team-based & Project-driven,Professional Qualification (CA/CIMA/SLIIT/IESL/Attorney),5,5,Commerce
STU-SYN-00135,synthetic,Male,Kandy,1AB Provincial School,English,A,A,A,C,B,B,ICT,A,English Literature,A,Health_Science,B,0,1,0,0,1,0,1,0,1,1,3.86,5.0,1.64,4.36,1.8,4.22,Pharmaceutical & Drug Development,Hands-on Practical & Fieldwork,Private/Foreign Affiliated University Degree,3,4,Biological Science
STU-SYN-01052,synthetic,Female,Hambantota,1C School,Sinhala,C,B,B,B,A,A,Civics,A,Art,B,Home_Economics,A,1,1,0,1,1,1,1,1,0,0,2.75,2.83,4.47,3.32,3.8,2.26,Psychology & Social Work,Team-based & Project-driven,State University Technology/Applied Degree,4,4,Arts
STU-SYN-00041,synthetic,Female,Gampaha,1AB Provincial School,Tamil,A,A,B,B,A,A,Civics,C,Music,B,Health_Science,C,0,0,0,0,0,1,1,0,1,0,2.75,4.39,1.76,5.0,2.98,3.48,Pharmaceutical & Drug Development,Independent Analytical & Research,Professional Qualification (CA/CIMA/SLIIT/IESL/Attorney),4,3,Biological Science
STU-SYN-01018,synthetic,Female,Galle,1AB Provincial School,Tamil,B,B,C,B,B,A,ICT,B,Drama,A,Design_Tech,S,0,1,1,0,1,0,1,0,0,1,1.49,2.47,2.78,4.2,4.91,4.43,"Accounting, Audit & Taxation",Client-facing & Communicative,State University Technology/Applied Degree,1,4,Commerce
STU-SYN-00231,synthetic,Female,Kalutara,Private/Semi-Government,Sinhala,A,C,B,C,A,A,Entrepreneurship Studies,C,Art,A,Health_Science,A,1,0,1,1,1,0,0,0,0,1,2.83,3.45,3.2,3.44,4.41,4.33,International Trade & Logistics,Hands-on Practical & Fieldwork,State University Technology/Applied Degree,3,2,Commerce
STU-SYN-00379,synthetic,Female,Kurunegala,1AB Provincial School,Sinhala,C,A,A,B,A,B,Geography,A,Music,C,Agriculture,S,0,1,0,1,1,0,1,1,1,0,2.13,5.0,4.28,3.97,3.08,3.36,UI/UX Design & Creative Direction,Independent Analytical & Research,Professional Qualification (CA/CIMA/SLIIT/IESL/Attorney),4,3,Arts
STU-SYN-00289,synthetic,Male,Gampaha,1C School,Tamil,S,B,A,A,A,A,Civics,A,Drama,B,Health_Science,S,0,0,0,0,1,1,0,0,1,0,2.95,3.76,4.48,4.23,4.2,3.01,"Law, Judiciary & Advocacy",Independent Analytical & Research,Professional Qualification (CA/CIMA/SLIIT/IESL/Attorney),3,4,Arts
STU-SYN-00419,synthetic,Female,Puttalam,1AB Provincial School,Sinhala,B,B,A,A,C,A,Commerce,A,Drama,W,Home_Economics,A,1,1,1,0,0,0,1,0,0,1,2.11,3.46,2.69,3.47,5.0,5.0,"Accounting, Audit & Taxation",Client-facing & Communicative,Professional Qualification (CA/CIMA/SLIIT/IESL/Attorney),1,3,Commerce
STU-SYN-00392,synthetic,Male,Matara,1C School,Sinhala,A,B,B,A,C,B,Geography,B,Music,C,Design_Tech,B,0,1,0,0,0,0,1,1,0,0,4.05,4.39,2.73,2.01,2.89,3.88,Cloud Infrastructure & Cybersecurity,Client-facing & Communicative,State University Degree (UGC Merit/District),3,3,Technology
STU-SYN-00593,synthetic,Female,Ratnapura,1AB Provincial School,Sinhala,A,B,C,C,A,A,Entrepreneurship Studies,C,Music,A,Agriculture,A,1,0,1,1,1,0,1,0,1,1,4.4,3.94,2.12,3.07,3.55,4.02,Biosystems & Industrial Food Tech,"Structured, Routine & Detail-focused",State University Technology/Applied Degree,4,3,Technology
STU-SYN-01087,synthetic,Female,Colombo,1AB Provincial School,Sinhala,C,C,S,A,C,A,Second Language,A,Drama,B,Agriculture,A,0,0,0,1,0,1,0,1,1,0,1.61,2.91,4.98,4.38,2.38,1.78,"Law, Judiciary & Advocacy",Team-based & Project-driven,National Diploma / Vocational Higher Education (NVQ 5/6),1,3,Arts
STU-SYN-00648,synthetic,Male,Kandy,1C School,Sinhala,S,C,A,A,B,A,Commerce,C,Drama,A,Home_Economics,A,1,0,0,0,0,1,0,1,1,0,2.67,3.42,2.72,3.58,4.92,4.46,International Trade & Logistics,Client-facing & Communicative,Private/Foreign Affiliated University Degree,4,2,Commerce
STU-SYN-00521,synthetic,Female,Gampaha,Private/Semi-Government,English,A,B,A,A,A,S,Civics,A,English Literature,A,Home_Economics,B,0,1,0,1,1,1,1,1,1,0,1.12,4.29,5.0,4.59,1.74,2.36,Language Translation & Linguistics,"Structured, Routine & Detail-focused",State University Technology/Applied Degree,4,1,Arts
STU-SYN-00065,synthetic,Female,Nuwara Eliya,1AB Provincial School,Sinhala,B,A,A,B,S,A,ICT,B,English Literature,B,Health_Science,C,0,1,1,0,0,1,1,0,0,0,2.32,5.0,1.19,4.57,2.31,2.96,Medicine & Clinical Surgery,Team-based & Project-driven,Private/Foreign Affiliated University Degree,4,3,Biological Science
STU-SYN-00015,synthetic,Male,Ampara,1C School,Sinhala,A,A,A,A,S,A,ICT,A,English Literature,A,Design_Tech,B,0,1,0,0,0,1,0,1,1,0,4.73,3.28,1.77,1.57,2.75,3.84,Electronics & Embedded Systems,Client-facing & Communicative,Private/Foreign Affiliated University Degree,4,1,Physical Science
STU-SYN-01065,synthetic,Female,Kandy,1AB Provincial School,Sinhala,B,A,B,A,B,C,ICT,B,Art,B,Health_Science,C,1,1,0,0,1,0,1,0,1,0,3.44,4.37,1.61,3.54,2.6,3.12,Sustainable Agriculture & Forestry,Hands-on Practical & Fieldwork,Private/Foreign Affiliated University Degree,2,2,Biological Science
STU-SYN-00493,synthetic,Female,Kurunegala,1C School,Sinhala,A,A,A,C,B,A,ICT,B,English Literature,B,Health_Science,B,1,1,0,1,0,1,0,0,1,0,3.71,5.0,1.97,4.4,3.18,3.95,Biomedical & Molecular Genetics,Client-facing & Communicative,State University Degree (UGC Merit/District),3,2,Biological Science
STU-SYN-00380,synthetic,Female,Anuradhapura,1C School,Sinhala,A,B,A,A,B,C,Entrepreneurship Studies,A,Drama,B,Design_Tech,C,0,1,0,0,0,0,1,0,0,0,4.44,4.18,2.35,3.25,4.51,4.05,"Robotics, Mechatronics & Automation",Hands-on Practical & Fieldwork,National Diploma / Vocational Higher Education (NVQ 5/6),4,3,Technology
STU-SYN-00188,synthetic,Female,Colombo,1AB National School,English,A,A,A,A,C,B,Geography,S,Music,B,Home_Economics,B,1,1,0,1,0,0,1,0,1,1,3.35,4.23,2.15,3.74,2.23,2.8,Public Health & Nutrition,Hands-on Practical & Fieldwork,National Diploma / Vocational Higher Education (NVQ 5/6),2,5,Biological Science
STU-SYN-00764,synthetic,Female,Mannar,1AB Provincial School,Sinhala,B,A,A,B,A,A,Geography,B,Art,C,Health_Science,A,0,0,1,1,0,1,1,0,1,1,3.87,4.64,1.48,5.0,4.11,3.49,Veterinary Medicine,Team-based & Project-driven,National Diploma / Vocational Higher Education (NVQ 5/6),3,4,Biological Science
STU-SYN-00217,synthetic,Female,Hambantota,1AB National School,Sinhala,S,B,A,A,A,A,ICT,B,Music,A,Agriculture,A,1,1,0,0,1,0,1,0,0,0,3.44,4.95,1.95,4.76,3.67,3.53,Public Health & Nutrition,"Structured, Routine & Detail-focused",Professional Qualification (CA/CIMA/SLIIT/IESL/Attorney),4,3,Biological Science
STU-SYN-00792,synthetic,Male,Nuwara Eliya,1C School,Sinhala,S,S,B,A,A,A,Geography,A,Drama,B,Home_Economics,B,0,1,0,1,1,0,1,0,1,0,2.65,2.67,5.0,3.56,3.85,3.12,"Law, Judiciary & Advocacy",Hands-on Practical & Fieldwork,Private/Foreign Affiliated University Degree,3,3,Arts
STU-SYN-01077,synthetic,Female,Colombo,1AB Provincial School,Sinhala,C,C,A,A,A,B,Geography,B,Art,B,Agriculture,B,1,0,0,0,0,0,0,1,1,0,3.93,4.94,1.38,3.85,1.62,4.1,Public Health & Nutrition,"Structured, Routine & Detail-focused",Private/Foreign Affiliated University Degree,4,3,Biological Science
STU-SYN-00879,synthetic,Male,Kandy,1AB Provincial School,Sinhala,A,A,S,A,C,A,ICT,B,Music,C,Design_Tech,A,1,1,0,1,0,0,1,0,1,0,3.54,4.46,1.78,2.11,3.27,3.45,Civil & Structural Engineering,Client-facing & Communicative,National Diploma / Vocational Higher Education (NVQ 5/6),5,4,Physical Science
STU-SYN-00338,synthetic,Male,Galle,1C School,Sinhala,B,C,A,A,B,A,Commerce,B,Drama,A,Design_Tech,B,0,0,0,0,0,0,0,0,0,1,2.25,3.03,2.6,3.59,4.02,4.88,"Accounting, Audit & Taxation",Hands-on Practical & Fieldwork,State University Technology/Applied Degree,3,1,Commerce
STU-SYN-00720,synthetic,Female,Colombo,1C School,Tamil,W,C,B,A,A,A,Second Language,A,English Literature,A,Home_Economics,A,0,1,0,1,1,0,0,0,0,1,2.33,3.4,4.85,4.13,2.71,2.99,UI/UX Design & Creative Direction,Client-facing & Communicative,Professional Qualification (CA/CIMA/SLIIT/IESL/Attorney),5,2,Arts
